t,u_model,u_observed,v,V_model,V,dVdt_model,dVdt,noise
0.0,1.0,1.0,0.0,19.739208802178716,19.739208802178716,0.0,0.0,0.0
0.001,0.9999605215823957,0.9999605215823957,-0.039478417604357434,19.7384295602149,19.7384295602149,-0.7792419638157355,-0.7792419638157355,0.0
0.002,0.9998815939406247,0.9998815939406247,-0.07892764177093528,19.737649381381175,19.737649381381175,-0.7801788337253868,-0.7801788337253868,0.0
0.003,0.9997632478050825,0.9997632478050825,-0.11834613554219416,19.736866210472172,19.736866210472172,-0.7831709090027061,-0.7831709090027061,0.0
0.004,0.9996055154408329,0.9996055154408329,-0.15773236424965237,19.736077997156865,19.736077997156865,-0.7882133153067628,-0.7882133153067628,0.0
0.005,0.99940843064526,0.99940843064526,-0.1970847955728698,19.735282696294377,19.735282696294377,-0.7953008624888014,-0.7953008624888014,0.0
0.006,0.9991720287456617,0.9991720287456617,-0.23640189959829785,19.73447826824849,19.73447826824849,-0.8044280458854303,-0.8044280458854303,0.0
0.007,0.9988963465967837,0.9988963465967837,-0.2756821488779933,19.733662679200823,19.733662679200823,-0.8155890476686523,-0.8155890476686523,0.0
0.008,0.9985814225782955,0.9985814225782955,-0.3149240184881935,19.732833901462687,19.732833901462687,-0.8287777381354999,-0.8287777381354999,0.0
0.009000000000000001,0.9982272965922078,0.9982272965922078,-0.35412598608775103,19.73198991378554,19.73198991378554,-0.8439876771468846,-0.8439876771468838,0.0
0.01,0.9978340100602313,0.9978340100602313,-0.39328653197642555,19.731128701669952,19.731128701669952,-0.8612121155877617,-0.8612121155877625,0.0
0.011,0.9974016059210783,0.9974016059210783,-0.43240413915303044,19.73024825767312,19.73024825767312,-0.8804439968308486,-0.8804439968308494,0.0
0.012,0.9969301286277049,0.9969301286277049,-0.47147729337343236,19.729346581714807,19.729346581714807,-0.9016759583140299,-0.9016759583140291,0.0
0.013000000000000001,0.9964196241444965,0.9964196241444965,-0.5105044832084012,19.728421681381693,19.728421681381693,-0.9249003331142092,-0.9249003331142084,0.0
0.014,0.9958701399443952,0.9958701399443952,-0.5494842001013087,19.72747157223013,19.72747157223013,-0.9501091515637938,-0.9501091515637946,0.0
0.015,0.9952817250059696,0.9952817250059696,-0.5884149384256725,19.726494278087152,19.726494278087152,-0.9772941429773141,-0.9772941429773149,0.0
0.016,0.9946544298104271,0.9946544298104271,-0.6272951955425454,19.72548783134982,19.72548783134982,-1.0064467373318564,-1.0064467373318555,0.0
0.017,0.9939883063385693,0.9939883063385693,-0.6661234718577457,19.724450273282745,19.724450273282745,-1.0375580670753948,-1.0375580670753939,0.0
0.018000000000000002,0.9932834080676903,0.9932834080676903,-0.7048982708789273,19.723379654313824,19.723379654313824,-1.0706189689209111,-1.0706189689209102,0.0
0.019,0.9925397899684179,0.9925397899684179,-0.7436180992724877,19.722274034328148,19.722274034328148,-1.105619985676043,-1.1056199856760458,0.0
0.02,0.9917575085014976,0.9917575085014976,-0.7822814669203113,19.721131482959915,19.721131482959915,-1.1425513682326027,-1.1425513682326016,0.0
0.021,0.9909366216145212,0.9909366216145212,-0.8208868869763463,19.71995007988248,19.71995007988248,-1.1814030774353057,-1.1814030774353046,0.0
0.022,0.9900771887385982,0.9900771887385982,-0.859432875923012,19.71872791509638,19.71872791509638,-1.222164786099711,-1.222164786099714,0.0
0.023,0.9891792707849707,0.9891792707849707,-0.8979179536274364,19.717463089215354,19.717463089215354,-1.26482588102661,-1.2648258810266089,0.0
0.024,0.9882429301415732,0.9882429301415732,-0.9363406433975201,19.716153713750227,19.716153713750227,-1.30937546512655,-1.3093754651265488,0.0
0.025,0.9872682306695353,0.9872682306695353,-0.9746994720378247,19.714797911390754,19.714797911390754,-1.3558023594733015,-1.3558023594733004,0.0
0.026000000000000002,0.98625523769963,0.98625523769963,-1.0129929699052853,19.713393816285237,19.713393816285237,-1.4040951055172002,-1.4040951055171988,0.0
0.027,0.9852040180286652,0.9852040180286652,-1.0512196709647423,19.711939574318016,19.711939574318016,-1.4542419672203266,-1.4542419672203304,0.0
0.028,0.9841146399158209,0.9841146399158209,-1.0893781128442936,19.710433343384633,19.710433343384633,-1.5062309333835344,-1.506230933383533,0.0
0.029,0.9829871730789305,0.9829871730789305,-1.1274668368904612,19.708873293664777,19.708873293664777,-1.560049719856238,-1.5600497198562366,0.0
0.03,0.9818216886907073,0.9818216886907073,-1.1654843882231747,19.707257607892924,19.707257607892924,-1.6156857718527817,-1.615685771852786,0.0
0.031,0.9806182593749168,0.9806182593749168,-1.2034293157905656,19.705584481626524,19.705584481626524,-1.67312626640026,-1.6731262664002584,0.0
0.032,0.9793769592024932,0.9793769592024932,-1.2413001724235733,19.703852123511908,19.703852123511908,-1.7323581146158062,-1.7323581146158047,0.0
0.033,0.9780978636876029,0.9780978636876029,-1.2790955148903584,19.702058755547654,19.702058755547654,-1.7933679642538891,-1.7933679642538876,0.0
0.034,0.9767810497836523,0.9767810497836523,-1.3168139039505242,19.70020261334558,19.70020261334558,-1.8561422020724194,-1.8561422020724179,0.0
0.035,0.9754265958792432,0.9754265958792432,-1.3544539044091406,19.698281946389105,19.698281946389105,-1.9206669564759693,-1.9206669564759675,0.0
0.036000000000000004,0.9740345817940727,0.9740345817940727,-1.3920140851705718,19.696295018289156,19.696295018289156,-1.986928099949381,-1.9869280999493792,0.0
0.037,0.9726050887747806,0.9726050887747806,-1.4294930192921045,19.69424010703746,19.69424010703746,-2.0549112516974333,-2.0549112516974457,0.0
0.038,0.9711381994907432,0.9711381994907432,-1.466889284037374,19.692115505257163,19.692115505257163,-2.1246017802951656,-2.1246017802951638,0.0
0.039,0.9696339980298136,0.9696339980298136,-1.504201460929587,19.689919520450886,19.689919520450886,-2.1959848062778065,-2.1959848062778047,0.0
0.04,0.9680925698940092,0.9680925698940092,-1.54142813580454,19.687650475246,19.687650475246,-2.2690452048870213,-2.269045204887019,0.0
0.041,0.9665140019951457,0.9665140019951457,-1.5785678988634282,19.685306707637192,19.685306707637192,-2.343767608806502,-2.3437676088064996,0.0
0.042,0.9648983826504203,0.9648983826504203,-1.615619344725447,19.682886571226316,19.682886571226316,-2.420136410876239,-2.420136410876237,0.0
0.043000000000000003,0.96324580157794,0.96324580157794,-1.6525810724801815,19.68038843545935,19.68038843545935,-2.4981357669666693,-2.498135766966667,0.0
0.044,0.9615563498922003,0.9615563498922003,-1.6894516857397832,19.677810685860653,19.677810685860653,-2.5777495986964993,-2.577749598696515,0.0
0.045,0.9598301200995094,0.9598301200995094,-1.7262297926909314,19.675151724264197,19.675151724264197,-2.6589615964560664,-2.6589615964560642,0.0
0.046,0.9580672060933628,0.9580672060933628,-1.7629140061465767,19.67240996904203,19.67240996904203,-2.7417552221677965,-2.7417552221677943,0.0
0.047,0.9562677031497654,0.9562677031497654,-1.7995029435974679,19.669583855329776,19.669583855329776,-2.8261137122527202,-2.8261137122527176,0.0
0.048,0.954431707922502,0.954431707922502,-1.8359952272634559,19.66667183524913,19.66667183524913,-2.9120200806467267,-2.912020080646724,0.0
0.049,0.9525593184383574,0.9525593184383574,-1.872389484144576,19.66367237812741,19.66367237812741,-2.9994571217208943,-2.9994571217208916,0.0
0.05,0.9506506340922855,0.9506506340922855,-1.9086843460719065,19.66058397071407,19.66058397071407,-3.0884074133368244,-3.088407413336822,0.0
0.051000000000000004,0.9487057556425272,0.9487057556425272,-1.9448784497581986,19.65740511739417,19.65740511739417,-3.1788533199019753,-3.1788533199019726,0.0
0.052000000000000005,0.9467247852056789,0.9467247852056789,-1.980970436848281,19.654134340398727,19.654134340398727,-3.270776995442759,-3.270776995442756,0.0
0.053,0.9447078262517097,0.9447078262517097,-2.0169589539692327,19.650770180012,19.650770180012,-3.3641603867273773,-3.3641603867273977,0.0
0.054,0.9426549835989294,0.9426549835989294,-2.052842652780324,19.64731119477562,19.64731119477562,-3.4589852363779983,-3.458985236377995,0.0
0.055,0.9405663634089066,0.9405663634089066,-2.0886201900227253,19.64375596168956,19.64375596168956,-3.5552330860610937,-3.5552330860610906,0.0
0.056,0.9384420731813377,0.9384420731813377,-2.124290227568978,19.64010307640986,19.64010307640986,-3.652885279699092,-3.6528852796990887,0.0
0.057,0.9362822217488654,0.9362822217488654,-2.1598514324722315,19.636351153443243,19.636351153443243,-3.751922966618082,-3.7519229666180784,0.0
0.058,0.9340869192718502,0.9340869192718502,-2.1953024770152383,19.63249882633834,19.63249882633834,-3.852327104901576,-3.8523271049015726,0.0
0.059000000000000004,0.9318562772330911,0.9318562772330911,-2.2306420387591093,19.62854474787378,19.62854474787378,-3.954078464563082,-3.9540784645630787,0.0
0.06,0.9295904084324992,0.9295904084324992,-2.2658688005918277,19.624487590242847,19.624487590242847,-4.05715763093184,-4.057157630931865,0.0
0.061,0.9272894269817227,0.9272894269817227,-2.3009814507765167,19.620326045234975,19.620326045234975,-4.161545007871581,-4.161545007871577,0.0
0.062,0.9249534482987232,0.9249534482987232,-2.335978682999463,19.616058824413724,19.616058824413724,-4.267220821251527,-4.267220821251524,0.0
0.063,0.9225825891023053,0.9225825891023053,-2.370859196417891,19.61168465929152,19.61168465929152,-4.374165122204232,-4.374165122204229,0.0
0.064,0.9201769674065978,0.9201769674065978,-2.4056216957074885,19.60720230150092,19.60720230150092,-4.482357790600133,-4.48235779060013,0.0
0.065,0.9177367025154881,0.9177367025154881,-2.440264891109682,19.602610522962518,19.602610522962518,-4.591778538401314,-4.59177853840131,0.0
0.066,0.9152619150170095,0.9152619150170095,-2.4747874984786575,19.597908116049375,19.597908116049375,-4.7024069131431645,-4.70240691314316,0.0
0.067,0.9127527267776814,0.9127527267776814,-2.509188239328128,19.593093893748016,19.593093893748016,-4.8142223013591945,-4.81422230135919,0.0
0.068,0.9102092609368035,0.9102092609368035,-2.5434658408778437,19.588166689815907,19.588166689815907,-4.927203932108881,-4.927203932108877,0.0
0.069,0.9076316419007037,0.9076316419007037,-2.5776190360998457,19.583125358935504,19.583125358935504,-5.041330880402484,-5.041330880402479,0.0
0.07,0.9050199953369392,0.9050199953369392,-2.6116465637644604,19.577968776864733,19.577968776864733,-5.15658207077152,-5.156582070771516,0.0
0.07100000000000001,0.9023744481684531,0.9023744481684531,-2.6455471684860306,19.572695840583922,19.572695840583922,-5.272936280810825,-5.27293628081082,0.0
0.07200000000000001,0.8996951285676847,0.8996951285676847,-2.679319600768386,19.56730546843922,19.56730546843922,-5.390372144702837,-5.390372144702833,0.0
0.073,0.8969821659506347,0.8969821659506347,-2.7129626170500494,19.561796600282428,19.561796600282428,-5.508868156791635,-5.508868156791707,0.0
0.074,0.8942356909708855,0.8942356909708855,-2.7464749797491743,19.556168197607214,19.556168197607214,-5.628402675213806,-5.628402675213801,0.0
0.075,0.8914558355135773,0.8914558355135773,-2.7798554573082197,19.550419243681766,19.550419243681766,-5.7489539254476085,-5.748953925447603,0.0
0.076,0.888642732689339,0.888642732689339,-2.8131028242383502,19.544548743677794,19.544548743677794,-5.870500003972268,-5.870500003972262,0.0
0.077,0.8857965168281754,0.8857965168281754,-2.8462158611635706,19.53855572479587,19.53855572479587,-5.993018881923717,-5.993018881923712,0.0
0.078,0.8829173234733109,0.8829173234733109,-2.879193354864584,19.532439236387212,19.532439236387212,-6.116488408657972,-6.1164884086579665,0.0
0.079,0.8800052893749885,0.8800052893749885,-2.9120340983223794,19.526198350071667,19.526198350071667,-6.240886315545424,-6.240886315545419,0.0
0.08,0.8770605524842269,0.8770605524842269,-2.944736890761543,19.519832159852143,19.519832159852143,-6.36619021952356,-6.3661902195235545,0.0
0.081,0.8740832519465336,0.8740832519465336,-2.977300537693291,19.513339782225227,19.513339782225227,-6.492377626916124,-6.492377626916118,0.0
0.082,0.8710735280955754,0.8710735280955754,-3.0097238509582254,19.506720356288227,19.506720356288227,-6.619425937000045,-6.619425937000039,0.0
0.083,0.8680315224468066,0.8680315224468066,-3.0420056487688125,19.499973043842374,19.499973043842374,-6.7473124458530265,-6.74731244585302,0.0
0.084,0.864957377691055,0.864957377691055,-3.0741447557515755,19.49309702949238,19.49309702949238,-6.876014349995074,-6.876014349995068,0.0
0.085,0.8618512376880659,0.8618512376880659,-3.1061400029890067,19.486091520742228,19.486091520742228,-7.005508750150824,-7.005508750150818,0.0
0.08600000000000001,0.8587132474600048,0.8587132474600048,-3.137990228061196,19.47895574808722,19.47895574808722,-7.13577265500831,-7.135772655008304,0.0
0.08700000000000001,0.8555435531849176,0.8555435531849176,-3.1696942750871733,19.471688965102242,19.471688965102242,-7.266782984977738,-7.2667829849777315,0.0
0.088,0.8523423021901516,0.8523423021901516,-3.2012509947659624,19.464290448526302,19.464290448526302,-7.398516575939595,-7.398516575939691,0.0
0.089,0.8491096429457342,0.8491096429457342,-3.2326592444173485,19.45675949834329,19.45675949834329,-7.530950183014085,-7.5309501830140775,0.0
0.09,0.8458457250577118,0.8458457250577118,-3.263917888022355,19.449095437858904,19.449095437858904,-7.664060484383839,-7.664060484383832,0.0
0.091,0.8425506992614484,0.8425506992614484,-3.295025796263428,19.441297613773866,19.441297613773866,-7.797824085038485,-7.797824085038478,0.0
0.092,0.8392247174148841,0.8392247174148841,-3.3259818465643303,19.433365396253276,19.433365396253276,-7.932217520590257,-7.93221752059025,0.0
0.093,0.8358679324917544,0.8358679324917544,-3.356784923129739,19.425298178992197,19.425298178992197,-8.067217261078952,-8.067217261078945,0.0
0.094,0.8324804985747698,0.8324804985747698,-3.3874339169845484,19.417095379277452,19.417095379277452,-8.202799714744913,-8.202799714744906,0.0
0.095,0.8290625708487569,0.8290625708487569,-3.4179277260128775,19.408756438045558,19.408756438045558,-8.338941231894381,-8.338941231894374,0.0
0.096,0.8256143055937601,0.8256143055937601,-3.448265254996778,19.40028081993691,19.40028081993691,-8.475618108647609,-8.475618108647602,0.0
0.097,0.8221358601781055,0.8221358601781055,-3.4784454156546425,19.391668013346077,19.391668013346077,-8.612806590832633,-8.612806590832626,0.0
0.098,0.8186273930514262,0.8186273930514262,-3.5084671266793133,19.382917530468355,19.382917530468355,-8.750482877722732,-8.750482877722725,0.0
0.099,0.8150890637376503,0.8150890637376503,-3.5383293137758884,19.37402890734245,19.37402890734245,-8.888623125905326,-8.888623125905319,0.0
0.1,0.8115210328279511,0.8115210328279511,-3.568030909699225,19.365001703889323,19.365001703889323,-9.02720345312602,-9.027203453126011,0.0
0.101,0.8079234619736599,0.8079234619736599,-3.597570854291137,19.35583550394729,19.35583550394729,-9.16619994203316,-9.16619994203315,0.0
0.10200000000000001,0.8042965138791427,0.8042965138791427,-3.626948094517288,19.346529915303183,19.346529915303183,-9.305588644107132,-9.305588644107123,0.0
0.10300000000000001,0.8006403522946389,0.8006403522946389,-3.6561615845037756,19.337084569719806,19.337084569719806,-9.445345583376508,-9.445345583376499,0.0
0.10400000000000001,0.7969551420090655,0.7969551420090655,-3.6852102855734103,19.327499122959477,19.327499122959477,-9.585446760329575,-9.585446760329566,0.0
0.105,0.7932410488427838,0.7932410488427838,-3.7140931662816827,19.317773254803793,19.317773254803793,-9.72586815568377,-9.725868155683896,0.0
0.106,0.7894982396403314,0.7894982396403314,-3.7428092024524195,19.307906669069588,19.307906669069588,-9.866585734204847,-9.866585734204838,0.0
0.107,0.7857268822631183,0.7857268822631183,-3.771357377213129,19.29789909362102,19.29789909362102,-10.007575448568673,-10.007575448568664,0.0
0.108,0.7819271455820882,0.7819271455820882,-3.7997366810300326,19.287750280377914,19.287750280377914,-10.148813243105792,-10.148813243105783,0.0
0.109,0.7780991994703454,0.7780991994703454,-3.8279461117427847,19.277460005320247,19.277460005320247,-10.290275057666776,-10.290275057666767,0.0
0.11,0.7742432147957465,0.7742432147957465,-3.8559846745988713,19.267028068488848,19.267028068488848,-10.431936831398758,-10.43193683139875,0.0
0.111,0.7703593634134588,0.7703593634134588,-3.8838513822876988,19.256454293982294,19.256454293982294,-10.573774506553946,-10.573774506553937,0.0
0.112,0.7664478181584844,0.7664478181584844,-3.911545254974361,19.24573852995004,19.24573852995004,-10.715764032255493,-10.715764032255484,0.0
0.113,0.7625087528381513,0.7625087528381513,-3.9390653203330883,19.234880648581708,19.234880648581708,-10.85788136833088,-10.85788136833087,0.0
0.114,0.758542342224571,0.758542342224571,-3.9664106135803774,19.223880546092644,19.223880546092644,-11.000102489063579,-11.000102489063568,0.0
0.115,0.7545487620470631,0.7545487620470631,-3.9935801775078,19.212738142705703,19.212738142705703,-11.142403386941169,-11.142403386941158,0.0
0.116,0.7505281889845486,0.7505281889845486,-4.020573062514489,19.201453382629225,19.201453382629225,-11.284760076478051,-11.28476007647804,0.0
0.117,0.7464808006579093,0.7464808006579093,-4.047388326639303,19.1900262340313,19.1900262340313,-11.427148597924486,-11.427148597924475,0.0
0.11800000000000001,0.7424067756223167,0.7424067756223167,-4.074025035592664,19.178456689010286,19.178456689010286,-11.569545021014704,-11.569545021014694,0.0
0.11900000000000001,0.7383062933595287,0.7383062933595287,-4.100482262788071,19.166744763561567,19.166744763561567,-11.711925448718574,-11.711925448718564,0.0
0.12,0.7341795342701554,0.7341795342701554,-4.126759089373292,19.154890497540606,19.154890497540606,-11.85426602096129,-11.854266020961445,0.0
0.121,0.7300266796658942,0.7300266796658942,-4.15285460426122,19.142893954622252,19.142893954622252,-11.996542918353725,-11.996542918353715,0.0
0.122,0.7258479117617338,0.7258479117617338,-4.17876790416041,19.130755222256422,19.130755222256422,-12.138732365830407,-12.138732365830396,0.0
0.123,0.7216434136681286,0.7216434136681286,-4.204498093605278,19.11847441161997,19.11847441161997,-12.280810636450923,-12.280810636450912,0.0
0.124,0.7174133693831426,0.7174133693831426,-4.230044284985979,19.10605165756501,19.10605165756501,-12.42275405495974,-12.422754054959729,0.0
0.125,0.7131579637845646,0.7131579637845646,-4.255405598577946,19.09348711856347,19.09348711856347,-12.56453900154142,-12.564539001541409,0.0
0.126,0.7088773826219935,0.7088773826219935,-4.280581162571102,19.080780976648075,19.080780976648075,-12.706141915394653,-12.706141915394642,0.0
0.127,0.7045718125088948,0.7045718125088948,-4.305570113098737,19.067933437349616,19.067933437349616,-12.847539298459054,-12.847539298459044,0.0
0.128,0.7002414409146287,0.7002414409146287,-4.330371594266053,19.05494472963069,19.05494472963069,-12.988707718925241,-12.98870771892523,0.0
0.129,0.6958864561564503,0.6958864561564503,-4.354984758178372,19.04181510581573,19.04181510581573,-13.129623814961633,-13.12962381496162,0.0
0.13,0.6915070473914813,0.6915070473914813,-4.379408764969008,19.028544841517547,19.028544841517547,-13.2702642981819,-13.270264298181887,0.0
0.131,0.6871034046086545,0.6871034046086545,-4.4036427828268065,19.015134235560225,19.015134235560225,-13.41060595732202,-13.410605957322007,0.0
0.132,0.6826757186206311,0.6826757186206311,-4.427685988023344,19.001583609898496,19.001583609898496,-13.550625661729043,-13.55062566172903,0.0
0.133,0.6782241810556914,0.6782241810556914,-4.451537564939788,18.98789330953356,18.98789330953356,-13.690300364935126,-13.690300364935114,0.0
0.134,0.673748984349598,0.673748984349598,-4.475196706093421,18.974063702425422,18.974063702425422,-13.829607108139186,-13.829607108139173,0.0
0.135,0.6692503217374342,0.6692503217374342,-4.4986626121638205,18.960095179401677,18.960095179401677,-13.968523023745405,-13.968523023745393,0.0
0.136,0.6647283872454155,0.6647283872454155,-4.521934492018707,18.945988154062828,18.945988154062828,-14.107025338848445,-14.107025338848432,0.0
0.137,0.660183375682676,0.660183375682676,-4.545011562739439,18.931743062684184,18.931743062684184,-14.245091378644048,-14.245091378644036,0.0
0.138,0.6556154826330298,0.6556154826330298,-4.567893049646176,18.91736036411426,18.91736036411426,-14.382698569924912,-14.3826985699249,0.0
0.139,0.6510249044467071,0.6510249044467071,-4.590578186322692,18.90284053966979,18.90284053966979,-14.519824444469975,-14.519824444469963,0.0
0.14,0.6464118382320663,0.6464118382320663,-4.613066214640851,18.888184093027327,18.888184093027327,-14.656446642462129,-14.656446642462116,0.0
0.14100000000000001,0.6417764818472815,0.6417764818472815,-4.635356384784728,18.87339155011147,18.87339155011147,-14.792542915856188,-14.792542915856176,0.0
0.14200000000000002,0.6371190338920071,0.6371190338920071,-4.657447955274401,18.85846345897974,18.85846345897974,-14.928091131729104,-14.928091131729092,0.0
0.14300000000000002,0.6324396936990176,0.6324396936990176,-4.6793401929893825,18.843400389704122,18.843400389704122,-15.063069275619512,-15.063069275619497,0.0
0.14400000000000002,0.6277386613258259,0.6277386613258259,-4.701032373191712,18.82820293424931,18.82820293424931,-15.19745545481399,-15.197455454813976,0.0
0.145,0.6230161375462772,0.6230161375462772,-4.722523779548699,18.8128717063476,18.8128717063476,-15.331227901707933,-15.331227901708345,0.0
0.146,0.6182723238421218,0.6182723238421218,-4.743813704155321,18.797407341370647,18.797407341370647,-15.464364976953249,-15.464364976953235,0.0
0.147,0.6135074223945656,0.6135074223945656,-4.764901447556268,18.781810496197874,18.781810496197874,-15.596845172773044,-15.59684517277303,0.0
0.148,0.6087216360757979,0.6087216360757979,-4.785786318767644,18.766081849081726,18.766081849081726,-15.728647116148409,-15.728647116148395,0.0
0.149,0.6039151684404995,0.6039151684404995,-4.806467635298315,18.75022209950971,18.75022209950971,-15.859749572015858,-15.859749572015843,0.0
0.15,0.5990882237173286,0.5990882237173286,-4.826944723170906,18.73423196806332,18.73423196806332,-15.990131446390166,-15.990131446390151,0.0
0.151,0.5942410068003862,0.5942410068003862,-4.847216916942452,18.718112196273776,18.718112196273776,-16.119771789544046,-16.119771789544032,0.0
0.152,0.5893737232406615,0.5893737232406615,-4.867283559724692,18.701863546474705,18.701863546474705,-16.24864979907059,-16.248649799070577,0.0
0.153,0.5844865792374575,0.5844865792374575,-4.887144003204014,18.685486801651706,18.685486801651706,-16.376744822999,-16.376744822998987,0.0
0.154,0.5795797816297965,0.5795797816297965,-4.9067976076610496,18.668982765288906,18.668982765288906,-16.50403636280018,-16.504036362800164,0.0
0.155,0.5746535378878066,0.5746535378878066,-4.92624374198991,18.652352261212464,18.652352261212464,-16.630504076442065,-16.63050407644205,0.0
0.156,0.5697080561040895,0.5697080561040895,-4.9454817837170735,18.635596133431093,18.635596133431093,-16.756127781370367,-16.756127781370353,0.0
0.157,0.5647435449850695,0.5647435449850695,-4.964511119019916,18.618715245973632,18.618715245973632,-16.880887457460858,-16.880887457460844,0.0
0.158,0.5597602138423247,0.5597602138423247,-4.983331142744888,18.601710482723657,18.601710482723657,-17.00476324997524,-17.004763249975227,0.0
0.159,0.5547582725838993,0.5547582725838993,-5.0019412584253375,18.58458274725123,18.58458274725123,-17.127735472428185,-17.12773547242817,0.0
0.16,0.5497379317056004,0.5497379317056004,-5.020340878298979,18.567332962641736,18.567332962641736,-17.249784609493446,-17.24978460949343,0.0
0.161,0.5446994022822753,0.5446994022822753,-5.0385294233249995,18.549962071321907,18.549962071321907,-17.370891319828274,-17.37089131982826,0.0
0.162,0.5396428959590744,0.5396428959590744,-5.056506323200815,18.532471034883027,18.532471034883027,-17.49103643888006,-17.491036438880045,0.0
0.163,0.534568624942696,0.534568624942696,-5.074271016378471,18.514860833901373,18.514860833901373,-17.61020098165389,-17.610200981653875,0.0
0.164,0.5294768019926153,0.5294768019926153,-5.091822950080681,18.497132467755875,18.497132467755875,-17.728366145497887,-17.728366145497873,0.0
0.165,0.5243676404122988,0.5243676404122988,-5.109161580316509,18.479286954443104,18.479286954443104,-17.84551331277129,-17.845513312771274,0.0
0.166,0.5192413540404021,0.5192413540404021,-5.126286371896696,18.46132533038956,18.46132533038956,-17.96162405354451,-17.961624053544497,0.0
0.167,0.5140981572419534,0.5140981572419534,-5.143196798448628,18.443248650261324,18.443248650261324,-18.076680128235267,-18.07668012823525,0.0
0.168,0.5089382648995224,0.5089382648995224,-5.159892342430942,18.425057986771073,18.425057986771073,-18.19066349025178,-18.19066349025176,0.0
0.169,0.5037618924043746,0.5037618924043746,-5.176372495147781,18.40675443048257,18.40675443048257,-18.303556288501,-18.30355628850098,0.0
0.17,0.49856925564761195,0.49856925564761195,-5.192636756762679,18.38833908961256,18.38833908961256,-18.41534087001051,-18.415340870010493,0.0
0.171,0.4933605710112999,0.4933605710112999,-5.208684636312095,18.36981308983015,18.36981308983015,-18.525999782411873,-18.525999782411855,0.0
0.17200000000000001,0.48813605535958127,0.48813605535958127,-5.224515651718585,18.35117757405378,18.35117757405378,-18.63551577637068,-18.635515776370664,0.0
0.17300000000000001,0.48289592602977766,0.48289592602977766,-5.240129329803612,18.332433702245687,18.332433702245687,-18.743871808091228,-18.74387180809121,0.0
0.17400000000000002,0.47764040082347764,0.47764040082347764,-5.255525206299995,18.313582651204015,18.313582651204015,-18.85105104167195,-18.851051041671933,0.0
0.17500000000000002,0.47236969799761364,0.47236969799761364,-5.270702825864007,18.29462561435253,18.29462561435253,-18.957036851485753,-18.957036851485736,0.0
0.176,0.4670840362555265,0.4670840362555265,-5.285661742087097,18.275563801528005,18.275563801528005,-19.061812824524793,-19.061812824525305,0.0
0.177,0.46178363473801926,0.46178363473801926,-5.30040151750726,18.25639843876533,18.25639843876533,-19.16536276267422,-19.165362762674203,0.0
0.178,0.45646871301439923,0.45646871301439923,-5.314921723620051,18.237130768080373,18.237130768080373,-19.267670684957494,-19.267670684957476,0.0
0.179,0.45113949107351003,0.45113949107351003,-5.329221940889223,18.21776204725058,18.21776204725058,-19.368720829792352,-19.368720829792334,0.0
0.18,0.445796189314753,0.445796189314753,-5.3433017587570175,18.198293549593448,18.198293549593448,-19.4684976571331,-19.46849765713308,0.0
0.181,0.44043902853909894,0.44043902853909894,-5.357160775654086,18.178726563742813,18.178726563742813,-19.56698585063421,-19.566985850634193,0.0
0.182,0.43506822994008987,0.43506822994008987,-5.370798599009053,18.15906239342307,18.15906239342307,-19.66417031974288,-19.664170319742862,0.0
0.183,0.4296840150948322,0.4296840150948322,-5.38421484525771,18.139302357221286,18.139302357221286,-19.76003620178446,-19.76003620178444,0.0
0.184,0.4242866059549803,0.4242866059549803,-5.39740913985186,18.119447788357313,18.119447788357313,-19.8545688639733,-19.85456886397328,0.0
0.185,0.41887622483771253,0.41887622483771253,-5.41038111726779,18.099500034451946,18.099500034451946,-19.94775390536674,-19.94775390536672,0.0
0.186,0.41345309441669814,0.41345309441669814,-5.423130421014383,18.079460457293038,18.079460457293038,-20.039577158907917,-20.0395771589079,0.0
0.187,0.40801743771305726,0.40801743771305726,-5.435656703640869,18.059330432599815,18.059330432599815,-20.130024693223447,-20.13002469322343,0.0
0.188,0.40256947808631305,0.40256947808631305,-5.4479596267442165,18.039111349785244,18.039111349785244,-20.2190828145703,-20.21908281457028,0.0
0.189,0.39710943922533687,0.39710943922533687,-5.460038860976155,18.018804611716618,18.018804611716618,-20.306738068626373,-20.306738068626355,0.0
0.19,0.391637545139287,0.391637545139287,-5.471894086049842,17.998411634474316,17.998411634474316,-20.39297724230238,-20.39297724230236,0.0
0.191,0.38615402014854083,0.38615402014854083,-5.483524990746161,17.97793384710886,17.97793384710886,-20.477787365454247,-20.47778736545423,0.0
0.192,0.38065908887562117,0.38065908887562117,-5.494931272919664,17.957372691396234,17.957372691396234,-20.56115571262751,-20.561155712627492,0.0
0.193,0.37515297623611704,0.37515297623611704,-5.506112639504146,17.936729621591518,17.936729621591518,-20.64306980471642,-20.6430698047164,0.0
0.194,0.3696359074295992,0.3696359074295992,-5.517068806517861,17.91600610418096,17.91600610418096,-20.72351741055911,-20.723517410559094,0.0
0.195,0.36410810793053083,0.36410810793053083,-5.52779949906837,17.895203617632404,17.895203617632404,-20.8024865485541,-20.802486548554082,0.0
0.196,0.3585698034791738,0.3585698034791738,-5.538304451357035,17.874323652144223,17.874323652144223,-20.87996548818083,-20.87996548818081,0.0
0.197,0.35302122007249065,0.35302122007249065,-5.548583406683148,17.853367709392703,17.853367709392703,-20.95594275152024,-20.955942751520222,0.0
0.198,0.347462583955043,0.347462583955043,-5.5586361174476915,17.832337302278027,17.832337302278027,-21.030407114675853,-21.030407114675835,0.0
0.199,0.34189412160988625,0.34189412160988625,-5.568462345156744,17.81123395466878,17.81123395466878,-21.103347609248146,-21.10334760924813,0.0
0.2,0.3363160597494617,0.3363160597494617,-5.5780618604245245,17.790059201145144,17.790059201145144,-21.17475352363485,-21.17475352363483,0.0
0.201,0.33072862530648567,0.33072862530648567,-5.587434442976068,17.76881458674071,17.76881458674071,-21.24461440443426,-21.24461440443424,0.0
0.202,0.3251320454248361,0.3251320454248361,-5.596579881649549,17.747501666683036,17.747501666683036,-21.31292005767449,-21.31292005767447,0.0
0.203,0.31952654745043785,0.31952654745043785,-5.605497974398235,17.726122006132947,17.726122006132947,-21.379660550088886,-21.379660550088868,0.0
0.20400000000000001,0.31391235892214575,0.31391235892214575,-5.6141885282920825,17.704677179922626,17.704677179922626,-21.4448262103204,-21.444826210320382,0.0
0.20500000000000002,0.3082897075626268,0.3082897075626268,-5.622651359518976,17.683168772292564,17.683168772292564,-21.50840763006201,-21.508407630061992,0.0
0.20600000000000002,0.3026588212692412,0.3026588212692412,-5.630886293385595,17.66159837662736,17.66159837662736,-21.570395665204245,-21.570395665204227,0.0
0.20700000000000002,0.2970199281049233,0.2970199281049233,-5.638893164317935,17.63996759519049,17.63996759519049,-21.63078143686903,-21.63078143686901,0.0
0.20800000000000002,0.2913732562890618,0.2913732562890618,-5.646671815861454,17.618278038858026,17.618278038858026,-21.689556332464832,-21.689556332464814,0.0
0.209,0.2857190341883809,0.2857190341883809,-5.654222100680872,17.59653132685136,17.59653132685136,-21.746712006667224,-21.746712006667806,0.0
0.21,0.2800574903078213,0.2800574903078213,-5.661543880559599,17.574729086468995,17.574729086468995,-21.80224038236389,-21.802240382363873,0.0
0.211,0.2743888532814225,0.2743888532814225,-5.668637026398807,17.552872952817438,17.552872952817438,-21.85613365155703,-21.856133651557013,0.0
0.212,0.26871335186320633,0.26871335186320633,-5.675501418216153,17.53096456854124,17.53096456854124,-21.908384276198234,-21.908384276198216,0.0
0.213,0.2630312149180622,0.2630312149180622,-5.682136945144124,17.509005583552216,17.509005583552216,-21.958984989023378,-21.95898498902336,0.0
0.214,0.25734267141263417,0.25734267141263417,-5.68854350542804,17.486997654757907,17.486997654757907,-22.00792879430935,-22.00792879430933,0.0
0.215,0.25164795040621046,0.25164795040621046,-5.6947210064236895,17.464942445789298,17.464942445789298,-22.055208968609463,-22.055208968609442,0.0
0.216,0.24594728104161584,0.24594728104161584,-5.70066936459461,17.44284162672789,17.44284162672789,-22.10081906140715,-22.10081906140713,0.0
0.217,0.24024089253610684,0.24024089253610684,-5.706388505509011,17.420696873832117,17.420696873832117,-22.144752895773223,-22.144752895773202,0.0
0.218,0.2345290141722705,0.2345290141722705,-5.711878363836338,17.398509869263144,17.398509869263144,-22.18700456897338,-22.187004568973357,0.0
0.219,0.22881187528892702,0.22881187528892702,-5.717138883343484,17.3762823008102,17.3762823008102,-22.22756845294427,-22.227568452944247,0.0
0.22,0.2230897052720364,0.2230897052720364,-5.722170016890636,17.354015861615295,17.354015861615295,-22.266439194904564,-22.266439194904542,0.0
0.221,0.21736273354560962,0.21736273354560962,-5.7269717264267745,17.331712249897578,17.331712249897578,-22.30361171771733,-22.30361171771731,0.0
0.222,0.2116311895626248,0.2116311895626248,-5.731543982984814,17.30937316867722,17.30937316867722,-22.33908122035899,-22.33908122035897,0.0
0.223,0.20589530279594842,0.20589530279594842,-5.735886766676384,17.287000325498944,17.287000325498944,-22.372843178274593,-22.37284317827457,0.0
0.224,0.20015530272926216,0.20015530272926216,-5.740000066686265,17.26459543215524,17.26459543215524,-22.404893343704657,-22.404893343704636,0.0
0.225,0.1944114188479957,0.1944114188479957,-5.7438838812664565,17.242160204409277,17.242160204409277,-22.435227745962294,-22.435227745962273,0.0
0.226,0.1886638806302658,0.1886638806302658,-5.747538217729907,17.219696361717588,17.219696361717588,-22.463842691688996,-22.463842691688974,0.0
0.227,0.1829129175378219,0.1829129175378219,-5.750963092443876,17.19720562695257,17.19720562695257,-22.49073476501806,-22.49073476501804,0.0
0.228,0.17715875900699896,0.17715875900699896,-5.754158530822955,17.17468972612479,17.17468972612479,-22.515900827780655,-22.515900827780634,0.0
0.229,0.17140163443967724,0.17140163443967724,-5.757124567321727,17.152150388105262,17.152150388105262,-22.539338019527122,-22.5393380195271,0.0
0.23,0.16564177319425016,0.16564177319425016,-5.75986124542708,17.129589344347593,17.129589344347593,-22.561043757669097,-22.561043757669076,0.0
0.231,0.1598794045766,0.1598794045766,-5.7623686176501705,17.107008328610128,17.107008328610128,-22.581015737465293,-22.581015737465272,0.0
0.232,0.15411475783108197,0.15411475783108197,-5.764646745518027,17.084409076678142,17.084409076678142,-22.599251931985975,-22.599251931985954,0.0
0.233,0.14834806213151716,0.14834806213151716,-5.766695699564814,17.06179332608608,17.06179332608608,-22.615750592063222,-22.6157505920632,0.0
0.234,0.1425795465721944,0.1425795465721944,-5.768515559322744,17.039162815839926,17.039162815839926,-22.63051024615237,-22.630510246152348,0.0
0.23500000000000001,0.13680944015888177,0.13680944015888177,-5.770106413312636,17.01651928613971,17.01651928613971,-22.64352970021477,-22.64352970021475,0.0
0.23600000000000002,0.13103797179984764,0.13103797179984764,-5.771468359034127,16.993864478102235,16.993864478102235,-22.654808037476215,-22.654808037476194,0.0
0.23700000000000002,0.12526537029689208,0.12526537029689208,-5.7726015029555455,16.971200133484025,16.971200133484025,-22.664344618210208,-22.664344618210187,0.0
0.23800000000000002,0.11949186433638866,0.11949186433638866,-5.773505960503422,16.948527994404596,16.948527994404596,-22.672139079428888,-22.672139079428867,0.0
0.23900000000000002,0.11371768248033699,0.11371768248033699,-5.774181856051665,16.925849803070022,16.925849803070022,-22.67819133457394,-22.678191334573917,0.0
0.24,0.10794305315742661,0.10794305315742661,-5.774629322910387,16.903167301496882,16.903167301496882,-22.68250157314,-22.682501573140613,0.0
0.241,0.10216820465411222,0.10216820465411222,-5.774848503314388,16.880482231236638,16.880482231236638,-22.6850702602448,-22.68507026024478,0.0
0.242,0.09639336510570093,0.09639336510570093,-5.774839548411291,16.85779633310048,16.85779633310048,-22.685898136156624,-22.685898136156602,0.0
0.243,0.0906187624874516,0.0906187624874516,-5.774602618249335,16.83511134688463,16.83511134688463,-22.684986215850245,-22.684986215850223,0.0
0.244,0.08484462460568677,0.08484462460568677,-5.774137881764831,16.81242901109625,16.81242901109625,-22.682335788381636,-22.682335788381614,0.0
0.245,0.0790711790889175,0.0790711790889175,-5.7734455167692635,16.789751062679876,16.789751062679876,-22.67794841637283,-22.677948416372807,0.0
0.246,0.07329865337898143,0.07329865337898143,-5.772525709936066,16.76707923674455,16.76707923674455,-22.67182593532624,-22.67182593532622,0.0
0.247,0.06752727472219439,0.06752727472219439,-5.771378656787044,16.744415266291558,16.744415266291558,-22.663970452992288,-22.663970452992267,0.0
0.248,0.06175727016051592,0.06175727016051592,-5.770004561678459,16.721760881942924,16.721760881942924,-22.654384348633982,-22.65438434863396,0.0
0.249,0.055988866522729136,0.055988866522729136,-5.768403637786786,16.699117811670664,16.699117811670664,-22.643070272259536,-22.643070272259514,0.0
0.25,0.05022229041563502,0.05022229041563502,-5.766576107094115,16.67648778052679,16.67648778052679,-22.630031143872742,-22.63003114387272,0.0
0.251,0.044457768215261796,0.044457768215261796,-5.764522200373224,16.653872510374224,16.653872510374224,-22.615270152567035,-22.615270152567014,0.0
0.252,0.03869552605808947,0.03869552605808947,-5.762242157172323,16.63127371961852,16.63127371961852,-22.59879075570481,-22.59879075570479,0.0
0.253,0.03293578983229003,0.03293578983229003,-5.759736225799443,16.60869312294056,16.60869312294056,-22.580596677958198,-22.580596677958177,0.0
0.254,0.027178785168983515,0.027178785168983515,-5.757004663306512,16.586132431030208,16.586132431030208,-22.56069191035337,-22.56069191035335,0.0
0.255,0.021424737433510435,0.021424737433510435,-5.754047735473078,16.563593350320932,16.563593350320932,-22.539080709275794,-22.539080709275773,0.0
0.256,0.015673871716720723,0.015673871716720723,-5.75086571678971,16.541077582725496,16.541077582725496,-22.515767595436387,-22.515767595436365,0.0
0.257,0.009926412826279655,0.009926412826279655,-5.7474588904410675,16.518586825372747,16.518586825372747,-22.490757352748858,-22.490757352748837,0.0
0.258,0.004182585277991027,0.004182585277991027,-5.743827548288628,16.496122770345504,16.496122770345504,-22.46405502724258,-22.46405502724256,0.0
0.259,-0.0015573867128620706,-0.0015573867128620706,-5.739971990853097,16.47368710441961,16.47368710441961,-22.435665925893744,-22.435665925893723,0.0
0.26,-0.007293279240158549,-0.007293279240158549,-5.735892527296478,16.451281508804218,16.451281508804218,-22.40559561539257,-22.40559561539255,0.0
0.261,-0.013024868715562372,-0.013024868715562372,-5.731589475403823,16.428907658883272,16.428907658883272,-22.373849920946043,-22.37384992094602,0.0
0.262,-0.018751931877127016,-0.018751931877127016,-5.727063161564645,16.406567223958323,16.406567223958323,-22.340434924949193,-22.34043492494917,0.0
0.263,-0.02447424579788103,-0.02447424579788103,-5.722313920754016,16.384261866992624,16.384261866992624,-22.30535696569902,-22.305356965698998,0.0
0.264,-0.03019158789439436,-0.03019158789439436,-5.7173420965133275,16.361993244356594,16.361993244356594,-22.268622636030244,-22.268622636030223,0.0
0.265,-0.035903735935325094,-0.035903735935325094,-5.712148040930734,16.339763005574707,16.339763005574707,-22.230238781887124,-22.230238781887103,0.0
0.266,-0.041610468049946364,-0.041610468049946364,-5.706732114621271,16.317572793073772,16.317572793073772,-22.190212500934337,-22.190212500934315,0.0
0.267,-0.04731156273665301,-0.04731156273665301,-5.701094686706647,16.295424241932714,16.295424241932714,-22.148551141057737,-22.148551141057716,0.0
0.268,-0.053006798871447734,-0.053006798871447734,-5.695236134794721,16.273318979633885,16.273318979633885,-22.105262298829587,-22.105262298829565,0.0
0.269,-0.05869595571640638,-0.05869595571640638,-5.689156844958648,16.251258625815847,16.251258625815847,-22.060353818037726,-22.060353818037704,0.0
0.27,-0.0643788129281221,-0.0643788129281221,-5.682857211715717,16.229244792027846,16.229244792027846,-22.01383378800159,-22.01383378800157,0.0
0.271,-0.07005515056612796,-0.07005515056612796,-5.676337638005867,16.20727908148582,16.20727908148582,-21.965710542026784,-21.965710542026766,0.0
0.272,-0.07572474910129784,-0.07572474910129784,-5.669598535169877,16.185363088830105,16.185363088830105,-21.91599265571398,-21.91599265571396,0.0
0.273,-0.08138738942422509,-0.08138738942422509,-5.662640322927252,16.163498399884826,16.163498399884826,-21.864688945278488,-21.86468894527847,0.0
0.274,-0.08704285285357888,-0.08704285285357888,-5.655463429353785,16.14168659141903,16.14168659141903,-21.811808465795224,-21.811808465795206,0.0
0.275,-0.0926909211444377,-0.0926909211444377,-5.6480682908588085,16.11992923090955,16.11992923090955,-21.757360509482737,-21.75736050948272,0.0
0.276,-0.09833137649659983,-0.09833137649659983,-5.640455352162134,16.098227876305696,16.098227876305696,-21.701354603852252,-21.701354603852234,0.0
0.277,-0.1039640015628705,-0.1039640015628705,-5.632625066270677,16.076584075795786,16.076584075795786,-21.643800509909994,-21.643800509909976,0.0
0.278,-0.10958857945732527,-0.10958857945732527,-5.624577894454768,16.054999367575512,16.054999367575512,-21.58470822027425,-21.584708220274234,0.0
0.279,-0.11520489376354943,-0.11520489376354943,-5.616314306224165,16.03347527961824,16.03347527961824,-21.52408795727112,-21.524087957271103,0.0
0.28,-0.12081272854285319,-0.12081272854285319,-5.6078347793037455,16.012013329447246,16.012013329447246,-21.461950170994726,-21.461950170994708,0.0
0.281,-0.1264118683424621,-0.1264118683424621,-5.5991397996088965,15.990615023909882,15.990615023909882,-21.398305537363882,-21.398305537363864,0.0
0.28200000000000003,-0.1320020982036827,-0.1320020982036827,-5.5902298612206,15.969281858953785,15.969281858953785,-21.33316495609705,-21.333164956097033,0.0
0.28300000000000003,-0.1375832036700429,-0.1375832036700429,-5.581105466360209,15.948015319405114,15.948015319405114,-21.266539548671304,-21.266539548671286,0.0
0.28400000000000003,-0.14315497079540682,-0.14315497079540682,-5.571767125363926,15.926816878748836,15.926816878748836,-21.19844065627774,-21.19844065627772,0.0
0.28500000000000003,-0.14871718615206378,-0.14871718615206378,-5.562215356656971,15.905687998911125,15.905687998911125,-21.128879837711168,-21.12887983771115,0.0
0.28600000000000003,-0.15426963683879125,-0.15426963683879125,-5.552450686727455,15.884630130043881,15.884630130043881,-21.057868867243812,-21.057868867243794,0.0
0.28700000000000003,-0.15981211048889118,-0.15981211048889118,-5.542473650099951,15.863644710311423,15.863644710311423,-20.985419732458155,-20.985419732458137,0.0
0.28800000000000003,-0.16534439527819994,-0.16534439527819994,-5.5322847893087665,15.842733165679359,15.842733165679359,-20.911544632063794,-20.911544632063777,0.0
0.289,-0.17086627993307085,-0.17086627993307085,-5.5218846548709175,15.82189690970569,15.82189690970569,-20.836255973669893,-20.83625597367103,0.0
0.29,-0.17637755373832967,-0.17637755373832967,-5.511273805258807,15.80113734333416,15.80113734333416,-20.759566371529203,-20.759566371529186,0.0
0.291,-0.18187800654520228,-0.18187800654520228,-5.50045280687261,15.780455854689876,15.780455854689876,-20.681488644283874,-20.681488644283856,0.0
0.292,-0.18736742877921464,-0.18736742877921464,-5.489422234012359,15.759853818877257,15.759853818877257,-20.60203581261888,-20.602035812618862,0.0
0.293,-0.1928456114480644,-0.1928456114480644,-5.47818266884975,15.739332597780322,15.739332597780322,-20.521221096934994,-20.521221096934976,0.0
0.294,-0.19831234614946402,-0.19831234614946402,-5.466734701399641,15.718893539865329,15.718893539865329,-20.43905791499334,-20.439057914993324,0.0
0.295,-0.2037674250789553,-0.2037674250789553,-5.455078929491273,15.698537979985801,15.698537979985801,-20.355559879527974,-20.355559879527956,0.0
0.296,-0.2092106410376945,-0.2092106410376945,-5.443215958739197,15.678267239190026,15.678267239190026,-20.270740795774955,-20.270740795774937,0.0
0.297,-0.2146417874402084,-0.2146417874402084,-5.431146402513918,15.658082624530948,15.658082624530948,-20.184614659077837,-20.18461465907782,0.0
0.298,-0.22006065832212066,-0.22006065832212066,-5.418870881912248,15.637985428878551,15.637985428878551,-20.097195652397204,-20.097195652397186,0.0
0.299,-0.22546704834784803,-0.22546704834784803,-5.406390025727379,15.617976930734757,15.617976930734757,-20.008498143793574,-20.008498143793556,0.0
0.3,-0.2308607528182667,-0.2308607528182667,-5.393704470418672,15.598058394050858,15.598058394050858,-19.918536683899646,-19.918536683899628,0.0
0.301,-0.23624156767834786,-0.23624156767834786,-5.380814860081163,15.578231068047472,15.578231068047472,-19.827326003385437,-19.82732600338542,0.0
0.302,-0.24160928952476265,-0.24160928952476265,-5.367721846414792,15.558496187037097,15.558496187037097,-19.73488101037546,-19.734881010375442,0.0
0.303,-0.246963715613456,-0.246963715613456,-5.354426088693351,15.538854970249263,15.538854970249263,-19.641216787833926,-19.64121678783391,0.0
0.304,-0.25230464386718915,-0.25230464386718915,-5.3409282537331535,15.519308621658324,15.519308621658324,-19.54634859093929,-19.54634859093927,0.0
0.305,-0.25763187288305056,-0.25763187288305056,-5.327229015861433,15.499858329813865,15.499858329813865,-19.45029184445879,-19.45029184445877,0.0
0.306,-0.26294520193993504,-0.26294520193993504,-5.31332905688446,15.480505267673813,15.480505267673813,-19.353062140051946,-19.35306214005193,0.0
0.307,-0.26824443100599044,-0.26824443100599044,-5.2992290660553945,15.461250592440242,15.461250592440242,-19.254675233570495,-19.254675233570477,0.0
0.308,-0.2735293607460323,-0.2735293607460323,-5.284929740041858,15.442095445397872,15.442095445397872,-19.155147042370757,-19.15514704237074,0.0
0.309,-0.27879979252892556,-0.27879979252892556,-5.270431782893244,15.423040951755336,15.423040951755336,-19.05449364253542,-19.0544936425354,0.0
0.31,-0.2840555284349333,-0.2840555284349333,-5.255735906007754,15.404088220489188,15.404088220489188,-18.952731266148604,-18.952731266148586,0.0
0.311,-0.2892963712630325,-0.2892963712630325,-5.240842828099168,15.385238344190695,15.385238344190695,-18.849876298492774,-18.849876298492756,0.0
0.312,-0.2945221245381958,-0.2945221245381958,-5.225753275163351,15.366492398915442,15.366492398915442,-18.74594527525275,-18.745945275252733,0.0
0.313,-0.2997325925186403,-0.2997325925186403,-5.210467980444495,15.347851444035745,15.347851444035745,-18.640954879696636,-18.64095487969662,0.0
0.314,-0.3049275802030414,-0.3049275802030414,-5.194987684401096,15.329316522095912,15.329316522095912,-18.534921939833637,-18.53492193983362,0.0
0.315,-0.3101068933377131,-0.3101068933377131,-5.179313134671673,15.310888658670358,15.310888658670358,-18.427863425554136,-18.42786342555412,0.0
0.316,-0.3152703384237533,-0.3152703384237533,-5.163445086040227,15.292568862224607,15.292568862224607,-18.319796445750214,-18.319796445750196,0.0
0.317,-0.32041772272415475,-0.32041772272415475,-5.147384300401439,15.274358123979184,15.274358123979184,-18.21073824542374,-18.210738245423723,0.0
0.318,-0.3255488542708804,-0.3255488542708804,-5.131131546725616,15.256257417776409,15.256257417776409,-18.10070620277493,-18.100706202774912,0.0
0.319,-0.3306635418719038,-0.3306635418719038,-5.114687601023382,15.238267699950159,15.238267699950159,-17.98971782625003,-17.989717826250015,0.0
0.32,-0.3357615951182139,-0.3357615951182139,-5.098053246310111,15.220389909198518,15.220389909198518,-17.877790751640532,-17.877790751640518,0.0
0.321,-0.340842824390784,-0.340842824390784,-5.081229272570112,15.202624966459442,15.202624966459442,-17.764942739075806,-17.764942739075792,0.0
0.322,-0.34590704086750457,-0.34590704086750457,-5.064216476720564,15.184973774789388,15.184973774789388,-17.6511916700548,-17.651191670054786,0.0
0.323,-0.35095405653007977,-0.35095405653007977,-5.047015662575205,15.16743721924492,15.16743721924492,-17.53655554446709,-17.536555544467078,0.0
0.324,-0.35598368417088755,-0.35598368417088755,-5.029627640807765,15.15001616676733,15.15001616676733,-17.421052477590848,-17.421052477590834,0.0
0.325,-0.36099573739980273,-0.36099573739980273,-5.012053228915163,15.132711466070294,15.132711466070294,-17.304700697035713,-17.3047006970357,0.0
0.326,-0.3659900306509832,-0.3659900306509832,-4.99429325118046,15.115523947530551,15.115523947530551,-17.18751853974254,-17.187518539742527,0.0
0.327,-0.3709663791896187,-0.3709663791896187,-4.976348538635563,15.098454423081629,15.098454423081629,-17.069524448922735,-17.06952444892272,0.0
0.328,-0.3759245991186424,-0.3759245991186424,-4.958219929023693,15.08150368611064,15.08150368611064,-16.9507369709887,-16.950736970988686,0.0
0.329,-0.380864507385404,-0.380864507385404,-4.93990826676162,15.064672511358136,15.064672511358136,-16.83117475250384,-16.831174752503827,0.0
0.33,-0.3857859217883057,-0.3857859217883057,-4.9214144029016476,15.047961654821071,15.047961654821071,-16.710856537065055,-16.71085653706504,0.0
0.331,-0.39068866098339905,-0.39068866098339905,-4.902739195093376,15.031371853658825,15.031371853658825,-16.58980116224562,-16.589801162245607,0.0
0.332,-0.39557254449094426,-0.39557254449094426,-4.88388350754522,15.014903826102362,15.014903826102362,-16.468027556463483,-16.46802755646347,0.0
0.333,-0.40043739270192996,-0.40043739270192996,-4.8648482109857065,14.998558271366495,14.998558271366495,-16.345554735867296,-16.34555473586728,0.0
0.334,-0.4052830268845545,-0.4052830268845545,-4.845634182624529,14.982335869565272,14.982335869565272,-16.222401801222475,-16.22240180122246,0.0
0.335,-0.41010926919066787,-0.41010926919066787,-4.826242306113386,14.966237281630502,14.966237281630502,-16.098587934770592,-16.098587934770578,0.0
0.336,-0.41491594266217446,-0.41491594266217446,-4.8066734715065795,14.950263149233415,14.950263149233415,-15.974132397087004,-15.97413239708699,0.0
0.337,-0.41970287123739586,-0.41970287123739586,-4.786928575221402,14.934414094709487,14.934414094709487,-15.849054523927819,-15.849054523927805,0.0
0.338,-0.42446987975739414,-0.42446987975739414,-4.767008519998289,14.918690720986408,14.918690720986408,-15.723373723078637,-15.723373723078623,0.0
0.339,-0.4292167939722549,-0.4292167939722549,-4.746914214860756,14.903093611515233,14.903093611515233,-15.597109471174875,-15.59710947117486,0.0
0.34,-0.43394344054733,-0.43394344054733,-4.726646575075113,14.887623330204674,14.887623330204674,-15.470281310559386,-15.470281310559372,0.0
0.341,-0.43864964706943993,-0.43864964706943993,-4.706206522109961,14.872280421358605,14.872280421358605,-15.342908846069037,-15.342908846069022,0.0
0.342,-0.4433352420530354,-0.4433352420530354,-4.685594983595473,14.857065409616727,14.857065409616727,-15.215011741878115,-15.2150117418781,0.0
0.343,-0.4480000549463179,-0.4480000549463179,-4.664812893282457,14.841978799898431,14.841978799898431,-15.086609718295563,-15.086609718295549,0.0
0.34400000000000003,-0.45264391613731914,-0.45264391613731914,-4.643861191001214,14.827021077349848,14.827021077349848,-14.957722548583519,-14.957722548583506,0.0
0.34500000000000003,-0.4572666569599393,-0.4572666569599393,-4.622740822620172,14.812192707294088,14.812192707294088,-14.828370055759876,-14.828370055759864,0.0
0.34600000000000003,-0.46186810969994363,-0.46186810969994363,-4.6014527400043255,14.797494135184703,14.797494135184703,-14.698572109384855,-14.698572109384843,0.0
0.34700000000000003,-0.4664481076009171,-0.4664481076009171,-4.579997900973453,14.782925786562318,14.782925786562318,-14.568348622384875,-14.568348622384862,0.0
0.34800000000000003,-0.4710064848701772,-0.4710064848701772,-4.5583772692601405,14.768488067014507,14.768488067014507,-14.437719547810701,-14.437719547810689,0.0
0.34900000000000003,-0.4755430766846448,-0.4755430766846448,-4.536591814467593,14.75418136213883,14.75418136213883,-14.306704875677312,-14.3067048756773,0.0
0.35000000000000003,-0.48005771919667206,-0.48005771919667206,-4.514642512027248,14.740006037509119,14.740006037509119,-14.175324629711383,-14.17532462971137,0.0
0.35100000000000003,-0.4845502495398282,-0.4845502495398282,-4.492530343156187,14.725962438644938,14.725962438644938,-14.043598864180495,-14.043598864180483,0.0
0.352,-0.48902050583464257,-0.48902050583464257,-4.470256294814349,14.712050890984294,14.712050890984294,-13.911547660644175,-13.911547660644935,0.0
0.353,-0.4934683271943041,-0.4934683271943041,-4.447821359661544,14.698271699859502,14.698271699859502,-13.779191124791978,-13.779191124791966,0.0
0.354,-0.4978935537303184,-0.4978935537303184,-4.42522653601428,14.684625150476311,14.684625150476311,-13.646549383190987,-13.646549383190974,0.0
0.355,-0.5022960265581208,-0.5022960265581208,-4.402472827802387,14.671111507896203,14.671111507896203,-13.513642580107899,-13.513642580107886,0.0
0.356,-0.5066755878026462,-0.5066755878026462,-4.379561244525455,14.657731017021906,14.657731017021906,-13.38049087429738,-13.380490874297367,0.0
0.357,-0.5110320806038553,-0.5110320806038553,-4.356492801209081,14.644483902586122,14.644483902586122,-13.247114435783303,-13.24711443578329,0.0
0.358,-0.5153653491222162,-0.5153653491222162,-4.333268518360931,14.631370369143431,14.631370369143431,-13.113533442691505,-13.113533442691493,0.0
0.359,-0.5196752385441429,-0.5196752385441429,-4.309889421926616,14.618390601065425,14.618390601065425,-12.97976807800616,-12.979768078006149,0.0
0.36,-0.5239615950873883,-0.5239615950873883,-4.286356543245378,14.605544762539004,14.605544762539004,-12.845838526420295,-12.845838526420284,0.0
0.361,-0.5282242660063938,-0.5282242660063938,-4.262670919005601,14.592832997567871,14.592832997567871,-12.711764971133022,-12.711764971133011,0.0
0.362,-0.532463099597594,-0.532463099597594,-4.238833591200142,14.580255429977228,14.580255429977228,-12.577567590643213,-12.577567590643202,0.0
0.363,-0.5366779452046755,-0.5366779452046755,-4.214845607081477,14.56781216342163,14.56781216342163,-12.443266555598242,-12.443266555598232,0.0
0.364,-0.5408686532237922,-0.5408686532237922,-4.1907080191166814,14.555503281396023,14.555503281396023,-12.308882025607204,-12.308882025607193,0.0
0.365,-0.5450350751087344,-0.5450350751087344,-4.166421884942224,14.543328847249937,14.543328847249937,-12.1744341460861,-12.174434146086089,0.0
0.366,-0.549177063376053,-0.549177063376053,-4.1419882673186,14.531288904204878,14.531288904204878,-12.039943045058621,-12.03994304505861,0.0
0.367,-0.5532944716101378,-0.5532944716101378,-4.117408234084782,14.51938347537481,14.51938347537481,-11.905428830068843,-11.905428830068832,0.0
0.368,-0.5573871544682503,-0.5573871544682503,-4.092682858112515,14.507612563789841,14.507612563789841,-11.770911584967791,-11.77091158496778,0.0
0.369,-0.5614549676855107,-0.5614549676855107,-4.067813217260435,14.49597615242303,14.49597615242303,-11.636411366811927,-11.636411366811917,0.0
0.37,-0.5654977680798388,-0.5654977680798388,-4.042800394328022,14.484474204220287,14.484474204220287,-11.501948202742085,-11.501948202742074,0.0
0.371,-0.5695154135568482,-0.5695154135568482,-4.017645477009405,14.47310666213346,14.47310666213346,-11.367542086826887,-11.367542086826877,0.0
0.372,-0.5735077631146952,-0.5735077631146952,-3.992349557846983,14.461873449156474,14.461873449156474,-11.233212976986096,-11.233212976986085,0.0
0.373,-0.5774746768488801,-0.5774746768488801,-3.9669137341849074,14.450774468364598,14.450774468364598,-11.098980791876656,-11.098980791876645,0.0
0.374,-0.5814160159570025,-0.5814160159570025,-3.9413391081223965,14.439809602956801,14.439809602956801,-10.964865407796509,-10.9648654077965,0.0
0.375,-0.5853316427434695,-0.5853316427434695,-3.9156267864668988,14.42897871630118,14.42897871630118,-10.830886655622152,-10.830886655622143,0.0
0.376,-0.5892214206241566,-0.5892214206241566,-3.8897778806871006,14.418281651983449,14.418281651983449,-10.69706431773021,-10.6970643177302,0.0
0.377,-0.5930852141310224,-0.5930852141310224,-3.8637935068657865,14.407718233858514,14.407718233858514,-10.563418124934998,-10.563418124934989,0.0
0.378,-0.596922888916675,-0.596922888916675,-3.8376747856525464,14.39728826610505,14.39728826610505,-10.429967753463387,-10.429967753463378,0.0
0.379,-0.6007343117588914,-0.6007343117588914,-3.8114228422163374,14.386991533283133,14.386991533283133,-10.296732821917232,-10.296732821917223,0.0
0.38,-0.6045193505650892,-0.6045193505650892,-3.7850388061979023,14.376827800394889,14.376827800394889,-10.163732888244681,-10.163732888244672,0.0
0.381,-0.6082778743767513,-0.6082778743767513,-3.75852381166204,14.366796812948136,14.366796812948136,-10.030987446752349,-10.03098744675234,0.0
0.382,-0.612009753373801,-0.612009753373801,-3.7318789970497406,14.356898297023019,14.356898297023019,-9.89851592511748,-9.89851592511747,0.0
0.383,-0.6157148588789312,-0.6157148588789312,-3.705105505130175,14.347131959341626,14.347131959341626,-9.766337681393011,-9.766337681393003,0.0
0.384,-0.6193930633618837,-0.6193930633618837,-3.6782044829525535,14.337497487340546,14.337497487340546,-9.634472001080141,-9.634472001080132,0.0
0.385,-0.6230442404436816,-0.6230442404436816,-3.651177081797844,14.327994549246387,14.327994549246387,-9.502938094158253,-9.502938094158244,0.0
0.386,-0.626668264900812,-0.626668264900812,-3.62402445713036,14.318622794154226,14.318622794154226,-9.371755092161038,-9.37175509216103,0.0
0.387,-0.6302650126693612,-0.6302650126693612,-3.5967477685492164,14.309381852108938,14.309381852108938,-9.240942045288136,-9.240942045288127,0.0
0.388,-0.6338343608491008,-0.6338343608491008,-3.5693481797396553,14.30027133418945,14.30027133418945,-9.110517919488359,-9.11051791948835,0.0
0.389,-0.637376187707525,-0.637376187707525,-3.541826858424246,14.29129083259587,14.29129083259587,-8.980501593580215,-8.980501593580207,0.0
0.39,-0.640890372683839,-0.640890372683839,-3.514184976313958,14.282439920739453,14.282439920739453,-8.850911856416843,-8.850911856416836,0.0
0.391,-0.6443767963928981,-0.6443767963928981,-3.486423709059113,14.273718153335427,14.273718153335427,-8.721767404026082,-8.721767404026075,0.0
0.392,-0.6478353406290983,-0.6478353406290983,-3.458544236200215,14.265125066498637,14.265125066498637,-8.59308683678961,-8.593086836789603,0.0
0.393,-0.6512658883702169,-0.6512658883702169,-3.430547741118658,14.256660177841987,14.256660177841987,-8.464888656650515,-8.464888656650508,0.0
0.394,-0.6546683237812042,-0.6546683237812042,-3.4024354109873225,14.248322986577671,14.248322986577671,-8.337191264315535,-8.337191264315528,0.0
0.395,-0.6580425322179253,-0.6580425322179253,-3.374208436721052,14.240112973621159,14.240112973621159,-8.210012956512358,-8.210012956512351,0.0
0.396,-0.6613884002308523,-0.6613884002308523,-3.3458680129270193,14.23202960169794,14.23202960169794,-8.083371923218508,-8.0833719232185,0.0
0.397,-0.6647058155687073,-0.6647058155687073,-3.317415337854979,14.224072315452974,14.224072315452974,-7.95728624496661,-7.957286244966603,0.0
0.398,-0.6679946671820548,-0.6679946671820548,-3.2888516133474144,14.21624054156285,14.21624054156285,-7.831773890123017,-7.83177389012301,0.0
0.399,-0.6712548452268444,-0.6712548452268444,-3.260178044789574,14.20853368885064,14.20853368885064,-7.706852712210832,-7.706852712210825,0.0
0.4,-0.6744862410679038,-0.6744862410679038,-3.2313958410594075,14.20095114840337,14.20095114840337,-7.582540447270247,-7.58254044727024,0.0
0.401,-0.6776887472823812,-0.6776887472823812,-3.2025062144773937,14.193492293692186,14.193492293692186,-7.458854711183349,-7.458854711183343,0.0
0.402,-0.6808622576631375,-0.6808622576631375,-3.1735103807562717,14.186156480695072,14.186156480695072,-7.335812997114388,-7.335812997114382,0.0
0.403,-0.6840066672220881,-0.6840066672220881,-3.1444095589506715,14.178943048022202,14.178943048022202,-7.213432672870113,-7.213432672870106,0.0
0.404,-0.6871218721934947,-0.6871218721934947,-3.115204971406648,14.171851317043838,14.171851317043838,-7.091730978363131,-7.091730978363125,0.0
0.405,-0.6902077700372059,-0.6902077700372059,-3.0858978437111206,14.164880592020786,14.164880592020786,-6.970725023052182,-6.970725023052176,0.0
0.406,-0.6932642594418471,-0.6932642594418471,-3.056489404641222,14.158030160237345,14.158030160237345,-6.850431783441024,-6.850431783441018,0.0
0.40700000000000003,-0.6962912403279606,-0.6962912403279606,-3.0269808861135523,14.15129929213678,14.15129929213678,-6.730868100564891,-6.7308681005648845,0.0
0.40800000000000003,-0.699288613851094,-0.699288613851094,-2.9973735231333496,14.144687241459248,14.144687241459248,-6.612050677532011,-6.612050677532005,0.0
0.40900000000000003,-0.7022562824048375,-0.7022562824048375,-2.9676685537435703,14.138193245382169,14.138193245382169,-6.493996077079345,-6.4939960770793395,0.0
0.41000000000000003,-0.7051941496238114,-0.7051941496238114,-2.937867218973888,14.131816524663027,14.131816524663027,-6.376720719142526,-6.37672071914252,0.0
0.41100000000000003,-0.708102120386601,-0.708102120386601,-2.907970762789608,14.125556283784539,14.125556283784539,-6.260240878487977,-6.260240878487972,0.0
0.41200000000000003,-0.7109801008186415,-0.7109801008186415,-2.877980432040502,14.119411711102217,14.119411711102217,-6.144572682321936,-6.144572682321931,0.0
0.41300000000000003,-0.7138279982950511,-0.7138279982950511,-2.847897476409567,14.113381978994264,14.113381978994264,-6.029732107952768,-6.029732107952762,0.0
0.41400000000000003,-0.7166457214434128,-0.7166457214434128,-2.8177231483617056,14.107466244013763,14.107466244013763,-5.915734980501242,-5.915734980501236,0.0
0.41500000000000004,-0.7194331801465051,-0.7194331801465051,-2.7874587030923332,14.101663647043182,14.101663647043182,-5.802596970580609,-5.802596970580604,0.0
0.41600000000000004,-0.7221902855449811,-0.7221902855449811,-2.7571053984759137,14.095973313451113,14.095973313451113,-5.690333592069052,-5.690333592069047,0.0
0.417,-0.7249169500399956,-0.7249169500399956,-2.726664495014426,14.090394353251254,14.090394353251254,-5.57896019985904,-5.5789601998593445,0.0
0.418,-0.7276130872957813,-0.7276130872957813,-2.69613725578576,14.08492586126358,14.08492586126358,-5.468491987674184,-5.46849198767418,0.0
0.419,-0.7302786122421734,-0.7302786122421734,-2.6655249463920514,14.079566917277711,14.079566917277711,-5.358943985868336,-5.358943985868332,0.0
0.42,-0.7329134410770813,-0.7329134410770813,-2.6348288349079496,14.074316586218401,14.074316586218401,-5.250331059309943,-5.250331059309938,0.0
0.421,-0.7355174912689102,-0.7355174912689102,-2.6040501918288266,14.069173918313158,14.069173918313158,-5.142667905243314,-5.14266790524331,0.0
0.422,-0.7380906815589291,-0.7380906815589291,-2.573190290018923,14.064137949261923,14.064137949261923,-5.035969051235156,-5.035969051235152,0.0
0.423,-0.7406329319635886,-0.7406329319635886,-2.5422504046594416,14.059207700408859,14.059207700408859,-4.930248853064256,-4.930248853064252,0.0
0.424,-0.7431441637767852,-0.7431441637767852,-2.5112318131965816,14.054382178916098,14.054382178916098,-4.825521492760387,-4.825521492760383,0.0
0.425,-0.7456242995720747,-0.7456242995720747,-2.480135795289523,14.049660377939553,14.049660377939553,-4.721800976545509,-4.721800976545505,0.0
0.426,-0.748073263204833,-0.748073263204833,-2.4489636327583573,14.04504127680664,14.04504127680664,-4.619101132913528,-4.619101132913523,0.0
0.427,-0.750490979814365,-0.750490979814365,-2.4177166095319715,14.04052384119595,14.04052384119595,-4.517435610688736,-4.5174356106887315,0.0
0.428,-0.7528773758259608,-0.7528773758259608,-2.386396011595884,14.036107023318865,14.036107023318865,-4.416817877086032,-4.416817877086029,0.0
0.429,-0.7552323789529009,-0.7552323789529009,-2.355003126940037,14.03178976210297,14.03178976210297,-4.3172612158937085,-4.317261215893705,0.0
0.43,-0.7575559181984074,-0.7575559181984074,-2.3235392455065442,14.027570983377384,14.027570983377384,-4.218778725586958,-4.218778725586954,0.0
0.431,-0.7598479238575448,-0.7598479238575448,-2.2920056591374003,14.023449600059841,14.023449600059841,-4.121383317542637,-4.121383317542634,0.0
0.432,-0.762108327519067,-0.762108327519067,-2.260403661522152,14.019424512345575,14.019424512345575,-4.025087714266462,-4.0250877142664585,0.0
0.433,-0.7643370620672125,-0.7643370620672125,-2.22873454814553,14.01549460789795,14.01549460789795,-3.929904447625532,-3.9299044476255283,0.0
0.434,-0.7665340616834476,-0.7665340616834476,-2.196999616235051,14.011658762040806,14.011658762040806,-3.8358458571430276,-3.835845857143024,0.0
0.435,-0.7686992618481562,-0.7686992618481562,-2.165200164708583,14.007915837952462,14.007915837952462,-3.7429240883444237,-3.7429240883444206,0.0
0.436,-0.7708325993422781,-0.7708325993422781,-2.133337494121884,14.004264686861376,14.004264686861376,-3.6511510910859357,-3.6511510910859326,0.0
0.437,-0.7729340122488942,-0.7729340122488942,-2.101412906616112,14.000704148243436,14.000704148243436,-3.5605386179398124,-3.5605386179398093,0.0
0.438,-0.7750034399547595,-0.7750034399547595,-2.069427705865307,13.99723305002081,13.99723305002081,-3.4710982226258125,-3.4710982226258094,0.0
0.439,-0.7770408231517834,-0.7770408231517834,-2.037383197023854,13.993850208762339,13.993850208762339,-3.382841258471103,-3.3828412584711,0.0
0.44,-0.7790461038384573,-0.7790461038384573,-2.0052806866739172,13.990554429885474,13.990554429885474,-3.29577887686483,-3.295778876864827,0.0
0.441,-0.7810192253212301,-0.7810192253212301,-1.9731214827728634,13.98734450785963,13.98734450785963,-3.2099220258441363,-3.2099220258441337,0.0
0.442,-0.7829601322158308,-0.7829601322158308,-1.9409068946006591,13.984219226411064,13.984219226411064,-3.125281448566497,-3.1252814485664944,0.0
0.443,-0.7848687704485381,-0.7848687704485381,-1.9086382327072593,13.981177358729095,13.981177358729095,-3.0418676819685686,-3.041867681968566,0.0
0.444,-0.7867450872573981,-0.7867450872573981,-1.8763168088599782,13.978217667673736,13.978217667673736,-2.9596910553593148,-2.959691055359312,0.0
0.445,-0.788589031193389,-0.788589031193389,-1.843943935990852,13.975338905984653,13.975338905984653,-2.8787616890824097,-2.878761689082407,0.0
0.446,-0.7904005521215329,-0.7904005521215329,-1.8115209281439901,13.972539816491436,13.972539816491436,-2.7990894932177213,-2.7990894932177186,0.0
0.447,-0.7921796012219559,-0.7921796012219559,-1.7790491004229207,13.969819132325133,13.969819132325133,-2.720684166302334,-2.720684166302332,0.0
0.448,-0.7939261309908938,-0.7939261309908938,-1.7465297689379309,13.967175577131025,13.967175577131025,-2.6435551941084157,-2.6435551941084134,0.0
0.449,-0.7956400952416472,-0.7956400952416472,-1.713964250753404,13.96460786528261,13.96460786528261,-2.5677118484139783,-2.567711848413976,0.0
0.45,-0.7973214491054824,-0.7973214491054824,-1.6813538638351562,13.962114702096713,13.962114702096713,-2.493163185897984,-2.493163185897982,0.0
0.451,-0.7989701490324802,-0.7989701490324802,-1.6486999269977738,13.959694784049793,13.959694784049793,-2.419918046919989,-2.4199180469199866,0.0
0.452,-0.8005861527923321,-0.8005861527923321,-1.6160037598519554,13.957346798995284,13.957346798995284,-2.347985054509394,-2.3479850545093917,0.0
0.453,-0.802169419475084,-0.802169419475084,-1.5832666827518576,13.955069426382003,13.955069426382003,-2.277372613280093,-2.277372613280091,0.0
0.454,-0.8037199094918265,-0.8037199094918265,-1.550490016742449,13.952861337473614,13.952861337473614,-2.208088908389527,-2.2080889083895254,0.0
0.455,-0.8052375845753333,-0.8052375845753333,-1.5176750835068744,13.950721195569034,13.950721195569034,-2.140141904579451,-2.1401419045794494,0.0
0.456,-0.8067224077806472,-0.8067224077806472,-1.4848232053138306,13.948647656223828,13.948647656223828,-2.0735393452060435,-2.0735393452060418,0.0
0.457,-0.8081743434856121,-0.8081743434856121,-1.4519357049649537,13.946639367472473,13.946639367472473,-2.0082887513552805,-2.0082887513552787,0.0
0.458,-0.8095933573913543,-0.8095933573913543,-1.4190139057422257,13.944694970051547,13.944694970051547,-1.944397420926336,-1.9443974209263342,0.0
0.459,-0.8109794165227097,-0.8109794165227097,-1.3860591313553965,13.942813097623716,13.942813097623716,-1.8818724278304444,-1.8818724278304426,0.0
0.46,-0.8123324892285991,-0.8123324892285991,-1.353072705889426,13.94099237700256,13.94099237700256,-1.8207206211560134,-1.8207206211560119,0.0
0.461,-0.8136525451823511,-0.8136525451823511,-1.3200559537519496,13.93923142837813,13.93923142837813,-1.760948624429659,-1.7609486244296575,0.0
0.462,-0.8149395553819718,-0.8149395553819718,-1.2870101996207661,13.937528865543275,13.937528865543275,-1.7025628348559252,-1.7025628348559236,0.0
0.463,-0.8161934921503632,-0.8161934921503632,-1.2539367683913527,13.935883296120616,13.935883296120616,-1.6455694226582551,-1.6455694226582536,0.0
0.464,-0.8174143291354876,-0.8174143291354876,-1.2208369851244079,13.934293321790243,13.934293321790243,-1.5899743303737779,-1.5899743303737766,0.0
0.465,-0.8186020413104811,-0.8186020413104811,-1.1877121749934243,13.932757538517945,13.932757538517945,-1.5357832722973086,-1.5357832722973073,0.0
0.466,-0.8197566049737134,-0.8197566049737134,-1.1545636632322942,13.9312745367841,13.9312745367841,-1.4830017338454127,-1.4830017338454113,0.0
0.467,-0.8208779977487963,-0.8208779977487963,-1.121392775082949,13.929842901813082,13.929842901813082,-1.4316349710181697,-1.4316349710181684,0.0
0.468,-0.8219661985845393,-0.8219661985845393,-1.0882008357430353,13.92846121380316,13.92846121380316,-1.3816880099213336,-1.3816880099213322,0.0
0.46900000000000003,-0.823021187754853,-0.823021187754853,-1.0549891703136285,13.927128048156906,13.927128048156906,-1.3331656462547414,-1.3331656462547403,0.0
0.47000000000000003,-0.8240429468586,-0.8240429468586,-1.0217591037469886,13.925841975711995,13.925841975711995,-1.2860724449108574,-1.2860724449108563,0.0
0.47100000000000003,-0.8250314588193943,-0.8250314588193943,-0.9885119607943567,13.924601562972441,13.924601562972441,-1.2404127395537756,-1.2404127395537745,0.0
0.47200000000000003,-0.8259867078853481,-0.8259867078853481,-0.9552490659537963,13.923405372340179,13.923405372340179,-1.196190632262173,-1.1961906322621718,0.0
0.47300000000000003,-0.8269086796287662,-0.8269086796287662,-0.9219717434180825,13.922251962346968,13.922251962346968,-1.1534099932113406,-1.1534099932113395,0.0
0.47400000000000003,-0.8277973609457889,-0.8277973609457889,-0.8886813170226376,13.921139887886582,13.921139887886582,-1.112074460385415,-1.112074460385414,0.0
0.47500000000000003,-0.8286527400559824,-0.8286527400559824,-0.855379110193519,13.92006770044725,13.92006770044725,-1.0721874393322395,-1.0721874393322386,0.0
0.47600000000000003,-0.8294748065018779,-0.8294748065018779,-0.8220664458954584,13.919033948344328,13.919033948344328,-1.033752102921781,-1.0337521029217802,0.0
0.47700000000000004,-0.8302635511484578,-0.8302635511484578,-0.7887446465799569,13.918037176953105,13.918037176953105,-0.996771391223561,-0.9967713912235601,0.0
0.47800000000000004,-0.8310189661825913,-0.8310189661825913,-0.7554150341334354,13.917075928941795,13.917075928941795,-0.961248011309479,-0.9612480113094781,0.0
0.47900000000000004,-0.8317410451124168,-0.8317410451124168,-0.7220789298254442,13.916148744504595,13.916148744504595,-0.9271844372005233,-0.9271844372005226,0.0
0.48,-0.8324297827666737,-0.8324297827666737,-0.6887376542569337,13.915254161594838,13.915254161594838,-0.894582909756636,-0.8945829097566849,0.0
0.481,-0.8330851752939823,-0.8330851752939823,-0.6553925273085865,13.914390716158136,13.914390716158136,-0.863445436701582,-0.8634454367015812,0.0
0.482,-0.8337072201620715,-0.8337072201620715,-0.6220448680892154,13.913556942365556,13.913556942365556,-0.8337737925803168,-0.833773792580316,0.0
0.483,-0.8342959161569558,-0.8342959161569558,-0.5886959948842267,13.912751372846712,13.912751372846712,-0.8055695188442513,-0.8055695188442507,0.0
0.484,-0.83485126338206,-0.83485126338206,-0.5553472251041535,13.911972538922813,13.911972538922813,-0.7788339238992137,-0.778833923899213,0.0
0.485,-0.8353732632572932,-0.8353732632572932,-0.5219998752332582,13.911218970839554,13.911218970839554,-0.7535680832582159,-0.7535680832582152,0.0
0.486,-0.8358619185180715,-0.8358619185180715,-0.4886552607782087,13.91048919799989,13.91048919799989,-0.7297728396640224,-0.7297728396640217,0.0
0.487,-0.8363172332142883,-0.8363172332142883,-0.45531469621682813,13.909781749196565,13.909781749196565,-0.7074488033254056,-0.7074488033254049,0.0
0.488,-0.8367392127092352,-0.8367392127092352,-0.4219794949469219,13.909095152844486,13.909095152844486,-0.6865963520787943,-0.6865963520787938,0.0
0.489,-0.8371278636784705,-0.8371278636784705,-0.3886509692351826,13.90842793721275,13.90842793721275,-0.6672156317364397,-0.6672156317364392,0.0
0.49,-0.8374831941086367,-0.8374831941086367,-0.3553304301661757,13.90777863065644,13.90777863065644,-0.6493065563102363,-0.6493065563102357,0.0
0.491,-0.8378052132962281,-0.8378052132962281,-0.3220191875914075,13.907145761848037,13.907145761848037,-0.6328688084025202,-0.6328688084025197,0.0
0.492,-0.8380939318463067,-0.8380939318463067,-0.2887185500784773,13.906527860008481,13.906527860008481,-0.6179018395560121,-0.6179018395560115,0.0
0.493,-0.8383493616711669,-0.8383493616711669,-0.255429824860316,13.90592345513782,13.90592345513782,-0.604404870660602,-0.6044048706606014,0.0
0.494,-0.8385715159889514,-0.8385715159889514,-0.22215431778451297,13.90533107824542,13.90533107824542,-0.592376892400992,-0.5923768924009915,0.0
0.495,-0.8387604093222142,-0.8387604093222142,-0.1888933332627329,13.90474926157965,13.90474926157965,-0.581816665770063,-0.5818166657700624,0.0
0.496,-0.8389160574964344,-0.8389160574964344,-0.15564817422022484,13.90417653885712,13.90417653885712,-0.5727227225289511,-0.5727227225289505,0.0
0.497,-0.8390384776384798,-0.8390384776384798,-0.12242014204542531,13.90361144549132,13.90361144549132,-0.565093365800351,-0.5650933658003504,0.0
0.498,-0.8391276881750195,-0.8391276881750195,-0.0892105365396573,13.903052518820694,13.903052518820694,-0.5589266706262919,-0.5589266706262914,0.0
0.499,-0.8391837088308864,-0.8391837088308864,-0.056020655866927095,13.902498298336054,13.902498298336054,-0.5542204846396004,-0.5542204846395999,0.0
0.5,-0.8392065606273903,-0.8392065606273903,-0.022851796503821013,13.901947325907397,13.901947325907397,-0.5509724286572037,-0.5509724286572033,0.0
0.501,-0.8391962658805798,-0.8391962658805798,0.010294746810496282,13.901398146009972,13.901398146009972,-0.5491798974244233,-0.5491798974244229,0.0
0.502,-0.8391528481994557,-0.8391528481994557,0.04341768112417984,13.90084930594966,13.90084930594966,-0.5488400603130827,-0.5488400603130823,0.0
0.503,-0.8390763324841332,-0.8390763324841332,0.07651571532249699,13.900299356087563,13.900299356087563,-0.5499498620959997,-0.5499498620959993,0.0
0.504,-0.8389667449239556,-0.8389667449239556,0.1095875601775125,13.899746850063826,13.899746850063826,-0.5525060237374646,-0.5525060237374642,0.0
0.505,-0.8388241129955579,-0.8388241129955579,0.1426319283976646,13.899190345020607,13.899190345020607,-0.5565050432192464,-0.556505043219246,0.0
0.506,-0.8386484654608807,-0.8386484654608807,0.17564753467722957,13.89862840182417,13.89862840182417,-0.5619431964358768,-0.5619431964358763,0.0
0.507,-0.838439832365135,-0.838439832365135,0.20863309574567368,13.898059585286145,13.898059585286145,-0.5688165380259846,-0.5688165380259841,0.0
0.508,-0.8381982450347181,-0.8381982450347181,0.24158733041688996,13.897482464383744,13.897482464383744,-0.5771209024008073,-0.5771209024008067,0.0
0.509,-0.8379237360750798,-0.8379237360750798,0.27450895963831823,13.896895612479147,13.896895612479147,-0.5868519045968412,-0.5868519045968407,0.0
0.51,-0.8376163393685399,-0.8376163393685399,0.3073967065399468,13.89629760753777,13.89629760753777,-0.5980049413771837,-0.5980049413771832,0.0
0.511,-0.8372760900720566,-0.8372760900720566,0.3402492964831932,13.895687032345567,13.895687032345567,-0.6105751922031999,-0.6105751922031993,0.0
0.512,-0.8369030246149469,-0.8369030246149469,0.3730654571096632,13.89506247472526,13.89506247472526,-0.6245576203074421,-0.6245576203074416,0.0
0.513,-0.8364971806965571,-0.8364971806965571,0.4058439183897852,13.894422527751452,13.894422527751452,-0.6399469738074259,-0.6399469738074254,0.0
0.514,-0.8360585972838858,-0.8360585972838858,0.4385834126713187,13.893765789964629,13.893765789964629,-0.6567377868229585,-0.6567377868229579,0.0
0.515,-0.835587314609158,-0.835587314609158,0.4712826747277353,13.893090865583988,13.893090865583988,-0.6749243806414285,-0.6749243806414279,0.0
0.516,-0.8350833741673516,-0.8350833741673516,0.5039404418064698,13.892396364719078,13.892396364719078,-0.6945008649097417,-0.6945008649097411,0.0
0.517,-0.8345468187136745,-0.8345468187136745,0.5365554536770398,13.891680903580214,13.891680903580214,-0.7154611388635601,-0.7154611388635594,0.0
0.518,-0.8339776922609955,-0.8339776922609955,0.5691264526790323,13.890943104687638,13.890943104687638,-0.7377988925760803,-0.7377988925760797,0.0
0.519,-0.8333760400772255,-0.8333760400772255,0.6016521837699549,13.890181597079383,13.890181597079383,-0.7615076082547745,-0.7615076082547738,0.0
0.52,-0.8327419086826526,-0.8327419086826526,0.6341313945729503,13.889395016517824,13.889395016517824,-0.7865805615594468,-0.7865805615594461,0.0
0.521,-0.8320753458472283,-0.8320753458472283,0.6665628354243727,13.88858200569487,13.88858200569487,-0.8130108229540411,-0.8130108229540404,0.0
0.522,-0.831376400587807,-0.831376400587807,0.6989452594212227,13.887741214435795,13.887741214435795,-0.840791259074436,-0.8407912590744352,0.0
0.523,-0.8306451231653386,-0.8306451231653386,0.7312774224684409,13.886871299901639,13.886871299901639,-0.869914534156635,-0.8699145341566342,0.0
0.524,-0.8298815650820125,-0.8298815650820125,0.7635580833260571,13.885970926790186,13.885970926790186,-0.9003731114525237,-0.900373111452523,0.0
0.525,-0.8290857790783563,-0.8290857790783563,0.7957860036561943,13.88503876753543,13.88503876753543,-0.93215925475576,-0.9321592547557592,0.0
0.526,-0.8282578191302864,-0.8282578191302864,0.8279599480699243,13.884073502505617,13.884073502505617,-0.9652650298139775,-0.9652650298139767,0.0
0.527,-0.8273977404461125,-0.8273977404461125,0.8600786841739751,13.88307382019967,13.88307382019967,-0.9996823059470472,-0.9996823059470463,0.0
0.528,-0.8265055994634952,-0.8265055994634952,0.8921409826172867,13.882038417442132,13.882038417442132,-1.0354027575374403,-1.0354027575374394,0.0
0.529,-0.8255814538463578,-0.8255814538463578,0.9241456171374143,13.880965999576464,13.880965999576464,-1.0724178656680294,-1.0724178656680285,0.0
0.53,-0.8246253624817511,-0.8246253624817511,0.9560913646067771,13.879855280656772,13.879855280656772,-1.1107189196923883,-1.1107189196923875,0.0
0.531,-0.8236373854766723,-0.8236373854766723,0.9879770050787515,13.878704983637864,13.878704983637864,-1.1502970189081196,-1.1502970189081185,0.0
0.532,-0.8226175841548387,-0.8226175841548387,1.0198013218336055,13.877513840563651,13.877513840563651,-1.1911430742124196,-1.1911430742124185,0.0
0.533,-0.8215660210534144,-0.8215660210534144,1.0515631014242743,13.876280592753831,13.876280592753831,-1.2332478098198152,-1.233247809819814,0.0
0.534,-0.8204827599196924,-0.8204827599196924,1.0832611337219744,13.875003990988883,13.875003990988883,-1.2766017649479267,-1.2766017649479255,0.0
0.535,-0.8193678657077308,-0.8193678657077308,1.1148942119616543,13.873682795693263,13.873682795693263,-1.3211952956204698,-1.3211952956204687,0.0
0.536,-0.8182214045749435,-0.8182214045749435,1.146461132787282,13.872315777116867,13.872315777116867,-1.367018576395651,-1.36701857639565,0.0
0.537,-0.8170434438786466,-0.8170434438786466,1.1779606962969644,13.870901715514659,13.870901715514659,-1.4140616022082497,-1.4140616022082484,0.0
0.538,-0.8158340521725587,-0.8158340521725587,1.2093917060879,13.869439401324463,13.869439401324463,-1.4623141901957126,-1.4623141901957113,0.0
0.539,-0.8145932992032575,-0.8145932992032575,1.2407529693011619,13.86792763534297,13.86792763534297,-1.511765981494051,-1.5117659814940496,0.0
0.54,-0.8133212559065912,-0.8133212559065912,1.2720432966663084,13.866365228899726,13.866365228899726,-1.562406443243347,-1.5624064432433458,0.0
0.541,-0.8120179944040454,-0.8120179944040454,1.303261502545823,13.864751004029378,13.864751004029378,-1.6142248703481243,-1.614224870348123,0.0
0.542,-0.810683587999066,-0.810683587999066,1.3344064049793765,13.863083793641842,13.863083793641842,-1.6672103875361444,-1.6672103875361428,0.0
0.543,-0.8093181111733381,-0.8093181111733381,1.3654768257279168,13.861362441690634,13.861362441690634,-1.7213519512075948,-1.7213519512075932,0.0
0.544,-0.8079216395830205,-0.8079216395830205,1.3964715903175782,13.859585803339154,13.859585803339154,-1.7766383514796757,-1.7766383514796742,0.0
0.545,-0.8064942500549371,-0.8064942500549371,1.4273895280834115,13.85775274512496,13.85775274512496,-1.8330582141938834,-1.8330582141938818,0.0
0.546,-0.8050360205827242,-0.8050360205827242,1.458229472212935,13.855862145122092,13.855862145122092,-1.8906000028682257,-1.890600002868224,0.0
0.547,-0.8035470303229346,-0.8035470303229346,1.4889902597895008,13.85391289310126,13.85391289310126,-1.9492520208324038,-1.949252020832402,0.0
0.548,-0.8020273595910992,-0.8020273595910992,1.5196707318354783,13.851903890688023,13.851903890688023,-2.009002413236871,-2.0090024132368693,0.0
0.549,-0.8004770898577439,-0.8004770898577439,1.550269733355251,13.849834051518842,13.849834051518842,-2.0698391691809093,-2.0698391691809075,0.0
0.55,-0.7988963037443659,-0.7988963037443659,1.5807861133780272,13.847702301395042,13.847702301395042,-2.131750123799847,-2.1317501237998453,0.0
0.551,-0.7972850850193655,-0.7972850850193655,1.6112187250004602,13.845507578434619,13.845507578434619,-2.1947229604233343,-2.1947229604233325,0.0
0.552,-0.7956435185939363,-0.7956435185939363,1.64156642542908,13.843248833221901,13.843248833221901,-2.2587452127176277,-2.2587452127176255,0.0
0.553,-0.7939716905179138,-0.7939716905179138,1.6718280760225315,13.840925028955038,13.840925028955038,-2.323804266863405,-2.323804266863403,0.0
0.554,-0.7922696879755802,-0.7922696879755802,1.7020025423336196,13.838535141591283,13.838535141591283,-2.3898873637548945,-2.3898873637548923,0.0
0.555,-0.790537599281429,-0.790537599281429,1.73208869415116,13.83607815999006,13.83607815999006,-2.456981601222097,-2.4569816012220946,0.0
0.556,-0.7887755138758873,-0.7887755138758873,1.7620854055416326,13.833553086053797,13.833553086053797,-2.5250739362636665,-2.5250739362636643,0.0
0.557,-0.7869835223209967,-0.7869835223209967,1.7919915548906373,13.830958934866512,13.830958934866512,-2.594151187285121,-2.5941511872851186,0.0
0.558,-0.7851617162960525,-0.7851617162960525,1.8218060249441503,13.828294734830093,13.828294734830093,-2.6642000364187624,-2.66420003641876,0.0
0.559,-0.7833101885932029,-0.7833101885932029,1.851527702849579,13.825559527798337,13.825559527798337,-2.735207031756559,-2.735207031756557,0.0
0.56,-0.7814290331130063,-0.7814290331130063,1.8811554801966146,13.822752369208631,13.822752369208631,-2.807158589705594,-2.8071585897055913,0.0
0.561,-0.7795183448599484,-0.7795183448599484,1.9106882530578815,13.819872328211325,13.819872328211325,-2.88004099730621,-2.8800409973062076,0.0
0.562,-0.7775782199379191,-0.7775782199379191,1.9401249220293795,13.816918487796768,13.816918487796768,-2.9538404145572628,-2.95384041455726,0.0
0.5630000000000001,-0.7756087555456483,-0.7756087555456483,1.969464392270721,13.813889944919959,13.813889944919959,-3.0285428768088707,-3.028542876808868,0.0
0.5640000000000001,-0.7736100499721031,-0.7736100499721031,1.9987055735451584,13.810785810622852,13.810785810622852,-3.1041342971072083,-3.1041342971072057,0.0
0.5650000000000001,-0.7715822025918437,-0.7715822025918437,2.0278473802594035,13.807605210154227,13.807605210154227,-3.1806004686245615,-3.180600468624559,0.0
0.5660000000000001,-0.7695253138603405,-0.7695253138603405,2.0568887315032325,13.804347283087186,13.804347283087186,-3.2579270670414218,-3.2579270670414187,0.0
0.5670000000000001,-0.7674394853092517,-0.7674394853092517,2.0858285510888828,13.801011183434198,13.801011183434198,-3.336099652987201,-3.336099652987198,0.0
0.5680000000000001,-0.7653248195416614,-0.7653248195416614,2.1146657675902323,13.797596079759735,13.797596079759735,-3.4151036744631824,-3.4151036744631793,0.0
0.5690000000000001,-0.7631814202272796,-0.7631814202272796,2.1433993143817642,13.794101155290413,13.794101155290413,-3.4949244693223136,-3.4949244693223105,0.0
0.5700000000000001,-0.7610093920976023,-0.7610093920976023,2.172028129677316,13.790525608022694,13.790525608022694,-3.575547267718804,-3.5755472677188007,0.0
0.5710000000000001,-0.7588088409410337,-0.7588088409410337,2.200551156568609,13.786868650828108,13.786868650828108,-3.656957194586141,-3.656957194586138,0.0
0.5720000000000001,-0.7565798735979702,-0.7565798735979702,2.2289673430635597,13.783129511555952,13.783129511555952,-3.739139272155967,-3.7391392721559638,0.0
0.5730000000000001,-0.7543225979558458,-0.7543225979558458,2.257275642124368,13.779307433133521,13.779307433133521,-3.8220784224307636,-3.82207842243076,0.0
0.5740000000000001,-0.7520371229441404,-0.7520371229441404,2.2854750117053855,13.775401673663788,13.775401673663788,-3.905759469732928,-3.9057594697329243,0.0
0.5750000000000001,-0.7497235585293496,-0.7497235585293496,2.31356441479076,13.771411506520561,13.771411506520561,-3.990167143227197,-3.9901671432271932,0.0
0.5760000000000001,-0.7473820157099177,-0.7473820157099177,2.341542819431853,13.76733622044109,13.76733622044109,-4.075286079471496,-4.075286079471493,0.0
0.577,-0.7450126065111332,-0.7450126065111332,2.3694091987844335,13.763175119616157,13.763175119616157,-4.161100824932262,-4.161100824932721,0.0
0.578,-0.7426154439799876,-0.7426154439799876,2.3971625311456415,13.758927523777537,13.758927523777537,-4.247595838620555,-4.247595838620551,0.0
0.579,-0.7401906421799969,-0.7401906421799969,2.424801799990727,13.754592768282945,13.754592768282945,-4.334755494591391,-4.334755494591388,0.0
0.58,-0.7377383161859873,-0.7377383161859873,2.452325994009553,13.750170204198353,13.750170204198353,-4.422564084592295,-4.422564084592292,0.0
0.581,-0.7352585820788444,-0.7352585820788444,2.479734107142872,13.745659198377746,13.745659198377746,-4.511005820607039,-4.511005820607035,0.0
0.582,-0.7327515569402261,-0.7327515569402261,2.5070251386183684,13.741059133540242,13.741059133540242,-4.600064837504192,-4.6000648375041875,0.0
0.583,-0.7302173588472396,-0.7302173588472396,2.5341980929864647,13.736369408344647,13.736369408344647,-4.689725195595074,-4.689725195595069,0.0
0.584,-0.7276561068670837,-0.7276561068670837,2.5612519801558964,13.731589437461329,13.731589437461329,-4.77997088331783,-4.779970883317826,0.0
0.585,-0.7250679210516546,-0.7250679210516546,2.588185815429047,13.726718651641512,13.726718651641512,-4.870785819816703,-4.870785819816699,0.0
0.586,-0.7224529224321176,-0.7224529224321176,2.6149986195370474,13.721756497783923,13.721756497783923,-4.9621538575888025,-4.962153857588798,0.0
0.587,-0.719811233013443,-0.719811233013443,2.641689418674635,13.716702438998793,13.716702438998793,-5.054058785130877,-5.054058785130873,0.0
0.588,-0.7171429757689082,-0.7171429757689082,2.6682572445347748,13.711555954669198,13.711555954669198,-5.146484329594969,-5.146484329594965,0.0
0.589,-0.7144482746345652,-0.7144482746345652,2.694701134343037,13.706316540509768,13.706316540509768,-5.239414159429856,-5.239414159429852,0.0
0.59,-0.7117272545036735,-0.7117272545036735,2.721020130891733,13.700983708622722,13.700983708622722,-5.332831887045586,-5.3328318870455815,0.0
0.591,-0.7089800412210997,-0.7089800412210997,2.7472132825738074,13.695556987551262,13.695556987551262,-5.42672107146025,-5.426721071460245,0.0
0.592,-0.7062067615776833,-0.7062067615776833,2.773279643416487,13.690035922330242,13.690035922330242,-5.521065221019583,-5.521065221019578,0.0
0.593,-0.7034075433045686,-0.7034075433045686,2.79921827311468,13.684420074534238,13.684420074534238,-5.615847796004658,-5.615847796004653,0.0
0.594,-0.7005825150675045,-0.7005825150675045,2.8250282370641324,13.678709022322865,13.678709022322865,-5.711052211372802,-5.711052211372797,0.0
0.595,-0.6977318064611101,-0.6977318064611101,2.8507086063943334,13.67290236048349,13.67290236048349,-5.806661839374172,-5.806661839374167,0.0
0.596,-0.6948555480031089,-0.6948555480031089,2.8762584580011716,13.666999700471184,13.666999700471184,-5.902660012306882,-5.902660012306876,0.0
0.597,-0.6919538711285296,-0.6919538711285296,2.901676874579342,13.661000670446047,13.661000670446047,-5.999030025137131,-5.999030025137126,0.0
0.598,-0.689026908183875,-0.689026908183875,2.9269629446545005,13.65490491530781,13.65490491530781,-6.095755138236569,-6.095755138236564,0.0
0.599,-0.6860747924212599,-0.6860747924212599,2.9521157626151644,13.64871209672777,13.64871209672777,-6.192818580039727,-6.192818580039722,0.0
0.6,-0.6830976579925155,-0.6830976579925155,2.977134428744363,13.642421893178007,13.642421893178007,-6.290203549763618,-6.290203549763612,0.0
0.601,-0.6800956399432645,-0.6800956399432645,3.002018049251029,13.636033999957935,13.636033999957935,-6.387893220072272,-6.387893220072266,0.0
0.602,-0.6770688742069634,-0.6770688742069634,3.026765736301136,13.629548129218133,13.629548129218133,-6.485870739801669,-6.485870739801664,0.0
0.603,-0.6740174975989148,-0.6740174975989148,3.0513766080485802,13.622964009981523,13.622964009981523,-6.584119236610064,-6.584119236610058,0.0
0.604,-0.670941647810249,-0.670941647810249,3.0758497886658,13.616281388161799,13.616281388161799,-6.682621819724233,-6.682621819724226,0.0
0.605,-0.6678414634018749,-0.6678414634018749,3.1001844083741426,13.609500026579225,13.609500026579225,-6.781361582573808,-6.781361582573802,0.0
0.606,-0.6647170837984009,-0.6647170837984009,3.1243796034739653,13.602619704973698,13.602619704973698,-6.880321605526873,-6.880321605526867,0.0
0.607,-0.6615686492820264,-0.6615686492820264,3.1484345163744774,13.595640220015131,13.595640220015131,-6.979484958566928,-6.979484958566922,0.0
0.608,-0.6583963009864031,-0.6583963009864031,3.1723482956233218,13.58856138531118,13.58856138531118,-7.078834703950321,-7.0788347039503146,0.0
0.609,-0.6552001808904673,-0.6552001808904673,3.196120095935891,13.581383031412232,13.581383031412232,-7.1783538989489415,-7.178353898948935,0.0
0.61,-0.6519804318122429,-0.6519804318122429,3.21974907822438,13.574105005813774,13.574105005813774,-7.278025598457916,-7.278025598457909,0.0
0.611,-0.6487371974026163,-0.6487371974026163,3.243234409626576,13.566727172956025,13.566727172956025,-7.377832857748956,-7.37783285774895,0.0
0.612,-0.6454706221390819,-0.6454706221390819,3.2665752635343783,13.559249414220954,13.559249414220954,-7.47775873507095,-7.477758735070943,0.0
0.613,-0.6421808513194599,-0.6421808513194599,3.2897708196220554,13.551671627926567,13.551671627926567,-7.577786294387323,-7.577786294387316,0.0
0.614,-0.6388680310555857,-0.6388680310555857,3.3128202638742312,13.543993729318565,13.543993729318565,-7.677898608001499,-7.677898608001492,0.0
0.615,-0.635532308266972,-0.635532308266972,3.335722788613605,13.536215650559352,13.536215650559352,-7.778078759212548,-7.778078759212541,0.0
0.616,-0.6321738306744437,-0.6321738306744437,3.3584775925284003,13.528337340714366,13.528337340714366,-7.8783098449868305,-7.878309844986823,0.0
0.617,-0.6287927467937441,-0.6287927467937441,3.3810838806995425,13.520358765735747,13.520358765735747,-7.97857497861898,-7.978574978618973,0.0
0.618,-0.6253892059291165,-0.6253892059291165,3.4035408646275673,13.512279908443418,13.512279908443418,-8.078857292328934,-8.078857292328927,0.0
0.619,-0.6219633581668572,-0.6219633581668572,3.4258477622592554,13.504100768503465,13.504100768503465,-8.179139939953117,-8.17913993995311,0.0
0.62,-0.6185153543688432,-0.6185153543688432,3.4480037980139935,13.495821362403934,13.495821362403934,-8.279406099530817,-8.27940609953081,0.0
0.621,-0.6150453461660333,-0.6150453461660333,3.470008202809864,13.487441723427997,13.487441723427997,-8.379638975936743,-8.379638975936736,0.0
0.622,-0.6115534859519439,-0.6115534859519439,3.4918602140894563,13.47896190162448,13.47896190162448,-8.47982180351714,-8.479821803517133,0.0
0.623,-0.6080399268760985,-0.6080399268760985,3.513559075845405,13.470381963775829,13.470381963775829,-8.579937848651298,-8.57993784865129,0.0
0.624,-0.6045048228374529,-0.6045048228374529,3.5351040386456507,13.461701993363432,13.461701993363432,-8.679970412396543,-8.679970412396536,0.0
0.625,-0.6009483284777944,-0.6009483284777944,3.5564943596584238,13.452922090530407,13.452922090530407,-8.779902833024877,-8.77990283302487,0.0
0.626,-0.5973705991751175,-0.5973705991751175,3.57772930267695,13.444042372041766,13.444042372041766,-8.87971848864133,-8.879718488641323,0.0
0.627,-0.5937717910369736,-0.5937717910369736,3.5988081381438763,13.435062971242026,13.435062971242026,-8.979400799740134,-8.979400799740127,0.0
0.628,-0.5901520608937982,-0.5901520608937982,3.6197301431754205,13.425984038010276,13.425984038010276,-9.078933231750241,-9.078933231750232,0.0
0.629,-0.586511566292213,-0.586511566292213,3.6404946015852353,13.416805738712686,13.416805738712686,-9.178299297589732,-9.178299297589723,0.0
0.63,-0.582850465488305,-0.582850465488305,3.6611008039079955,13.407528256152478,13.407528256152478,-9.277482560207773,-9.277482560207764,0.0
0.631,-0.5791689174408823,-0.5791689174408823,3.681548047422701,13.398151789517378,13.398151789517378,-9.376466635099945,-9.376466635099936,0.0
0.632,-0.5754670818047066,-0.5754670818047066,3.7018356361757,13.388676554324562,13.388676554324562,-9.475235192816456,-9.475235192816447,0.0
0.633,-0.5717451189237032,-0.5717451189237032,3.7219628810034244,13.379102782363073,13.379102782363073,-9.57377196148812,-9.573771961488111,0.0
0.634,-0.5680031898241483,-0.5680031898241483,3.741929099554845,13.369430721633794,13.369430721633794,-9.672060729279508,-9.6720607292795,0.0
0.635,-0.5642414562078347,-0.5642414562078347,3.7617336163136414,13.359660636286906,13.359660636286906,-9.77008534688828,-9.770085346888271,0.0
0.636,-0.5604600804452147,-0.5604600804452147,3.7813757626200855,13.349792806556922,13.349792806556922,-9.867829729984123,-9.867829729984114,0.0
0.637,-0.556659225568522,-0.556659225568522,3.8008548766926396,13.339827528695233,13.339827528695233,-9.965277861688548,-9.96527786168854,0.0
0.638,-0.5528390552648728,-0.5528390552648728,3.820170303649267,13.329765114900255,13.329765114900255,-10.062413794978298,-10.062413794978289,0.0
0.639,-0.5489997338693443,-0.5489997338693443,3.8393213955284575,13.319605893245134,13.319605893245134,-10.159221655120731,-10.159221655120723,0.0
0.64,-0.5451414263580343,-0.5451414263580343,3.8583075113099627,13.30935020760307,13.30935020760307,-10.255685642064805,-10.255685642064796,0.0
0.641,-0.541264298341099,-0.541264298341099,3.8771280169352433,13.298998417570216,13.298998417570216,-10.351790032853359,-10.35179003285335,0.0
0.642,-0.5373685160557714,-0.5373685160557714,3.8957822853276283,13.288550898386253,13.288550898386253,-10.447519183962584,-10.447519183962575,0.0
0.643,-0.5334542463593592,-0.5334542463593592,3.9142696964121826,13.27800804085255,13.27800804085255,-10.542857533703653,-10.542857533703645,0.0
0.644,-0.529521656722224,-0.529521656722224,3.9325896371352864,13.267370251248032,13.267370251248032,-10.637789604517778,-10.637789604517769,0.0
0.645,-0.5255709152207401,-0.5255709152207401,3.9507415014839227,13.256637951242695,13.256637951242695,-10.732300005336981,-10.732300005336972,0.0
0.646,-0.5216021905302354,-0.5216021905302354,3.9687246905046725,13.245811577808825,13.245811577808825,-10.826373433870273,-10.826373433870264,0.0
0.647,-0.5176156519179129,-0.5176156519179129,3.9865386123224194,13.234891583129917,13.234891583129917,-10.919994678907585,-10.919994678907576,0.0
0.648,-0.5136114692357542,-0.5136114692357542,4.004182682158761,13.223878434507329,13.223878434507329,-11.013148622588176,-11.013148622588165,0.0
0.649,-0.5095898129134041,-0.5095898129134041,4.021656322350126,13.21277261426468,13.21277261426468,-11.1058202426495,-11.10582024264949,0.0
0.65,-0.5055508539510385,-0.5055508539510385,4.038958962365603,13.201574619649993,13.201574619649993,-11.197994614686735,-11.197994614686724,0.0
0.651,-0.501494763912214,-0.501494763912214,4.056090038824466,13.19028496273566,13.19028496273566,-11.289656914332369,-11.289656914332358,0.0
0.652,-0.4974217149167006,-0.4974217149167006,4.073048995513414,13.178904170316155,13.178904170316155,-11.38079241950507,-11.38079241950506,0.0
0.653,-0.4933318796332971,-0.4933318796332971,4.089835283403512,13.167432783803626,13.167432783803626,-11.47138651252888,-11.47138651252887,0.0
0.654,-0.4892254312726303,-0.4892254312726303,4.106448360666835,13.155871359121253,13.155871359121253,-11.5614246823732,-11.56142468237319,0.0
0.655,-0.4851025435799375,-0.4851025435799375,4.122887692692822,13.144220466594545,13.144220466594545,-11.650892526708034,-11.650892526708024,0.0
0.656,-0.4809633908278332,-0.4809633908278332,4.139152752104321,13.132480690840444,13.132480690840444,-11.739775754101345,-11.739775754101334,0.0
0.657,-0.47680814780905983,-0.47680814780905983,4.1552430187733576,13.120652630654394,13.120652630654394,-11.828060186049427,-11.828060186049417,0.0
0.658,-0.47263698982922325,-0.47263698982922325,4.1711579798365825,13.108736898895273,13.108736898895273,-11.915731759120973,-11.915731759120963,0.0
0.659,-0.4684500926995128,-0.4684500926995128,4.186897129710442,13.0967341223683,13.0967341223683,-12.002776526973236,-12.002776526973225,0.0
0.66,-0.4642476327294068,-0.4642476327294068,4.202459970106036,13.084644941705893,13.084644941705893,-12.089180662407273,-12.089180662407262,0.0
0.661,-0.46002978671936307,-0.46002978671936307,4.217846010043687,13.072470011246525,13.072470011246525,-12.174930459368127,-12.174930459368117,0.0
0.662,-0.45579673195349585,-0.45579673195349585,4.233054765867207,13.060209998911567,13.060209998911567,-12.260012334957437,-12.260012334957427,0.0
0.663,-0.451548646192238,-0.451548646192238,4.248085761257862,13.047865586080173,13.047865586080173,-12.344412831394536,-12.344412831394525,0.0
0.664,-0.44728570766499,-0.44728570766499,4.262938527248041,13.035437467462206,13.035437467462206,-12.428118617966888,-12.428118617966877,0.0
0.665,-0.44300809506275535,-0.44300809506275535,4.277612602234626,13.022926350969247,13.022926350969247,-12.511116492959218,-12.511116492959207,0.0
0.666,-0.4387159875307633,-0.4387159875307633,4.29210753199206,13.010332957583703,13.010332957583703,-12.59339338554355,-12.59339338554354,0.0
0.667,-0.43440956466107816,-0.43440956466107816,4.306422869685113,12.997658021226032,12.997658021226032,-12.67493635767103,-12.674936357671019,0.0
0.668,-0.4300890064851968,-0.4300890064851968,4.3205581758813505,12.984902288620098,12.984902288620098,-12.755732605933545,-12.755732605933535,0.0
0.669,-0.4257544934666335,-0.4257544934666335,4.3345130185633,12.972066519156714,12.972066519156714,-12.835769463384494,-12.835769463384484,0.0
0.67,-0.4214062064934932,-0.4214062064934932,4.348286973140313,12.95915148475537,12.95915148475537,-12.915034401343561,-12.91503440134355,0.0
0.671,-0.41704432687103304,-0.41704432687103304,4.361879622460133,12.946157969724172,12.946157969724172,-12.993515031197944,-12.993515031197933,0.0
0.672,-0.41266903631421287,-0.41266903631421287,4.375290556820154,12.933086770618035,12.933086770618035,-13.071199106137854,-13.071199106137842,0.0
0.673,-0.4082805169402345,-0.4082805169402345,4.38851937397838,12.91993869609512,12.91993869609512,-13.14807452291511,-13.148074522915097,0.0
0.674,-0.4038789512610704,-0.4038789512610704,4.401565679164085,12.906714566771578,12.906714566771578,-13.224129323541334,-13.224129323541321,0.0
0.675,-0.3994645221759822,-0.3994645221759822,4.414429085088164,12.893415215074624,12.893415215074624,-13.299351696954176,-13.299351696954163,0.0
0.676,-0.395037412964029,-0.395037412964029,4.427109211953191,12.880041485093907,12.880041485093907,-13.373729980717286,-13.373729980717274,0.0
0.677,-0.39059780727656584,-0.39059780727656584,4.439605687463162,12.8665942324313,12.8665942324313,-13.447252662606601,-13.447252662606589,0.0
0.678,-0.3861458891297329,-0.3861458891297329,4.4519181468329485,12.853074324049043,12.853074324049043,-13.519908382257029,-13.519908382257016,0.0
0.679,-0.38168184289693546,-0.38168184289693546,4.464046232797435,12.83948263811633,12.83948263811633,-13.591685932713204,-13.591685932713192,0.0
0.68,-0.3772058533013151,-0.3772058533013151,4.475989595620363,12.82582006385433,12.82582006385433,-13.662574261999794,-13.662574261999781,0.0
0.681,-0.37271810540821226,-0.37271810540821226,4.487747893102866,12.812087501379692,12.812087501379692,-13.732562474638499,-13.732562474638486,0.0
0.682,-0.3682187846176206,-0.3682187846176206,4.499320790591704,12.79828586154653,12.79828586154653,-13.801639833161516,-13.801639833161504,0.0
0.683,-0.3637080766566334,-0.3637080766566334,4.510707960987193,12.78441606578696,12.78441606578696,-13.869795759569925,-13.869795759569913,0.0
0.684,-0.3591861675718826,-0.3591861675718826,4.52190908475083,12.770479045950175,12.770479045950175,-13.93701983678497,-13.937019836784957,0.0
0.685,-0.35465324372197,-0.35465324372197,4.532923849912616,12.75647574414009,12.75647574414009,-14.003301810085134,-14.003301810085121,0.0
0.686,-0.3501094917698919,-0.3501094917698919,4.543751952078074,12.742407112551629,12.742407112551629,-14.0686315884615,-14.068631588461487,0.0
0.687,-0.345555098675457,-0.345555098675457,4.55439309443496,12.728274113305616,12.728274113305616,-14.13299924601219,-14.132999246012178,0.0
0.6880000000000001,-0.3409902516876973,-0.3409902516876973,4.5648469877596805,12.714077718282354,12.714077718282354,-14.196395023262198,-14.196395023262186,0.0
0.6890000000000001,-0.33641513833727393,-0.33641513833727393,4.575113350423391,12.69981890895388,12.69981890895388,-14.258809328474342,-14.25880932847433,0.0
0.6900000000000001,-0.33182994642887614,-0.33182994642887614,4.5851919083978006,12.685498676214952,12.685498676214952,-14.32023273892824,-14.320232738928228,0.0
0.6910000000000001,-0.32723486403361546,-0.32723486403361546,4.595082395260673,12.671118020212777,12.671118020212777,-14.380656002174419,-14.380656002174407,0.0
0.6920000000000001,-0.3226300794814144,-0.3226300794814144,4.604784552201014,12.65667795017553,12.65667795017553,-14.440070037247565,-14.440070037247553,0.0
0.6930000000000001,-0.3180157813533905,-0.3180157813533905,4.614298128023968,12.642179484239666,12.642179484239666,-14.498465935863791,-14.498465935863779,0.0
0.6940000000000001,-0.31339215847423507,-0.31339215847423507,4.623622879155397,12.627623649276067,12.627623649276067,-14.555834963598357,-14.555834963598345,0.0
0.6950000000000001,-0.3087593999045889,-0.3087593999045889,4.632758569646165,12.613011480715079,12.613011480715079,-14.612168560988792,-14.61216856098878,0.0
0.6960000000000001,-0.3041176949334128,-0.3041176949334128,4.641704971176116,12.598344022370407,12.598344022370407,-14.667458344671758,-14.667458344671745,0.0
0.6970000000000001,-0.29946723307035505,-0.29946723307035505,4.650461863057749,12.58362232626196,12.58362232626196,-14.721696108447091,-14.721696108447079,0.0
0.6980000000000001,-0.2948082040381155,-0.2948082040381155,4.659029032239581,12.568847452437641,12.568847452437641,-14.774873824318746,-14.774873824318734,0.0
0.6990000000000001,-0.2901407977648063,-0.2901407977648063,4.66740627330922,12.554020468794112,12.554020468794112,-14.826983643528635,-14.826983643528623,0.0
0.7000000000000001,-0.2854652043763102,-0.2854652043763102,4.675593388496124,12.539142450896593,12.539142450896593,-14.878017897519413,-14.8780178975194,0.0
0.7010000000000001,-0.2807816141886361,-0.2807816141886361,4.683590187674058,12.524214481797669,12.524214481797669,-14.92796909892391,-14.927969098923898,0.0
0.7020000000000001,-0.27609021770027287,-0.27609021770027287,4.691396488363251,12.5092376518552,12.5092376518552,-14.976829942469294,-14.976829942469282,0.0
0.7030000000000001,-0.2713912055845406,-0.2713912055845406,4.699012115732247,12.494213058549322,12.494213058549322,-15.024593305877687,-15.024593305877673,0.0
0.704,-0.26668476868194113,-0.26668476868194113,4.70643690259945,12.479141806298573,12.479141806298573,-15.071252250749012,-15.071252250750671,0.0
0.705,-0.26197109799250673,-0.26197109799250673,4.713670689434378,12.464025006275198,12.464025006275198,-15.116800023374566,-15.116800023374552,0.0
0.706,-0.25725038466814815,-0.25725038466814815,4.720713324358594,12.448863776219637,12.448863776219637,-15.161230055561248,-15.161230055561234,0.0
0.707,-0.2525228200050018,-0.2525228200050018,4.727564663146354,12.433659240254217,12.433659240254217,-15.204535965420263,-15.204535965420249,0.0
0.708,-0.2477885954357769,-0.2477885954357769,4.7342245692249385,12.418412528696143,12.418412528696143,-15.24671155807411,-15.246711558074097,0.0
0.709,-0.2430479025221022,-0.2430479025221022,4.740692913674692,12.403124777869737,12.403124777869737,-15.28775082640621,-15.287750826406196,0.0
0.71,-0.23830093294687346,-0.23830093294687346,4.74696957522875,12.387797129917999,12.387797129917999,-15.327647951737688,-15.327647951737674,0.0
0.711,-0.233547878506601,-0.233547878506601,4.753054440272474,12.372430732613516,12.372430732613516,-15.36639730448286,-15.366397304482845,0.0
0.712,-0.22878893110375842,-0.22878893110375842,4.758947402842579,12.357026739168761,12.357026739168761,-15.40399344475496,-15.403993444754946,0.0
0.713,-0.22402428273913247,-0.22402428273913247,4.764648364625958,12.341586308045777,12.341586308045777,-15.440431122984322,-15.440431122984307,0.0
0.714,-0.21925412550417425,-0.21925412550417425,4.770157234958212,12.3261106027653,12.3261106027653,-15.475705280476149,-15.475705280476134,0.0
0.715,-0.21447865157335239,-0.21447865157335239,4.775473930821874,12.31060079171539,12.31060079171539,-15.509811049911448,-15.509811049911434,0.0
0.716,-0.20969805319650806,-0.20969805319650806,4.78059837684433,12.295058047959488,12.295058047959488,-15.542743755901256,-15.542743755901242,0.0
0.717,-0.2049125226912126,-0.2049125226912126,4.785530505295452,12.279483549044098,12.279483549044098,-15.574498915389867,-15.574498915389853,0.0
0.718,-0.20012225243512768,-0.20012225243512768,4.790270256084911,12.263878476805935,12.263878476805935,-15.605072238162876,-15.605072238162862,0.0
0.719,-0.19532743485836848,-0.19532743485836848,4.79481757675921,12.248244017178743,12.248244017178743,-15.634459627191788,-15.634459627191774,0.0
0.72,-0.19052826243587007,-0.19052826243587007,4.799172422498406,12.232581359999692,12.232581359999692,-15.662657179051465,-15.66265717905145,0.0
0.721,-0.18572492767975754,-0.18572492767975754,4.803334756112533,12.216891698815449,12.216891698815449,-15.68966118424342,-15.689661184243406,0.0
0.722,-0.1809176231317198,-0.1809176231317198,4.8073045480377345,12.201176230687924,12.201176230687924,-15.715468127524446,-15.715468127524431,0.0
0.723,-0.17610654135538772,-0.17610654135538772,4.81108177633209,12.185436155999751,12.185436155999751,-15.740074688173067,-15.740074688173053,0.0
0.724,-0.1712918749287166,-0.1712918749287166,4.8146664266711445,12.1696726782595,12.1696726782595,-15.763477740250664,-15.76347774025065,0.0
0.725,-0.16647381643637343,-0.16647381643637343,4.818058492343144,12.153887003906668,12.153887003906668,-15.785674352832402,-15.785674352832388,0.0
0.726,-0.16165255846212948,-0.16165255846212948,4.82125797424397,12.138080342116512,12.138080342116512,-15.80666179015644,-15.806661790156426,0.0
0.727,-0.1568282935812577,-0.1568282935812577,4.82426488087178,12.122253904604664,12.122253904604664,-15.826437511847757,-15.826437511847743,0.0
0.728,-0.15200121435293634,-0.15200121435293634,4.82707922832135,12.10640890543168,12.10640890543168,-15.844999172983876,-15.844999172983862,0.0
0.729,-0.1471715133126582,-0.1471715133126582,4.8297010402781195,12.090546560807466,12.090546560807466,-15.862344624213875,-15.862344624213861,0.0
0.73,-0.14233938296464627,-0.14233938296464627,4.8321303480119475,12.074668088895628,12.074668088895628,-15.878471911838332,-15.878471911838318,0.0
0.731,-0.1375050157742757,-0.1375050157742757,4.834367190370564,12.058774709617808,12.058774709617808,-15.893379277819975,-15.89337927781996,0.0
0.732,-0.13266860416050297,-0.13266860416050297,4.836411613772735,12.042867644458005,12.042867644458005,-15.907065159803224,-15.90706515980321,0.0
0.733,-0.12783034048830183,-0.12783034048830183,4.83826367220113,12.026948116266938,12.026948116266938,-15.919528191066235,-15.91952819106622,0.0
0.734,-0.12299041706110694,-0.12299041706110694,4.839923427194893,12.011017349066439,12.011017349066439,-15.930767200499574,-15.93076720049956,0.0
0.735,-0.11814902611326501,-0.11814902611326501,4.84139094784193,11.995076567853966,11.995076567853966,-15.940781212472999,-15.940781212472984,0.0
0.736,-0.11330635980249412,-0.11330635980249412,4.8426663107708885,11.979126998407217,11.979126998407217,-15.949569446748413,-15.949569446748399,0.0
0.737,-0.10846261020235126,-0.10846261020235126,4.8437496001428615,11.963169867088906,11.963169867088906,-15.957131318311113,-15.957131318311099,0.0
0.738,-0.10361796929470847,-0.10361796929470847,4.8446409076427885,11.947206400651716,11.947206400651716,-15.963466437190377,-15.963466437190363,0.0
0.739,-0.0987726289622379,-0.0987726289622379,4.84534033247057,11.931237826043452,11.931237826043452,-15.968574608264063,-15.96857460826405,0.0
0.74,-0.09392678098090601,-0.09392678098090601,4.845847981331892,11.915265370212463,11.915265370212463,-15.972455830988608,-15.972455830988594,0.0
0.741,-0.08908061701247726,-0.08908061701247726,4.846163968428757,11.899290259913313,11.899290259913313,-15.97511029915033,-15.975110299150316,0.0
0.742,-0.08423432859702752,-0.08423432859702752,4.84628841544973,11.88331372151276,11.88331372151276,-15.976538400552798,-15.976538400552784,0.0
0.743,-0.07938810714546762,-0.07938810714546762,4.846221451559892,11.867336980796075,11.867336980796075,-15.976740716684645,-15.976740716684631,0.0
0.744,-0.07454214393207712,-0.07454214393207712,4.845963213390508,11.851361262773727,11.851361262773727,-15.975718022348318,-15.975718022348303,0.0
0.745,-0.06969663008704871,-0.06969663008704871,4.845513845028409,11.835387791488435,11.835387791488435,-15.973471285292362,-15.973471285292348,0.0
0.746,-0.06485175658904363,-0.06485175658904363,4.844873498005082,11.819417789822694,11.819417789822694,-15.970001665740696,-15.970001665740682,0.0
0.747,-0.06000771425775815,-0.06000771425775815,4.844042331285477,11.803452479306697,11.803452479306697,-15.965310515996478,-15.965310515996464,0.0
0.748,-0.055164693746501625,-0.055164693746501625,4.843020511256528,11.787493079926772,11.787493079926772,-15.959399379925188,-15.959399379925173,0.0
0.749,-0.050322885534786234,-0.050322885534786234,4.8418082117153896,11.771540809934338,11.771540809934338,-15.952269992434154,-15.95226999243414,0.0
0.75,-0.045482479920928846,-0.045482479920928846,4.840405613857388,11.75559688565537,11.75559688565537,-15.943924278968069,-15.943924278968055,0.0
0.751,-0.04064366701466516,-0.04064366701466516,4.838812906263688,11.739662521300467,11.739662521300467,-15.934364354903252,-15.934364354903238,0.0
0.752,-0.03580663672977648,-0.03580663672977648,4.837030284888681,11.723738928775507,11.723738928775507,-15.923592524959673,-15.923592524959659,0.0
0.753,-0.030971578776729392,-0.030971578776729392,4.835057953047085,11.707827317492933,11.707827317492933,-15.911611282573901,-15.911611282573887,0.0
0.754,-0.026138682655328628,-0.026138682655328628,4.832896121400766,11.691928894183688,11.691928894183688,-15.898423309245402,-15.898423309245388,0.0
0.755,-0.021308137647383346,-0.021308137647383346,4.83054500794528,11.676044862709857,11.676044862709857,-15.884031473831328,-15.884031473831314,0.0
0.756,-0.01648013280938721,-0.01648013280938721,4.828004837996133,11.660176423878008,11.660176423878008,-15.868438831848408,-15.868438831848394,0.0
0.757,-0.011654856965212452,-0.011654856965212452,4.82527584417476,11.644324775253281,11.644324775253281,-15.851648624726877,-15.851648624726863,0.0
0.758,-0.006832498698818222,-0.006832498698818222,4.822358266394229,11.628491110974242,11.628491110974242,-15.833664279039539,-15.833664279039525,0.0
0.759,-0.0020132463469735564,-0.0020132463469735564,4.819252351844666,11.61267662156857,11.61267662156857,-15.814489405672205,-15.814489405672191,0.0
0.76,0.002802712008004844,0.002802712008004844,4.815958354978401,11.59688249376952,11.59688249376952,-15.794127799049207,-15.794127799049193,0.0
0.761,0.007615188545499683,0.007615188545499683,4.812476537494839,11.581109910333288,11.581109910333288,-15.772583436232779,-15.772583436232765,0.0
0.762,0.01242399571382474,0.01242399571382474,4.808807168325058,11.565360049857233,11.565360049857233,-15.749860476054423,-15.749860476054408,0.0
0.763,0.017228946237440868,0.017228946237440868,4.804950523616125,11.549634086599031,11.549634086599031,-15.725963258201858,-15.725963258201844,0.0
0.764,0.022029853124156017,0.022029853124156017,4.80090688671515,11.53393319029674,11.53393319029674,-15.700896302291767,-15.700896302291753,0.0
0.765,0.026826529672309068,0.026826529672309068,4.796676548153051,11.518258525989856,11.518258525989856,-15.674664306883912,-15.674664306883898,0.0
0.766,0.03161878947793713,0.03161878947793713,4.792259805628064,11.502611253841357,11.502611253841357,-15.647272148498814,-15.6472721484988,0.0
0.767,0.0364064464419261,0.0364064464419261,4.787656963988971,11.486992528960753,11.486992528960753,-15.618724880603452,-15.618724880603438,0.0
0.768,0.04118931477714415,0.04118931477714415,4.782868335218053,11.471403501228197,11.471403501228197,-15.589027732556104,-15.58902773255609,0.0
0.769,0.045967209015557946,0.045967209015557946,4.777894238413791,11.455845315119653,11.455845315119653,-15.558186108544092,-15.558186108544078,0.0
0.77,0.050739944015331225,0.050739944015331225,4.772734999773278,11.440319109533183,11.440319109533183,-15.526205586469999,-15.526205586469985,0.0
0.771,0.0555073349679056,0.0555073349679056,4.767390952574378,11.424826017616333,11.424826017616333,-15.493091916850332,-15.493091916850318,0.0
0.772,0.06026919740506321,0.06026919740506321,4.761862437157609,11.409367166594688,11.409367166594688,-15.458851021644904,-15.45885102164489,0.0
0.773,0.06502534720597097,0.06502534720597097,4.756149800907762,11.393943677601598,11.393943677601598,-15.423488993089762,-15.423488993089748,0.0
0.774,0.06977560060420623,0.06977560060420623,4.750253398235261,11.378556665509096,11.378556665509096,-15.387012092501706,-15.387012092501692,0.0
0.775,0.07451977419476348,0.07451977419476348,4.744173590557248,11.363207238760062,11.363207238760062,-15.349426749034834,-15.34942674903482,0.0
0.776,0.07925768494104189,0.07925768494104189,4.737910746278415,11.347896499201596,11.347896499201596,-15.310739558465514,-15.3107395584655,0.0
0.777,0.08398915018181345,0.08398915018181345,4.731465240771564,11.332625541919722,11.332625541919722,-15.270957281874331,-15.270957281874317,0.0
0.778,0.08871398763817136,0.08871398763817136,4.7248374563579105,11.317395455075339,11.317395455075339,-15.230086844383095,-15.23008684438308,0.0
0.779,0.0934320154204585,0.0934320154204585,4.718027782287132,11.302207319741536,11.302207319741536,-15.188135333803032,-15.188135333803018,0.0
0.78,0.09814305203517563,0.09814305203517563,4.711036614717146,11.287062209742224,11.287062209742224,-15.145109999311401,-15.145109999311387,0.0
0.781,0.10284691639186927,0.10284691639186927,4.703864356693633,11.271961191492156,11.271961191492156,-15.10101825006771,-15.101018250067696,0.0
0.782,0.10754342780999858,0.10754342780999858,4.696511418129309,11.25690532383833,11.25690532383833,-15.055867653826382,-15.055867653826368,0.0
0.783,0.11223240602578151,0.11223240602578151,4.688978215782932,11.24189565790282,11.24189565790282,-15.009665935510341,-15.009665935510327,0.0
0.784,0.11691367119901956,0.11691367119901956,4.681265173238056,11.226933236927037,11.226933236927037,-14.96242097578282,-14.962420975782807,0.0
0.785,0.12158704391990109,0.12158704391990109,4.673372720881535,11.212019096117467,11.212019096117467,-14.914140809569432,-14.91414080956942,0.0
0.786,0.12625234521578285,0.12625234521578285,4.665301295881769,11.197154262492868,11.197154262492868,-14.864833624599783,-14.86483362459977,0.0
0.787,0.13090939655794956,0.13090939655794956,4.657051342166694,11.182339754732999,11.182339754732999,-14.814507759869144,-14.814507759869132,0.0
0.788,0.1355580198683511,0.1355580198683511,4.648623310401528,11.167576583028865,11.167576583028865,-14.763171704133882,-14.76317170413387,0.0
0.789,0.14019803752631735,0.14019803752631735,4.640017657966265,11.152865748934516,11.152865748934516,-14.710834094348257,-14.710834094348245,0.0
0.79,0.14482927237525026,0.14482927237525026,4.631234848932913,11.138208245220417,11.138208245220417,-14.657503714099462,-14.65750371409945,0.0
0.791,0.14945154772929276,0.14945154772929276,4.622275354042495,11.123605055728401,11.123605055728401,-14.603189492016,-14.603189492015987,0.0
0.792,0.15406468737997456,0.15406468737997456,4.6131396506817905,11.109057155228257,11.109057155228257,-14.547900500144095,-14.547900500144083,0.0
0.793,0.1586685156028344,0.1586685156028344,4.603828222859842,11.094565509275922,11.094565509275922,-14.491645952334764,-14.491645952334752,0.0
0.794,0.16326285716401862,0.16326285716401862,4.594341561184208,11.080131074073353,11.080131074073353,-14.434435202568707,-14.434435202568695,0.0
0.795,0.1678475373268556,0.1678475373268556,4.584680162836977,11.065754796330065,11.065754796330065,-14.376277743288313,-14.3762777432883,0.0
0.796,0.17242238185840614,0.17242238185840614,4.574844531550539,11.051437613126332,11.051437613126332,-14.317183203733208,-14.317183203733196,0.0
0.797,0.17698721703598924,0.17698721703598924,4.5648351775831095,11.03718045177815,11.03718045177815,-14.257161348181668,-14.257161348181656,0.0
0.798,0.18154186965368327,0.18154186965368327,4.554652617694021,11.022984229703905,11.022984229703905,-14.196222074245313,-14.1962220742453,0.0
0.799,0.18608616702880204,0.18608616702880204,4.544297375118772,11.00884985429278,11.00884985429278,-14.134375411124722,-14.13437541112471,0.0
0.8,0.19061993700834587,0.19061993700834587,4.533769979543831,10.994778222774944,10.994778222774944,-14.071631517836636,-14.071631517836623,0.0
0.801,0.19514300797542708,0.19514300797542708,4.523070967081219,10.98077022209353,10.98077022209353,-14.008000681412724,-14.008000681412712,0.0
0.802,0.19965520885566992,0.19965520885566992,4.512200880242838,10.9668267287784,10.9668267287784,-13.94349331513034,-13.943493315130327,0.0
0.803,0.2041563691235845,0.2041563691235845,4.501160267914578,10.952948608821764,10.952948608821764,-13.87811995663668,-13.878119956636668,0.0
0.804,0.20864631880891468,0.20864631880891468,4.4899496853301875,10.939136717555582,10.939136717555582,-13.81189126618132,-13.811891266181307,0.0
0.805,0.21312488850295958,0.21312488850295958,4.478569694044906,10.92539189953088,10.92539189953088,-13.744818024703065,-13.744818024703052,0.0
0.806,0.21759190936486844,0.21759190936486844,4.467020861908873,10.911714988398895,10.911714988398895,-13.676911131984326,-13.676911131984314,0.0
0.807,0.22204721312790873,0.22204721312790873,4.455303763040301,10.89810680679413,10.89810680679413,-13.608181604764624,-13.608181604764612,0.0
0.808,0.22649063210570716,0.22649063210570716,4.443418977798426,10.884568166219307,10.884568166219307,-13.538640574823901,-13.538640574823889,0.0
0.809,0.23092199919846337,0.23092199919846337,4.431367092756223,10.871099866932223,10.871099866932223,-13.468299287083596,-13.468299287083584,0.0
0.81,0.23534114789913627,0.23534114789913627,4.4191487006729036,10.857702697834569,10.857702697834569,-13.397169097654427,-13.397169097654414,0.0
0.811,0.23974791229960246,0.23974791229960246,4.406764400466182,10.844377436362677,10.844377436362677,-13.325261471891281,-13.325261471891269,0.0
0.812,0.2441421270967868,0.2441421270967868,4.394214797184319,10.831124848380231,10.831124848380231,-13.252587982446329,-13.252587982446316,0.0
0.8130000000000001,0.24852362759876473,0.24852362759876473,4.381500501977947,10.81794568807296,10.81794568807296,-13.179160307270621,-13.179160307270608,0.0
0.8140000000000001,0.2528922497308364,0.2528922497308364,4.3686221320716685,10.804840697845332,10.804840697845332,-13.104990227628122,-13.10499022762811,0.0
0.8150000000000001,0.25724783004157187,0.25724783004157187,4.355580310735439,10.791810608219231,10.791810608219231,-13.03008962610086,-13.030089626100848,0.0
0.8160000000000001,0.2615902057088276,0.2615902057088276,4.3423756672557285,10.778856137734671,10.778856137734671,-12.954470484560332,-12.954470484560321,0.0
0.8170000000000001,0.26591921454573403,0.26591921454573403,4.329008836906467,10.765977992852525,10.765977992852525,-12.878144882146003,-12.878144882145993,0.0
0.8180000000000001,0.2702346950066538,0.2702346950066538,4.315480460919773,10.753176867859317,10.753176867859317,-12.80112499320829,-12.80112499320828,0.0
0.8190000000000001,0.2745364861931103,0.2745364861931103,4.30179118645647,10.740453444774046,10.740453444774046,-12.72342308527108,-12.723423085271069,0.0
0.8200000000000001,0.27882442785968664,0.27882442785968664,4.287941666576386,10.727808393257101,10.727808393257101,-12.645051516944505,-12.645051516944495,0.0
0.8210000000000001,0.28309836041989506,0.28309836041989506,4.273932560208442,10.715242370521239,10.715242370521239,-12.566022735862603,-12.566022735862592,0.0
0.8220000000000001,0.28735812495201557,0.28735812495201557,4.25976453212053,10.702756021244657,10.702756021244657,-12.486349276581876,-12.486349276581866,0.0
0.8230000000000001,0.29160356320490477,0.29160356320490477,4.245438252889185,10.690349977486157,10.690349977486157,-12.406043758499408,-12.406043758499397,0.0
0.8240000000000001,0.29583451760377383,0.29583451760377383,4.230954398869041,10.678024858602447,10.678024858602447,-12.325118883710573,-12.325118883710562,0.0
0.8250000000000001,0.3000508312559359,0.3000508312559359,4.2163136521620865,10.665781271167532,10.665781271167532,-12.243587434914716,-12.243587434914705,0.0
0.8260000000000001,0.3042523479565226,0.3042523479565226,4.2015167005867164,10.653619808894263,10.653619808894263,-12.161462273269308,-12.161462273269297,0.0
0.8270000000000001,0.3084389121941692,0.3084389121941692,4.1865642376465715,10.641541052557999,10.641541052557999,-12.078756336263652,-12.078756336263641,0.0
0.8280000000000001,0.3126103691566684,0.3126103691566684,4.1714569624991835,10.629545569922447,10.629545569922447,-11.995482635551724,-11.995482635551713,0.0
0.8290000000000001,0.3167665647365928,0.3167665647365928,4.156195579924415,10.61763391566764,10.61763391566764,-11.911654254808113,-11.911654254808102,0.0
0.8300000000000001,0.3209073455368855,0.3209073455368855,4.140780800292698,10.605806631320089,10.605806631320089,-11.827284347550204,-11.827284347550194,0.0
0.8310000000000001,0.3250325588764186,0.3250325588764186,4.125213339533082,10.594064245185113,10.594064245185113,-11.742386134976357,-11.742386134976346,0.0
0.8320000000000001,0.32914205279551967,0.32914205279551967,4.109493919101073,10.58240727228134,10.58240727228134,-11.6569729037721,-11.65697290377209,0.0
0.833,0.333235676061466,0.333235676061466,4.0936232659462854,10.570836214277412,10.570836214277412,-11.57105800392877,-11.571058003930043,0.0
0.834,0.33731327817394585,0.33731327817394585,4.077602112479898,10.55935155943087,10.55935155943087,-11.484654846542597,-11.484654846542586,0.0
0.835,0.34137470937048775,0.34137470937048775,4.061431196541916,10.547953782529259,10.547953782529259,-11.397776901610257,-11.397776901610246,0.0
0.836,0.345419820631856,0.345419820631856,4.045111261368242,10.536643344833434,10.536643344833434,-11.310437695824405,-11.310437695824394,0.0
0.837,0.34944846368741356,0.34944846368741356,4.028643055557557,10.525420694023076,10.525420694023076,-11.222650810358559,-11.222650810358548,0.0
0.838,0.3534604910204516,0.3534604910204516,4.012027333038014,10.514286264144436,10.514286264144436,-11.134429878639551,-11.13442987863954,0.0
0.839,0.3574557558734853,0.3574557558734853,3.9952648530337407,10.503240475560304,10.503240475560304,-11.04578858413241,-11.0457885841324,0.0
0.84,0.3614341122535165,0.3614341122535165,3.9783563800311623,10.492283734902202,10.492283734902202,-10.956740658102149,-10.95674065810214,0.0
0.841,0.36539541493726163,0.36539541493726163,3.961302683745136,10.48141643502482,10.48141643502482,-10.867299877382663,-10.867299877382655,0.0
0.842,0.3693395194763465,0.3693395194763465,3.9441045390849037,10.470638954962691,10.470638954962691,-10.777480062127864,-10.777480062127855,0.0
0.843,0.3732662822024664,0.3732662822024664,3.9267627261198643,10.4599516598891,10.4599516598891,-10.68729507359123,-10.68729507359122,0.0
0.844,0.37717556023251153,0.37717556023251153,3.9092780300451655,10.449354901077246,10.449354901077246,-10.596758811853846,-10.596758811853837,0.0
0.845,0.38106721147365863,0.38106721147365863,3.8916512411471174,10.438849015863651,10.438849015863651,-10.505885213595079,-10.50588521359507,0.0
0.846,0.38494109462842707,0.38494109462842707,3.8738831547684294,10.428434327613825,10.428434327613825,-10.414688249825943,-10.414688249825934,0.0
0.847,0.38879706919970036,0.38879706919970036,3.855974571273272,10.41811114569017,10.41811114569017,-10.323181923654445,-10.323181923654436,0.0
0.848,0.3926349954957125,0.3926349954957125,3.8379262960121645,10.407879765422166,10.407879765422166,-10.231380268004742,-10.231380268004733,0.0
0.849,0.3964547346349992,0.3964547346349992,3.8197391392866913,10.397740468078787,10.397740468078787,-10.139297343378928,-10.139297343378919,0.0
0.85,0.40025614855131325,0.40025614855131325,3.8014139163140452,10.38769352084319,10.38769352084319,-10.046947235597514,-10.046947235597505,0.0
0.851,0.4040390999985047,0.4040390999985047,3.782951447191405,10.377739176789667,10.377739176789667,-9.954344053522135,-9.954344053522126,0.0
0.852,0.4078034525553648,0.4078034525553648,3.7643525568601413,10.367877674862843,10.367877674862843,-9.861501926824445,-9.861501926824436,0.0
0.853,0.41154907063043467,0.41154907063043467,3.7456180750698596,10.358109239859145,10.358109239859145,-9.768435003698173,-9.768435003698164,0.0
0.854,0.41527581946677694,0.41527581946677694,3.726748836342277,10.348434082410527,10.348434082410527,-9.675157448617355,-9.675157448617346,0.0
0.855,0.41898356514671187,0.41898356514671187,3.707745679934936,10.33885239897046,10.33885239897046,-9.581683440067934,-9.581683440067925,0.0
0.856,0.4226721745965166,0.4226721745965166,3.688609449804757,10.329364371802162,10.329364371802162,-9.488027168297108,-9.4880271682971,0.0
0.857,0.42634151559108807,0.42634151559108807,3.6693409945714306,10.319970168969116,10.319970168969116,-9.394202833046705,-9.394202833046696,0.0
0.858,0.4299914567585687,0.4299914567585687,3.649941167480651,10.310669944327802,10.310669944327802,-9.300224641313193,-9.300224641313184,0.0
0.859,0.43362186758493587,0.43362186758493587,3.6304108263671937,10.30146383752273,10.30146383752273,-9.206106805072167,-9.206106805072158,0.0
0.86,0.4372326184185537,0.4372326184185537,3.6107508336178373,10.292351973983681,10.292351973983681,-9.111863539049025,-9.111863539049017,0.0
0.861,0.44082358047468784,0.44082358047468784,3.5909620561341304,10.283334464925222,10.283334464925222,-9.017509058459439,-9.01750905845943,0.0
0.862,0.44439462583998285,0.44439462583998285,3.5710453652950087,10.27441140734845,10.27441140734845,-8.923057576771143,-8.923057576771136,0.0
0.863,0.4479456274769021,0.4479456274769021,3.5510016369192594,10.265582884045006,10.265582884045006,-8.828523303444413,-8.828523303444406,0.0
0.864,0.4514764592281299,0.4514764592281299,3.530831751227837,10.256848963603279,10.256848963603279,-8.733920441727605,-8.733920441727598,0.0
0.865,0.45498699582093594,0.45498699582093594,3.510536592806033,10.248209700416895,10.248209700416895,-8.639263186383417,-8.63926318638341,0.0
0.866,0.45847711287150145,0.45847711287150145,3.4901170505654977,10.239665134695398,10.239665134695398,-8.544565721496866,-8.54456572149686,0.0
0.867,0.4619466868892076,0.4619466868892076,3.4695740177061207,10.23121529247718,10.23121529247718,-8.44984221821754,-8.449842218217533,0.0
0.868,0.46539559528088537,0.46539559528088537,3.4489083916777648,10.222860185644603,10.222860185644603,-8.35510683257823,-8.355106832578223,0.0
0.869,0.46882371635502723,0.46882371635502723,3.428121074141863,10.214599811941373,10.214599811941373,-8.260373703230073,-8.260373703230066,0.0
0.87,0.4722309293259601,0.4722309293259601,3.407212970932873,10.206434154992085,10.206434154992085,-8.165656949287836,-8.165656949287829,0.0
0.871,0.4756171143179797,0.4756171143179797,3.386184992019596,10.19836318432399,10.19836318432399,-8.070970668095256,-8.07097066809525,0.0
0.872,0.4789821523694461,0.4789821523694461,3.3650380514663576,10.190386855390953,10.190386855390953,-7.976328933036569,-7.976328933036562,0.0
0.873,0.4823259254368401,0.4823259254368401,3.343773067394056,10.1825051095996,10.1825051095996,-7.881745791353367,-7.88174579135336,0.0
0.874,0.4856483163987812,0.4856483163987812,3.3223909619410765,10.174717874337647,10.174717874337647,-7.787235261952574,-7.787235261952567,0.0
0.875,0.4889492090600053,0.4889492090600053,3.3008926612240734,10.167025063004393,10.167025063004393,-7.692811333253502,-7.692811333253495,0.0
0.876,0.4922284881553039,0.4922284881553039,3.2792790952986253,10.159426575043398,10.159426575043398,-7.598487960995826,-7.5984879609958185,0.0
0.877,0.49548603935342367,0.49548603935342367,3.2575511981197596,10.1519222959773,10.1519222959773,-7.504279066097297,-7.50427906609729,0.0
0.878,0.498721749260926,0.498721749260926,3.2357099075023523,10.144512097444792,10.144512097444792,-7.410198532507906,-7.410198532507899,0.0
0.879,0.5019355054260074,0.5019355054260074,3.2137561650814024,10.137195837239735,10.137195837239735,-7.316260205056935,-7.3162602050569285,0.0
0.88,0.5051271963422795,0.5051271963422795,3.1916909162721834,10.129973359352405,10.129973359352405,-7.222477887330214,-7.222477887330208,0.0
0.881,0.5082967114525098,0.5082967114525098,3.169515110230274,10.122844494012858,10.122844494012858,-7.1288653395473744,-7.128865339547368,0.0
0.882,0.5114439411523213,0.5114439411523213,3.147229699811469,10.115809057736413,10.115809057736413,-7.035436276444429,-7.035436276444423,0.0
0.883,0.5145687767938528,0.5145687767938528,3.1248356415315715,10.108866853371232,10.108866853371232,-6.942204365181226,-6.94220436518122,0.0
0.884,0.5176711106893789,0.5176711106893789,3.102333895526068,10.10201767014798,10.10201767014798,-6.849183223252453,-6.849183223252447,0.0
0.885,0.5207508361148886,0.5207508361148886,3.079725425509693,10.095261283731599,10.095261283731599,-6.756386416380877,-6.756386416380871,0.0
0.886,0.5238078473136245,0.5238078473136245,3.0570111987358746,10.08859745627511,10.08859745627511,-6.663827456488747,-6.6638274564887405,0.0
0.887,0.5268420394995805,0.5268420394995805,3.0341921859560728,10.082025936475503,10.082025936475503,-6.571519799607017,-6.571519799607011,0.0
0.888,0.5298533088609595,0.5298533088609595,3.0112693613790076,10.075546459631667,10.075546459631667,-6.479476843836096,-6.479476843836091,0.0
0.889,0.5328415525635892,0.5328415525635892,2.9882437026297786,10.06915874770434,10.06915874770434,-6.387711927327899,-6.387711927327894,0.0
0.89,0.535806668754298,0.535806668754298,2.965116190708878,10.062862509378094,10.062862509378094,-6.2962383262448185,-6.296238326244813,0.0
0.891,0.5387485565642491,0.5387485565642491,2.9418878099511,10.056657440125338,10.056657440125338,-6.20506925275599,-6.205069252755985,0.0
0.892,0.5416671161122335,0.5416671161122335,2.918559547984346,10.050543222272292,10.050543222272292,-6.114217853046,-6.114217853045995,0.0
0.893,0.5445622485079218,0.5445622485079218,2.8951323956883304,10.044519525066963,10.044519525066963,-6.023697205328915,-6.02369720532891,0.0
0.894,0.547433855855075,0.547433855855075,2.871607347153185,10.038586004749094,10.038586004749094,-5.933520317869423,-5.933520317869418,0.0
0.895,0.5502818412547129,0.5502818412547129,2.8479853996379676,10.032742304622051,10.032742304622051,-5.84370012704305,-5.843700127043045,0.0
0.896,0.553106108808242,0.553106108808242,2.8242675535290727,10.026988055126665,10.026988055126665,-5.7542494953857215,-5.754249495385716,0.0
0.897,0.5559065636205405,0.5559065636205405,2.8004548122985495,10.021322873917006,10.021322873917006,-5.665181209659309,-5.665181209659304,0.0
0.898,0.5586831118030028,0.5586831118030028,2.7765481824623257,10.015746365938057,10.015746365938057,-5.576507978949152,-5.576507978949147,0.0
0.899,0.5614356604765411,0.5614356604765411,2.752548673538341,10.010258123505288,10.010258123505288,-5.488242432768686,-5.488242432768682,0.0
0.9,0.5641641177745458,0.5641641177745458,2.728457298004593,10.00485772638612,10.00485772638612,-5.400397119167621,-5.400397119167617,0.0
0.901,0.5668683928458029,0.5668683928458029,2.7042750712570927,9.999544741883255,9.999544741883255,-5.3129845028649925,-5.312984502864988,0.0
0.902,0.5695483958573707,0.5695483958573707,2.6800030115677353,9.994318724919856,9.994318724919856,-5.226016963399971,-5.2260169633999665,0.0
0.903,0.5722040379974128,0.5722040379974128,2.655642140042089,9.98917921812654,9.98917921812654,-5.139506793314652,-5.139506793314648,0.0
0.904,0.5748352314779899,0.5748352314779899,2.631193480577098,9.98412575193025,9.98412575193025,-5.053466196290657,-5.053466196290652,0.0
0.905,0.5774418895378086,0.5774418895378086,2.606658059818708,9.979157844644861,9.979157844644861,-4.967907285388762,-4.967907285388757,0.0
0.906,0.5800239264449281,0.5800239264449281,2.582036907119412,9.97427500256361,9.97427500256361,-4.882842081251226,-4.882842081251222,0.0
0.907,0.5825812574994238,0.5825812574994238,2.5573310544957164,9.969476720053283,9.969476720053283,-4.798282510327212,-4.7982825103272075,0.0
0.908,0.5851137990360094,0.5851137990360094,2.5325415365855353,9.964762479650162,9.964762479650162,-4.714240403121295,-4.71424040312129,0.0
0.909,0.5876214684266149,0.5876214684266149,2.5076693906055096,9.960131752157702,9.960131752157702,-4.630727492459741,-4.630727492459736,0.0
0.91,0.5901041840829231,0.5901041840829231,2.482715656308254,9.95558399674591,9.95558399674591,-4.547755411792309,-4.547755411792305,0.0
0.911,0.5925618654588626,0.5925618654588626,2.457681375939534,9.951118661052444,9.951118661052444,-4.465335693465633,-4.465335693465629,0.0
0.912,0.594994433053058,0.594994433053058,2.4325675941953744,9.946735181285376,9.946735181285376,-4.383479767067655,-4.3834797670676515,0.0
0.913,0.5974018084112371,0.5974018084112371,2.407375358179101,9.942432982327631,9.942432982327631,-4.302198957745418,-4.302198957745414,0.0
0.914,0.5997839141285954,0.5997839141285954,2.3821057173583187,9.938211477843033,9.938211477843033,-4.22150448459746,-4.221504484597457,0.0
0.915,0.6021406738521172,0.6021406738521172,2.356759723521823,9.934070070384026,9.934070070384026,-4.1414074590075955,-4.141407459007592,0.0
0.916,0.6044720122828536,0.6044720122828536,2.3313384307364546,9.930008151500957,9.930008151500957,-4.061918883069282,-4.0619188830692785,0.0
0.917,0.6067778551781575,0.6067778551781575,2.3058428953038903,9.926025101852966,9.926025101852966,-3.9830496479904554,-3.983049647990452,0.0
0.918,0.6090581293538749,0.6090581293538749,2.280274175717378,9.922120291320418,9.922120291320418,-3.9048105325480975,-3.904810532548094,0.0
0.919,0.6113127626864934,0.6113127626864934,2.2546333326184147,9.918293079118907,9.918293079118907,-3.8272122015108323,-3.8272122015108287,0.0
0.92,0.6135416841152468,0.6135416841152468,2.228921428753371,9.914542813914764,9.914542813914764,-3.7502652041432327,-3.750265204143229,0.0
0.921,0.6157448236441768,0.6157448236441768,2.2031395289300613,9.910868833942077,9.910868833942077,-3.673979972687036,-3.673979972687033,0.0
0.922,0.6179221123441511,0.6179221123441511,2.1772886999742638,9.9072704671212,9.9072704671212,-3.598366820876109,-3.5983668208761057,0.0
0.923,0.6200734823548373,0.6200734823548373,2.151370010686193,9.903747031178707,9.903747031178707,-3.5234359424940465,-3.5234359424940433,0.0
0.924,0.6221988668866342,0.6221988668866342,2.12538453179692,9.900297833768803,9.900297833768803,-3.4491974099033484,-3.4491974099033453,0.0
0.925,0.6242982002225589,0.6242982002225589,2.099333335924754,9.896922172596156,9.896922172596156,-3.375661172647426,-3.375661172647423,0.0
0.926,0.6263714177200904,0.6263714177200904,2.0732174975315716,9.893619335540116,9.893619335540116,-3.3028370560401754,-3.3028370560401723,0.0
0.927,0.6284184558129695,0.6284184558129695,2.0470380928791125,9.890388600780327,9.890388600780327,-3.2307347597893,-3.2307347597892973,0.0
0.928,0.6304392520129547,0.6304392520129547,2.0207961999852273,9.887229236923673,9.887229236923673,-3.1593638566533855,-3.159363856653383,0.0
0.929,0.6324337449115348,0.6324337449115348,1.9944928985800914,9.884140503132588,9.884140503132588,-3.0887337910847634,-3.0887337910847608,0.0
0.93,0.6344018741815972,0.6344018741815972,1.96812927006238,9.881121649254649,9.881121649254649,-3.0188538779398755,-3.018853877939873,0.0
0.931,0.6363435805790526,0.6363435805790526,1.9417063974554083,9.878171915953471,9.878171915953471,-2.9497333011772042,-2.9497333011772016,0.0
0.932,0.6382588059444159,0.6382588059444159,1.9152253653632376,9.87529053484088,9.87529053484088,-2.8813811125907307,-2.881381112590728,0.0
0.933,0.6401474932043426,0.6401474932043426,1.8886872599267512,9.872476728610302,9.872476728610302,-2.813806230578919,-2.8138062305789164,0.0
0.934,0.6420095863731223,0.6420095863731223,1.8620931687796989,9.869729711171406,9.869729711171406,-2.747017438895938,-2.7470174388959356,0.0
0.935,0.643845030554127,0.643845030554127,1.8354441810047142,9.867048687785912,9.867048687785912,-2.681023385493475,-2.681023385493473,0.0
0.936,0.6456537719412163,0.6456537719412163,1.8087413870893048,9.864432855204615,9.864432855204615,-2.6158325812968286,-2.6158325812968264,0.0
0.937,0.6474357578200981,0.6474357578200981,1.7819858788818184,9.861881401805523,9.861881401805523,-2.5514533990929067,-2.5514533990929045,0.0
0.9380000000000001,0.6491909365696454,0.6491909365696454,1.7551787495473856,9.859393507733138,9.859393507733138,-2.487894072384478,-2.4878940723844756,0.0
0.9390000000000001,0.6509192576631693,0.6509192576631693,1.728321093523842,9.85696834503885,9.85696834503885,-2.4251626942888294,-2.425162694288827,0.0
0.9400000000000001,0.6526206716696469,0.6526206716696469,1.7014140064776304,9.854605077822404,9.854605077822404,-2.3632672164453083,-2.363267216445306,0.0
0.9410000000000001,0.6542951302549066,0.6542951302549066,1.6744585852596856,9.85230286237443,9.85230286237443,-2.302215447974376,-2.302215447974374,0.0
0.9420000000000001,0.6559425861827679,0.6559425861827679,1.6474559278613032,9.85006084731999,9.85006084731999,-2.242015054440216,-2.2420150544402144,0.0
0.9430000000000001,0.6575629933161379,0.6575629933161379,1.6204071333699948,9.84787817376316,9.84787817376316,-2.1826735568293287,-2.182673556829327,0.0
0.9440000000000001,0.6591563066180632,0.6591563066180632,1.59331330192533,9.845753975432592,9.845753975432592,-2.1241983305682055,-2.1241983305682037,0.0
0.9450000000000001,0.660722482152738,0.660722482152738,1.5661755346747686,9.843687378827997,9.843687378827997,-2.066596604594295,-2.0665966045942934,0.0
0.9460000000000001,0.6622614770864674,0.6622614770864674,1.5389949337294828,9.841677503367649,9.841677503367649,-2.009875460348809,-2.009875460348807,0.0
0.9470000000000001,0.6637732496885876,0.6637732496885876,1.511772602120174,9.839723461536693,9.839723461536693,-1.9540418309560437,-1.954041830956042,0.0
0.9480000000000001,0.6652577593323405,0.6652577593323405,1.4845096437528824,9.83782435903644,9.83782435903644,-1.8991025002534911,-1.8991025002534894,0.0
0.9490000000000001,0.6667149664957054,0.6667149664957054,1.457207163364794,9.835979294934459,9.835979294934459,-1.845064101980043,-1.8450641019800413,0.0
0.9500000000000001,0.6681448327621854,0.6681448327621854,1.429866266480046,9.834187361815529,9.834187361815529,-1.7919331189304444,-1.7919331189304428,0.0
0.9510000000000001,0.6695473208215509,0.6695473208215509,1.402488059365531,9.83244764593342,9.83244764593342,-1.7397158821079728,-1.7397158821079712,0.0
0.9520000000000001,0.6709223944705376,0.6709223944705376,1.3750736489867033,9.830759227363417,9.830759227363417,-1.6884185700032361,-1.6884185700032346,0.0
0.9530000000000001,0.672270018613501,0.672270018613501,1.3476241429633893,9.829121180155658,9.829121180155658,-1.6380472077592856,-1.638047207759284,0.0
0.9540000000000001,0.6735901592630266,0.6735901592630266,1.320140649525602,9.827532572489165,9.827532572489165,-1.588607666493047,-1.5886076664930457,0.0
0.9550000000000001,0.6748827835404959,0.6748827835404959,1.2926242774693628,9.825992466826625,9.825992466826625,-1.5401056625403697,-1.5401056625403684,0.0
0.9560000000000001,0.6761478596766084,0.6761478596766084,1.2650761361125313,9.824499920069817,9.824499920069817,-1.4925467568076556,-1.4925467568076543,0.0
0.9570000000000001,0.6773853570118591,0.6773853570118591,1.2374973352506469,9.823053983715742,9.823053983715742,-1.4459363540755277,-1.4459363540755263,0.0
0.9580000000000001,0.6785952459969719,0.6785952459969719,1.2098889851127805,9.821653704013348,9.821653704013348,-1.4002797023930924,-1.400279702393091,0.0
0.9590000000000001,0.6797774981932893,0.6797774981932893,1.1822521963174015,9.820298122120901,9.820298122120901,-1.3555818924473328,-1.3555818924473317,0.0
0.96,0.6809320862731175,0.6809320862731175,1.1545880798282593,9.818986274263898,9.818986274263898,-1.3118478570035563,-1.3118478570037009,0.0
0.961,0.6820589840200278,0.6820589840200278,1.126897746910283,9.817717191893584,9.817717191893584,-1.2690823703138676,-1.2690823703138665,0.0
0.962,0.6831581663291133,0.6831581663291133,1.0991823090854993,9.81648990184598,9.81648990184598,-1.2272900476038018,-1.2272900476038007,0.0
0.963,0.6842296092072023,0.6842296092072023,1.0714428780889715,9.815303426501396,9.815303426501396,-1.186475344583826,-1.186475344583825,0.0
0.964,0.685273289773027,0.685273289773027,1.043680565824761,9.81415678394446,9.81415678394446,-1.1466425569359728,-1.1466425569359717,0.0
0.965,0.6862891862573489,0.6862891862573489,1.0158964843219123,9.813048988124587,9.813048988124587,-1.107795819873303,-1.107795819873302,0.0
0.966,0.6872772780030394,0.6872772780030394,0.9880917456904647,9.811979049016879,9.811979049016879,-1.069939107708251,-1.06993910770825,0.0
0.967,0.6882375454651168,0.6882375454651168,0.9602674620774913,9.810945972783397,9.810945972783397,-1.033076233481367,-1.0330762334813661,0.0
0.968,0.68916997021074,0.68916997021074,0.9324247456231672,9.809948761934889,9.809948761934889,-0.9972108485083453,-0.9972108485083444,0.0
0.969,0.6900745349191568,0.6900745349191568,0.9045647084168689,9.808986415492763,9.808986415492763,-0.9623464421260053,-0.9623464421260044,0.0
0.97,0.6909512233816101,0.6909512233816101,0.8766884624533059,9.808057929151477,9.808057929151477,-0.928486341285506,-0.9284863412855052,0.0
0.971,0.6918000205011988,0.6918000205011988,0.8487971195886878,9.807162295441163,9.807162295441163,-0.8956337103143142,-0.8956337103143134,0.0
0.972,0.6926209122926957,0.6926209122926957,0.8208917914969263,9.806298503890568,9.806298503890568,-0.8637915505946836,-0.8637915505946828,0.0
0.973,0.6934138858823216,0.6934138858823216,0.7929735896258764,9.805465541190209,9.805465541190209,-0.8329627003593743,-0.8329627003593735,0.0
0.974,0.6941789295074752,0.6941789295074752,0.7650436251536157,9.80466239135577,9.80466239135577,-0.8031498344394095,-0.8031498344394088,0.0
0.975,0.69491603251642,0.69491603251642,0.7371030089447662,9.803888035891674,9.803888035891674,-0.7743554640953221,-0.7743554640953214,0.0
0.976,0.6956251853679268,0.6956251853679268,0.7091528515068584,9.803141453954845,9.803141453954845,-0.7465819368288606,-0.74658193682886,0.0
0.977,0.6963063796308736,0.6963063796308736,0.68119426294674,9.802421622518589,9.802421622518589,-0.7198314362568681,-0.7198314362568674,0.0
0.978,0.6969596079838006,0.6969596079838006,0.6532283529270314,9.801727516536607,9.801727516536607,-0.6941059819816076,-0.6941059819816069,0.0
0.979,0.6975848642144232,0.6975848642144232,0.6252562306226288,9.80105810910709,9.80105810910709,-0.6694074295161556,-0.6694074295161551,0.0
0.98,0.6981821432191004,0.6981821432191004,0.597279004677257,9.800412371636881,9.800412371636881,-0.6457374702097951,-0.6457374702097946,0.0
0.981,0.6987514410022605,0.6987514410022605,0.5692977831600741,9.799789274005681,9.799789274005681,-0.6230976312000536,-0.623097631200053,0.0
0.982,0.6992927546757828,0.6992927546757828,0.5413136735223283,9.799187784730238,9.799187784730238,-0.6014892754429013,-0.6014892754429008,0.0
0.983,0.6998060824583369,0.6998060824583369,0.5133277825540706,9.798606871128563,9.798606871128563,-0.5809136016754479,-0.5809136016754474,0.0
0.984,0.7002914236746778,0.7002914236746778,0.48534121634092314,9.798045499484072,9.798045499484072,-0.5613716444905492,-0.5613716444905488,0.0
0.985,0.7007487787548987,0.7007487787548987,0.45735508022090554,9.79750263520969,9.79750263520969,-0.5428642743812162,-0.5428642743812158,0.0
0.986,0.7011781492336401,0.7011781492336401,0.42937047874132156,9.796977243011838,9.796977243011838,-0.5253921978525256,-0.5253921978525251,0.0
0.987,0.7015795377492557,0.7015795377492557,0.40138851561570654,9.796468287054301,9.796468287054301,-0.5089559575370828,-0.5089559575370823,0.0
0.988,0.7019529480429366,0.7019529480429366,0.3734102936808384,9.795974731122,9.795974731122,-0.49355593230160366,-0.4935559323016032,0.0
0.989,0.7022983849577904,0.7022983849577904,0.34543691485381295,9.795495538784522,9.795495538784522,-0.4791923374778406,-0.4791923374778402,0.0
0.99,0.7026158544378796,0.7026158544378796,0.31746948008918585,9.79502967355952,9.79502967355952,-0.4658652250011386,-0.4658652250011382,0.0
0.991,0.7029053635272158,0.7029053635272158,0.2895090893361824,9.794576099075844,9.794576099075844,-0.45357448367688846,-0.4535744836768881,0.0
0.992,0.7031669203687118,0.7031669203687118,0.26155684149597697,9.794133779236478,9.794133779236478,-0.4423198393652683,-0.4423198393652679,0.0
0.993,0.7034005342030908,0.7034005342030908,0.23361383437904382,9.793701678381137,9.793701678381137,-0.4321008553418437,-0.43210085534184334,0.0
0.994,0.7036062153677534,0.7036062153677534,0.20568116466258077,9.79327876144864,9.79327876144864,-0.42291693249651985,-0.42291693249651946,0.0
0.995,0.7037839752956013,0.7037839752956013,0.17775992784800734,9.792863994138925,9.792863994138925,-0.41476730971545805,-0.41476730971545767,0.0
0.996,0.7039338265138199,0.7039338265138199,0.14985121821853922,9.7924563430747,9.7924563430747,-0.40765106422391284,-0.40765106422391245,0.0
0.997,0.7040557826426167,0.7040557826426167,0.12195612879684037,9.792054775962772,9.792054775962772,-0.4015671119290687,-0.40156711192906835,0.0
0.998,0.7041498583939194,0.7041498583939194,0.09407575130275465,9.791658261754929,9.791658261754929,-0.396514207842813,-0.39651420784281266,0.0
0.999,0.7042160695700306,0.7042160695700306,0.06621117611111843,9.791265770808437,9.791265770808437,-0.3924909464920745,-0.39249094649207417,0.0
1.0,0.7042544330622402,0.7042544330622402,0.03836349220965575,9.79087627504607,9.79087627504607,-0.3894957623664652,-0.3894957623664649,0.0
1.0010000000000001,0.7042649668493972,0.7042649668493972,0.01053378715695788,9.790488748115685,9.790488748115685,-0.38752693038546226,-0.3875269303854189,0.0
1.002,0.7042476899964377,0.7042476899964377,-0.017276852959451437,9.790102165549273,9.790102165549273,-0.386582566411775,-0.3865825664118176,0.0
1.0030000000000001,0.7042026226528728,0.7042026226528728,-0.045067343564963246,9.789715504921546,9.789715504921546,-0.3866606277274087,-0.3866606277273654,0.0
1.004,0.7041297860512332,0.7041297860512332,-0.07283660163964162,9.7893277460079,9.7893277460079,-0.3877589136465076,-0.3877589136465503,0.0
1.0050000000000001,0.7040292025054733,0.7040292025054733,-0.10058354575989131,9.788937870941893,9.788937870941893,-0.3898750660056294,-0.38987506600558575,0.0
1.006,0.7039008954093333,0.7039008954093333,-0.1283070961400332,9.788544864372069,9.788544864372069,-0.39300656982454996,-0.39300656982459325,0.0
1.0070000000000001,0.7037448892346595,0.7037448892346595,-0.15600617467378594,9.788147713618194,9.788147713618194,-0.39715075387469767,-0.3971507538746532,0.0
1.008,0.7035612095296838,0.7035612095296838,-0.18367970497565245,9.787745408826861,9.787745408826861,-0.4023047913328526,-0.40230479133289687,0.0
1.0090000000000001,0.7033498829172616,0.7033498829172616,-0.21132661242220918,9.78733694312639,9.78733694312639,-0.40846570047214925,-0.40846570047210357,0.0
1.01,0.7031109370930684,0.7031109370930684,-0.23894582419329718,9.786921312781095,9.786921312781095,-0.41563034529445986,-0.41563034529450565,0.0
1.0110000000000001,0.7028444008237552,0.7028444008237552,-0.26653626931311314,9.786497517344792,9.786497517344792,-0.42379543630310934,-0.42379543630306193,0.0
1.012,0.702550303945064,0.702550303945064,-0.29409687869119855,9.786064559813616,9.786064559813616,-0.4329575311761147,-0.43295753117616237,0.0
1.0130000000000001,0.7022286773599007,0.7022286773599007,-0.3216265851633262,9.785621446778046,9.785621446778046,-0.4431130355690982,-0.44311303556904863,0.0
1.014,0.7018795530363684,0.7018795530363684,-0.3491243235322816,9.78516718857416,9.78516718857416,-0.4542582038862264,-0.4542582038862764,0.0
1.0150000000000001,0.7015029640057598,0.7015029640057598,-0.37658903060853854,9.784700799434109,9.784700799434109,-0.46638914005114884,-0.46638914005109666,0.0
1.016,0.701098944360509,0.701098944360509,-0.40401964525082645,9.784221297635737,9.784221297635737,-0.47950179837208395,-0.47950179837213674,0.0
1.0170000000000001,0.7006675292521024,0.7006675292521024,-0.4314151084065892,9.783727705651357,9.783727705651357,-0.4935919843802594,-0.4935919843802042,0.0
1.018,0.7002087548889501,0.7002087548889501,-0.4587743631523324,9.783219050295687,9.783219050295687,-0.508655355670129,-0.508655355670185,0.0
1.0190000000000001,0.6997226585342162,0.6997226585342162,-0.48609635473385887,9.782694362872855,9.782694362872855,-0.5246874228319598,-0.5246874228319011,0.0
1.02,0.6992092785036098,0.6992092785036098,-0.5133800306063901,9.782152679322497,9.782152679322497,-0.5416835503577744,-0.541683550357834,0.0
1.0210000000000001,0.6986686541631353,0.6986686541631353,-0.5406243404745726,9.78159304036497,9.78159304036497,-0.5596389575277527,-0.5596389575276901,0.0
1.022,0.6981008259268029,0.6981008259268029,-0.5678282363323671,9.781014491645506,9.781014491645506,-0.5785487194636119,-0.5785487194636756,0.0
1.0230000000000001,0.6975058352543001,0.6975058352543001,-0.5949906725028197,9.780416083877506,9.780416083877506,-0.5984077679990207,-0.5984077679989538,0.0
1.024,0.6968837246486224,0.6968837246486224,-0.6221106056777131,9.779796872984738,9.779796872984738,-0.6192108927685069,-0.6192108927685751,0.0
1.025,0.6962345376536653,0.6962345376536653,-0.6491869949570971,9.779155920242555,9.779155920242555,-0.6409527421826766,-0.6409527421827472,0.0
1.026,0.6955583188517765,0.6955583188517765,-0.6762188018886952,9.778492292418095,9.778492292418095,-0.6636278244602778,-0.6636278244602035,0.0
1.027,0.6948551138612694,0.6948551138612694,-0.7032049905071883,9.777805061909344,9.777805061909344,-0.6872305087508579,-0.6872305087509336,0.0
1.028,0.694124969333896,0.694124969333896,-0.7301445273733718,9.777093306883206,9.777093306883206,-0.7117550261384054,-0.7117550261383258,0.0
1.029,0.6933679329522828,0.6933679329522828,-0.7570363816131858,9.776356111412397,9.776356111412397,-0.7371954708084161,-0.7371954708084972,0.0
1.03,0.6925840534273262,0.6925840534273262,-0.7838795249566168,9.775592565611264,9.775592565611264,-0.7635458011332474,-0.763545801133162,0.0
1.031,0.6917733804955497,0.6917733804955497,-0.8106729317764698,9.774801765770421,9.774801765770421,-0.7907998408427375,-0.7907998408428245,0.0
1.032,0.6909359649164227,0.6909359649164227,-0.8374155791270077,9.773982814490253,9.773982814490253,-0.8189512801681786,-0.8189512801680869,0.0
1.033,0.6900718584696403,0.6900718584696403,-0.864106446782459,9.773134820813231,9.773134820813231,-0.8479936770218188,-0.8479936770219122,0.0
1.034,0.6891811139523648,0.6891811139523648,-0.8907445172753907,9.772256900355002,9.772256900355002,-0.8779204582296529,-0.8779204582295547,0.0
1.035,0.6882637851764298,0.6882637851764298,-0.9173287759349457,9.771348175434305,9.771348175434305,-0.908724920696713,-0.908724920696813,0.0
1.036,0.6873199269655049,0.6873199269655049,-0.943858210924942,9.770407775201594,9.770407775201594,-0.940400232710914,-0.9404002327108087,0.0
1.037,0.686349595152223,0.686349595152223,-0.9703318132818353,9.769434835766429,9.769434835766429,-0.9729394351651877,-0.9729394351652948,0.0
1.038,0.6853528465752705,0.6853528465752705,-0.996748576952539,9.768428500323616,9.768428500323616,-1.0063354428133664,-1.0063354428132538,0.0
1.039,0.6843297390764385,0.6843297390764385,-1.0231074988321058,9.76738791927799,9.76738791927799,-1.0405810456255438,-1.0405810456256583,0.0
1.04,0.6832803314976372,0.6832803314976372,-1.049407578801264,9.76631225036794,9.76631225036794,-1.0756689100492878,-1.0756689100491674,0.0
1.041,0.6822046836778735,0.6822046836778735,-1.0756478197638106,9.765200658787606,9.765200658787606,-1.111591580334803,-1.1115915803349254,0.0
1.042,0.6811028564501896,0.6811028564501896,-1.1018272276838597,9.764052317307652,9.764052317307652,-1.1483414799542402,-1.1483414799541116,0.0
1.043,0.6799749116385667,0.6799749116385667,-1.1279448116229422,9.762866406394785,9.762866406394785,-1.1859109128664613,-1.185910912866592,0.0
1.044,0.6788209120547898,0.6788209120547898,-1.1539995837769597,9.761642114329819,9.761642114329819,-1.2242920649665479,-1.2242920649664109,0.0
1.045,0.6776409214952768,0.6776409214952768,-1.1799905595129856,9.760378637324344,9.760378637324344,-1.2634770054749112,-1.2634770054750504,0.0
1.046,0.6764350047378709,0.6764350047378709,-1.2059167574059186,9.759075179636016,9.759075179636016,-1.30345768832818,-1.3034576883280342,0.0
1.047,0.6752032275385959,0.6752032275385959,-1.2317771992749817,9.757730953682376,9.757730953682376,-1.3442259536393664,-1.3442259536395145,0.0
1.048,0.6739456566283758,0.6739456566283758,-1.2575709102200678,9.75634518015326,9.75634518015326,-1.3857735291153972,-1.3857735291152422,0.0
1.049,0.6726623597097179,0.6726623597097179,-1.2832969186579317,9.754917088121726,9.754917088121726,-1.4280920315350443,-1.4280920315352015,0.0
1.05,0.6713534054533596,0.6713534054533596,-1.308954256358224,9.75344591515347,9.75344591515347,-1.4711729682552743,-1.4711729682551098,0.0
1.051,0.6700188634948803,0.6700188634948803,-1.3345419584793683,9.751930907414833,9.751930907414833,-1.5150077386376637,-1.5150077386378304,0.0
1.052,0.668658804431276,0.668658804431276,-1.3600590636042806,9.750371319779212,9.750371319779212,-1.559587635620474,-1.5595876356202996,0.0
1.053,0.6672732998175,0.6672732998175,-1.385504613775926,9.748766415932009,9.748766415932009,-1.604903847203687,-1.6049038472038637,0.0
1.054,0.6658624221629673,0.6658624221629673,-1.4108776545327157,9.747115468473991,9.747115468473991,-1.6509474580175265,-1.6509474580173418,0.0
1.055,0.6644262449280236,0.6644262449280236,-1.4361772349437414,9.745417759023152,9.745417759023152,-1.6977094508394686,-1.6977094508396555,0.0
1.056,0.6629648425203798,0.6629648425203798,-1.4614024076438443,9.743672578314976,9.743672578314976,-1.745180708175198,-1.7451807081750026,0.0
1.057,0.6614782902915113,0.6614782902915113,-1.4865522288685202,9.741879226301121,9.741879226301121,-1.7933520138555537,-1.7933520138557513,0.0
1.058,0.6599666645330227,0.6599666645330227,-1.511625758488657,9.740037012246512,9.740037012246512,-1.842214054608604,-1.842214054608398,0.0
1.059,0.6584300424729775,0.6584300424729775,-1.5366220600451044,9.738145254824857,9.738145254824857,-1.891757421654816,-1.8917574216550244,0.0
1.06,0.6568685022721945,0.6568685022721945,-1.5615402007830759,9.736203282212506,9.736203282212506,-1.941972612351961,-1.9419726123517436,0.0
1.061,0.6552821230205081,0.6552821230205081,-1.5863792516863782,9.734210432180678,9.734210432180678,-1.9928500318275866,-1.992850031827806,0.0
1.062,0.6536709847329967,0.6536709847329967,-1.6111382875114713,9.732166052186104,9.732166052186104,-2.044379994574186,-2.044379994573957,0.0
1.063,0.6520351683461754,0.6520351683461754,-1.635816386821354,9.73006949945993,9.73006949945993,-2.096552726174039,-2.09655272617427,0.0
1.064,0.650374755714156,0.650374755714156,-1.660412632019277,9.727920141095005,9.727920141095005,-2.1493583649245807,-2.14935836492434,0.0
1.065,0.6486898296047737,0.6486898296047737,-1.6849261093822787,9.725717354131493,9.725717354131493,-2.202786963511727,-2.2027869635119695,0.0
1.066,0.6469804736956791,0.6469804736956791,-1.7093559090945478,9.723460525640776,9.723460525640776,-2.2568284907169556,-2.256828490716703,0.0
1.067,0.6452467725703985,0.6452467725703985,-1.7337011252806047,9.721149052807657,9.721149052807657,-2.311472833119055,-2.3114728331193093,0.0
1.068,0.6434888117143602,0.6434888117143602,-1.7579608560383064,9.718782343010853,9.718782343010853,-2.3667097968047557,-2.366709796804491,0.0
1.069,0.6417066775108886,0.6417066775108886,-1.782134203471671,9.716359813901786,9.716359813901786,-2.4225291090669288,-2.4225291090671957,0.0
1.07,0.639900457237165,0.639900457237165,-1.8062202737235205,9.713880893481608,9.713880893481608,-2.4789204201773885,-2.478920420177111,0.0
1.071,0.6380702390601571,0.6380702390601571,-1.830218177007942,9.711345020176537,9.711345020176537,-2.5358733050708793,-2.5358733050711586,0.0
1.072,0.6362161120325146,0.6362161120325146,-1.8541270276425654,9.708751642911366,9.708751642911366,-2.5933772651711706,-2.59337726517088,0.0
1.073,0.634338166088434,0.634338166088434,-1.8779459440806558,9.706100221181288,9.706100221181288,-2.651421730078596,-2.651421730078888,0.0
1.074,0.6324364920394909,0.6324364920394909,-1.9016740489430208,9.703390225121904,9.703390225121904,-2.7099960593837125,-2.709996059383409,0.0
1.075,0.6305111815704412,0.6305111815704412,-1.9253104690497307,9.700621135577482,9.700621135577482,-2.769089544422343,-2.769089544422648,0.0
1.076,0.6285623272349895,0.6285623272349895,-1.9488543354516505,9.6977924441674,9.6977924441674,-2.828691410082129,-2.8286914100818126,0.0
1.077,0.6265900224515277,0.6265900224515277,-1.9723047834617842,9.694903653350831,9.694903653350831,-2.888790816568232,-2.88879081656855,0.0
1.078,0.6245943614988413,0.6245943614988413,-1.995660952686426,9.691954276489602,9.691954276489602,-2.9493768612294247,-2.9493768612290947,0.0
1.079,0.6225754395117852,0.6225754395117852,-2.0189219870561237,9.688943837909246,9.688943837909246,-3.0104385803557676,-3.0104385803560993,0.0
1.08,0.6205333524769288,0.6205333524769288,-2.042087034856447,9.685871872958254,9.685871872958254,-3.0719649509922675,-3.071964950991924,0.0
1.081,0.6184681972281701,0.6184681972281701,-2.065155248758564,9.682737928065482,9.682737928065482,-3.133944892772078,-3.133944892772423,0.0
1.082,0.6163800714423205,0.6163800714423205,-2.0881257858496207,9.679541560795753,9.679541560795753,-3.196367269728384,-3.1963672697280265,0.0
1.083,0.6142690736346577,0.6142690736346577,-2.1109978076629297,9.676282339903604,9.676282339903604,-3.2592208921489174,-3.2592208921492762,0.0
1.084,0.6121353031544498,0.6121353031544498,-2.1337704802079562,9.6729598453852,9.6729598453852,-3.322494518403829,-3.3224945184034573,0.0
1.085,0.6099788601804497,0.6099788601804497,-2.156442974000112,9.669573668528402,9.669573668528402,-3.3861768567984285,-3.3861768567988015,0.0
1.086,0.6077998457163594,0.6077998457163594,-2.1790144640903457,9.666123411960978,9.666123411960978,-3.450256567424148,-3.450256567423762,0.0
1.087,0.6055983615862648,0.6055983615862648,-2.201484130094537,9.662608689696967,9.662608689696967,-3.514722264011283,-3.51472226401167,0.0
1.088,0.6033745104300421,0.6033745104300421,-2.2238511562226884,9.659029127181167,9.659029127181167,-3.579562515799495,-3.5795625157990942,0.0
1.089,0.6011283956987342,0.6011283956987342,-2.2461147313079146,9.655384361331766,9.655384361331766,-3.6447658494012103,-3.6447658494016117,0.0
1.09,0.598860121649899,0.598860121649899,-2.2682740488352313,9.651674040581101,9.651674040581101,-3.7103207506650193,-3.710320750664604,0.0
1.091,0.5965697933429288,0.5965697933429288,-2.2903283069701375,9.647897824914537,9.647897824914537,-3.7762156665639424,-3.7762156665643585,0.0
1.092,0.5942575166343418,0.5942575166343418,-2.3122767085869955,9.644055385907489,9.644055385907489,-3.8424390070481707,-3.8424390070477408,0.0
1.093,0.5919233981730446,0.5919233981730446,-2.3341184612972037,9.640146406760522,9.640146406760522,-3.9089791469670843,-3.9089791469675146,0.0
1.094,0.5895675453955674,0.5895675453955674,-2.3558527774771614,9.63617058233261,9.63617058233261,-3.975824427911334,-3.975824427910889,0.0
1.095,0.5871900665212714,0.5871900665212714,-2.3774788742960293,9.632127619172493,9.632127619172493,-4.042963160117097,-4.042963160117542,0.0
1.096,0.5847910705475281,0.5847910705475281,-2.398995973743279,9.62801723554813,9.62801723554813,-4.110383624363223,-4.110383624362763,0.0
1.097,0.5823706672448721,0.5823706672448721,-2.4204033026560334,9.623839161474283,9.623839161474283,-4.178074073847071,-4.178074073847531,0.0
1.098,0.5799289671521258,0.5799289671521258,-2.4417000927461956,9.619593138738193,9.619593138738193,-4.246022736090538,-4.246022736090063,0.0
1.099,0.5774660815714985,0.5774660815714985,-2.4628855806273684,9.615278920923375,9.615278920923375,-4.314217814817667,-4.314217814818142,0.0
1.1,0.5749821225636569,0.5749821225636569,-2.4839590078415608,9.61089627343151,9.61089627343151,-4.382647491864233,-4.382647491863743,0.0
1.101,0.5724772029427712,0.5724772029427712,-2.5049196208856794,9.606444973502438,9.606444973502438,-4.451299929073116,-4.451299929073606,0.0
1.102,0.5699514362715333,0.5699514362715333,-2.525766671237809,9.601924810232266,9.601924810232266,-4.520163270171906,-4.5201632701714,0.0
1.103,0.56740493685615,0.56740493685615,-2.5464994153832734,9.597335584589565,9.597335584589565,-4.5892256427002565,-4.589225642700762,0.0
1.104,0.5648378197413095,0.5648378197413095,-2.567117114840486,9.592677109429687,9.592677109429687,-4.658475159878606,-4.658475159878084,0.0
1.105,0.562250200705123,0.562250200705123,-2.58761903618658,9.587949209507165,9.587949209507165,-4.727899922521317,-4.727899922521837,0.0
1.106,0.5596421962540402,0.5596421962540402,-2.60800445108282,9.583151721486246,9.583151721486246,-4.797488020919616,-4.797488020919079,0.0
1.107,0.5570139236177404,0.5570139236177404,-2.628272636299799,9.578284493949491,9.578284493949491,-4.867227536754726,-4.867227536755262,0.0
1.108,0.5543655007439979,0.5543655007439979,-2.648422873742412,9.57334738740453,9.57334738740453,-4.937106544961267,-4.937106544960715,0.0
1.109,0.5516970462935233,0.5516970462935233,-2.6684544504746124,9.56834027428888,9.56834027428888,-5.007113115649275,-5.007113115649827,0.0
1.11,0.5490086796347794,0.5490086796347794,-2.6883666587439463,9.563263038972902,9.563263038972902,-5.077235315978257,-5.077235315977688,0.0
1.111,0.5463005208387736,0.5463005208387736,-2.7081587960058644,9.558115577760857,9.558115577760857,-5.147461212045457,-5.147461212046023,0.0
1.112,0.5435726906738257,0.5435726906738257,-2.7278301649478114,9.552897798890083,9.552897798890083,-5.217778870774126,-5.217778870773542,0.0
1.113,0.5408253106003127,0.5408253106003127,-2.7473800735130935,9.547609622528293,9.547609622528293,-5.288176361789354,-5.288176361789937,0.0
1.114,0.5380585027653881,0.5380585027653881,-2.7668078349245198,9.54225098076898,9.54225098076898,-5.358641759313443,-5.358641759312843,0.0
1.115,0.5352723899976803,0.5352723899976803,-2.7861127677078197,9.536821817624965,9.536821817624965,-5.429163144015092,-5.42916314401569,0.0
1.116,0.5324670958019655,0.5324670958019655,-2.805294195714835,9.531322089020053,9.531322089020053,-5.49972860491188,-5.499728604911264,0.0
1.117,0.529642744353819,0.529642744353819,-2.824351448146484,9.52575176277884,9.52575176277884,-5.570326241212342,-5.570326241212956,0.0
1.118,0.5267994604942434,0.5267994604942434,-2.8432838595754992,9.520110818614647,9.520110818614647,-5.640944164193584,-5.640944164192953,0.0
1.119,0.5239373697242745,0.5239373697242745,-2.862090769968938,9.514399248115582,9.514399248115582,-5.711570499064678,-5.7115704990653064,0.0
1.12,0.5210565981995641,0.5210565981995641,-2.8807715247104633,9.508617054728774,9.508617054728774,-5.782193386808743,-5.782193386808095,0.0
1.121,0.5181572727249417,0.5181572727249417,-2.8993254746223944,9.50276425374274,9.50276425374274,-5.8528009860339125,-5.852800986034557,0.0
1.122,0.5152395207489542,0.5152395207489542,-2.917751975987529,9.496840872267901,9.496840872267901,-5.923381474838507,-5.923381474837845,0.0
1.123,0.5123034703583834,0.5123034703583834,-2.936050390570734,9.490846949215282,9.490846949215282,-5.993923052619365,-5.993923052620025,0.0
1.124,0.5093492502727431,0.5093492502727431,-2.954220085640304,9.48478253527336,9.48478253527336,-6.064413941921032,-6.064413941920353,0.0
1.125,0.506376989838754,0.506376989838754,-2.9722604339890895,9.478647692883097,9.478647692883097,-6.134842390263628,-6.134842390264304,0.0
1.1260000000000001,0.5033868190247986,0.5033868190247986,-2.990170813955389,9.472442496211144,9.472442496211144,-6.205196671952962,-6.205196671952267,0.0
1.127,0.5003788684153551,0.5003788684153551,-3.0079506094436104,9.466167031121238,9.466167031121238,-6.275465089906618,-6.275465089907309,0.0
1.1280000000000001,0.49735326920541034,0.49735326920541034,-3.025599209944697,9.459821395143784,9.459821395143784,-6.345635977453412,-6.345635977452702,0.0
1.129,0.494310153194854,0.494310153194854,-3.0431160105563193,9.453405697443664,9.453405697443664,-6.415697700120404,-6.415697700121111,0.0
1.1300000000000001,0.49124965278285115,0.49124965278285115,-3.0605004120028303,9.446920058786215,9.446920058786215,-6.485638657448334,-6.485638657447608,0.0
1.131,0.48817190096219615,0.48817190096219615,-3.0777518206549854,9.440364611501456,9.440364611501456,-6.555447284759097,-6.555447284759819,0.0
1.1320000000000001,0.4850770313136467,0.4850770313136467,-3.0948696485494254,9.433739499446535,9.433739499446535,-6.625112054921445,-6.625112054920703,0.0
1.133,0.4819651780002388,0.4819651780002388,-3.1118533134079227,9.427044877966383,9.427044877966383,-6.6946214801522075,-6.694621480152945,0.0
1.1340000000000001,0.4788364757615824,0.4788364757615824,-3.128702238656389,9.420280913852647,9.420280913852647,-6.76396411373581,-6.763964113735053,0.0
1.135,0.47569105990813876,0.47569105990813876,-3.145415853443644,9.41344778530086,9.41344778530086,-6.833128551786416,-6.833128551787168,0.0
1.1360000000000001,0.4725290663154788,0.4725290663154788,-3.1619935926599463,9.40654568186585,9.40654568186585,-6.902103435010076,-6.902103435009304,0.0
1.137,0.4693506314185235,0.4693506314185235,-3.178434896955284,9.39957480441545,9.39957480441545,-6.970877450401147,-6.970877450401915,0.0
1.1380000000000001,0.4661558922057661,0.4661558922057661,-3.194739212757425,9.39253536508247,9.39253536508247,-7.039439332979569,-7.039439332978781,0.0
1.139,0.46294498621347635,0.46294498621347635,-3.210905992289726,9.38542758721496,9.38542758721496,-7.107777867510379,-7.107777867511161,0.0
1.1400000000000001,0.45971805151988765,0.45971805151988765,-3.226934693588702,9.378251705324784,9.378251705324784,-7.175881890175262,-7.175881890174459,0.0
1.141,0.4564752267393663,0.4564752267393663,-3.2428247805213535,9.371007965034487,9.371007965034487,-7.243740290297396,-7.243740290298193,0.0
1.1420000000000001,0.45321665101656405,0.45321665101656405,-3.258575722802249,9.363696623022488,9.363696623022488,-7.311342011998789,-7.311342011997971,0.0
1.143,0.4499424640205537,0.4499424640205537,-3.274186996010368,9.35631794696661,9.35631794696661,-7.378676055877165,-7.378676055877977,0.0
1.1440000000000001,0.446652805938948,0.446652805938948,-3.2896580816056975,9.348872215485958,9.348872215485958,-7.44573148065264,-7.445731480651807,0.0
1.145,0.4433478174720024,0.4433478174720024,-3.304988466945589,9.341359718081133,9.341359718081133,-7.512497404825069,-7.512497404825897,0.0
1.1460000000000001,0.44002763982670157,0.44002763982670157,-3.3201776453008676,9.33378075507283,9.33378075507283,-7.5789630083029635,-7.578963008302115,0.0
1.147,0.43669241471082987,0.43669241471082987,-3.3352251158716952,9.326135637538798,9.326135637538798,-7.6451175340324085,-7.6451175340332505,0.0
1.1480000000000001,0.43334228432702665,0.43334228432702665,-3.3501303838031946,9.318424687249218,9.318424687249218,-7.710950289579799,-7.7109502895789355,0.0
1.149,0.42997739136682583,0.42997739136682583,-3.364892960200821,9.310648236600446,9.310648236600446,-7.776450648771416,-7.776450648772272,0.0
1.1500000000000001,0.4265978790046803,0.4265978790046803,-3.379512362145492,9.302806628547204,9.302806628547204,-7.84160805324241,-7.841608053241533,0.0
1.151,0.42320389089197186,0.42320389089197186,-3.39398811270847,9.294900216533184,9.294900216533184,-7.906412014019537,-7.9064120140204075,0.0
1.1520000000000001,0.41979557115100585,0.41979557115100585,-3.408319740965996,9.286929364420097,9.286929364420097,-7.970852113087901,-7.970852113087009,0.0
1.153,0.4163730643689922,0.4163730643689922,-3.422506782013679,9.278894446415169,9.278894446415169,-8.034918004927505,-8.03491800492839,0.0
1.154,0.41293651559201155,0.41293651559201155,-3.4365487769806347,9.270795846997128,9.270795846997128,-8.09859941804092,-8.098599418041811,0.0
1.155,0.40948607031896816,0.40948607031896816,-3.450445273043378,9.262633960840647,9.262633960840647,-8.161886156480946,-8.161886156480033,0.0
1.156,0.4060218744955287,0.4060218744955287,-3.464195823439467,9.2544091927393,9.2544091927393,-8.224768101346314,-8.22476810134722,0.0
1.157,0.4025440745080478,0.4025440745080478,-3.477799987480898,9.246121957527029,9.246121957527029,-8.287235212272037,-8.28723521227111,0.0
1.158,0.39905281717748053,0.39905281717748053,-3.4912573305672496,9.237772679998114,9.237772679998114,-8.349277528914456,-8.349277528915376,0.0
1.159,0.39554824975328196,0.39554824975328196,-3.5045674241985805,9.229361794825731,9.229361794825731,-8.410885172382976,-8.410885172382034,0.0
1.16,0.3920305199072939,0.3920305199072939,-3.5177298459880744,9.220889746479003,9.220889746479003,-8.472048346728656,-8.472048346729588,0.0
1.161,0.38849977572761946,0.38849977572761946,-3.530744179674436,9.212356989138671,9.212356989138671,-8.532757340331543,-8.532757340330587,0.0
1.162,0.3849561657124854,0.3849561657124854,-3.543610015134038,9.203763986611332,9.203763986611332,-8.593002527339522,-8.593002527340468,0.0
1.163,0.3813998387640926,0.3813998387640926,-3.556326948392814,9.195111212242264,9.195111212242264,-8.652774369068084,-8.652774369067116,0.0
1.164,0.3778309441824547,0.3778309441824547,-3.5688945816379025,9.1863991488269,9.1863991488269,-8.712063415362792,-8.712063415363751,0.0
1.165,0.3742496316592257,0.3742496316592257,-3.5813125232290397,9.177628288520904,9.177628288520904,-8.770860305997275,-8.770860305996292,0.0
1.166,0.370656051271516,0.370656051271516,-3.5935803877096992,9.168799132748903,9.168799132748903,-8.829155772000163,-8.829155772001135,0.0
1.167,0.36705035347569803,0.36705035347569803,-3.6056977958179814,9.159912192111904,9.159912192111904,-8.886940636999796,-8.886940636998801,0.0
1.168,0.3634326891012008,0.3634326891012008,-3.6176643744972496,9.150967986293361,9.150967986293361,-8.944205818542272,-8.944205818543258,0.0
1.169,0.3598032093442943,0.3598032093442943,-3.6294797569065134,9.14196704396397,9.14196704396397,-9.000942329391748,-9.00094232939074,0.0
1.17,0.3561620657618637,0.3561620657618637,-3.6411435824305607,9.132909902685148,9.132909902685148,-9.057141278821845,-9.057141278822844,0.0
1.171,0.35250941026517385,0.35250941026517385,-3.6526554966898366,9.123797108811276,9.123797108811276,-9.112793873871539,-9.112793873870519,0.0
1.172,0.3488453951136238,0.3488453951136238,-3.664015151550068,9.114629217390672,9.114629217390672,-9.16789142060459,-9.1678914206056,0.0
1.173,0.34517017290849217,0.34517017290849217,-3.675222205131636,9.105406792065324,9.105406792065324,-9.222425325347672,-9.22242532534664,0.0
1.174,0.3414838965866735,0.3414838965866735,-3.6862763218186934,9.096130404969426,9.096130404969426,-9.276387095898286,-9.276387095899308,0.0
1.175,0.33778671941440547,0.33778671941440547,-3.697177172268032,9.08680063662671,9.08680063662671,-9.329768342714928,-9.329768342713884,0.0
1.176,0.33407879498098775,0.33407879498098775,-3.7079244334176926,9.077418075846591,9.077418075846591,-9.382560780119675,-9.38256078012071,0.0
1.177,0.33036027719249245,0.33036027719249245,-3.71851778849532,9.067983319619145,9.067983319619145,-9.434756227445718,-9.434756227444662,0.0
1.178,0.32663132026546615,0.32663132026546615,-3.7289569270262697,9.058496973008968,9.058496973008968,-9.486346610177776,-9.48634661017882,0.0
1.179,0.3228920787206247,0.3228920787206247,-3.739241544841454,9.04895964904788,9.04895964904788,-9.537323961087196,-9.537323961086129,0.0
1.18,0.31914270737653977,0.31914270737653977,-3.749371344084937,9.03937196862654,9.03937196862654,-9.587680421340394,-9.58768042134145,0.0
1.181,0.3153833613433185,0.3153833613433185,-3.759346033221274,9.029734560384963,9.029734560384963,-9.637408241577106,-9.637408241576027,0.0
1.182,0.31161419601627594,0.31161419601627594,-3.7691653270425967,9.020048060601974,9.020048060601974,-9.686499782988633,-9.686499782989701,0.0
1.183,0.3078353670696005,0.3078353670696005,-3.7788289466754437,9.01031311308361,9.01031311308361,-9.734947518364123,-9.734947518363034,0.0
1.184,0.3040470304500132,0.3040470304500132,-3.7883366195873354,9.000530369050484,9.000530369050484,-9.782744033126178,-9.782744033127257,0.0
1.185,0.3002493423704201,0.3002493423704201,-3.7976880795930947,8.990700487024142,8.990700487024142,-9.829882026341608,-9.829882026340508,0.0
1.186,0.2964424593035592,0.2964424593035592,-3.806883066860913,8.980824132712435,8.980824132712435,-9.876354311707303,-9.87635431170839,0.0
1.187,0.2926265379756411,0.2926265379756411,-3.8159213279181587,8.97090197889389,8.97090197889389,-9.922153818544999,-9.922153818543888,0.0
1.188,0.28880173535998416,0.28880173535998416,-3.8248026156569357,8.960934705301165,8.960934705301165,-9.967273592724979,-9.967273592726077,0.0
1.189,0.28496820867064476,0.28496820867064476,-3.8335266893393802,8.950922998503536,8.950922998503536,-10.011706797628861,-10.01170679762774,0.0
1.19,0.28112611535604204,0.28112611535604204,-3.842093314602708,8.940867551788495,8.940867551788495,-10.055446715041327,-10.055446715042434,0.0
1.191,0.27727561309257803,0.27727561309257803,-3.8505022634640027,8.930769065042428,8.930769065042428,-10.098486746066726,-10.098486746065596,0.0
1.192,0.2734168597782533,0.2734168597782533,-3.8587533143247508,8.920628244630446,8.920628244630446,-10.140820411981721,-10.140820411982839,0.0
1.193,0.26955001352627816,0.26955001352627816,-3.8668462519751214,8.910445803275344,8.910445803275344,-10.182441355102156,-10.182441355101018,0.0
1.194,0.26567523265868015,0.26567523265868015,-3.8747808675979893,8.900222459935726,8.900222459935726,-10.22334333961794,-10.223343339619067,0.0
1.195,0.26179267569990744,0.26179267569990744,-3.882556958772705,8.889958939683329,8.889958939683329,-10.26352025239774,-10.26352025239659,0.0
1.196,0.2579025013704288,0.2579025013704288,-3.890174329478607,8.879655973579538,8.879655973579538,-10.302966103790112,-10.302966103791247,0.0
1.197,0.2540048685803305,0.2540048685803305,-3.897632790098282,8.86931429855115,8.86931429855115,-10.341675028389119,-10.34167502838796,0.0
1.198,0.25009993642290995,0.25009993642290995,-3.9049321574205673,8.85893465726535,8.85893465726535,-10.379641285799934,-10.379641285801078,0.0
1.199,0.24618786416826666,0.24618786416826666,-3.9120722546433,8.848517798004009,8.848517798004009,-10.416859261340505,-10.41685926133934,0.0
1.2,0.24226881125689084,0.24226881125689084,-3.9190529113758092,8.838064474537216,8.838064474537216,-10.453323466792952,-10.453323466794103,0.0
1.201,0.23834293729324968,0.23834293729324968,-3.925873963641157,8.827575445996166,8.827575445996166,-10.48902854105016,-10.489028541048986,0.0
1.202,0.23441040203937155,0.23441040203937155,-3.93253525387812,8.817051476745345,8.817051476745345,-10.523969250820997,-10.523969250822155,0.0
1.203,0.23047136540842864,0.23047136540842864,-3.939036630942921,8.806493336254098,8.806493336254098,-10.558140491246704,-10.558140491245522,0.0
1.204,0.22652598745831792,0.22652598745831792,-3.9453779501107014,8.795901798967554,8.795901798967554,-10.59153728654394,-10.591537286545107,0.0
1.205,0.2225744283852412,0.2225744283852412,-3.951559073076743,8.785277644176944,8.785277644176944,-10.624154790610518,-10.62415479060933,0.0
1.206,0.21861684851728375,0.21861684851728375,-3.957579867957433,8.774621655889339,8.774621655889339,-10.655988287604501,-10.655988287605675,0.0
1.207,0.21465340830799276,0.21465340830799276,-3.963440209290977,8.763934622696848,8.763934622696848,-10.687033192491313,-10.687033192490118,0.0
1.208,0.2106842683299549,0.2106842683299549,-3.969139978037855,8.753217337645237,8.753217337645237,-10.717285051610403,-10.717285051611583,0.0
1.209,0.20670958926837388,0.20670958926837388,-3.974679061581027,8.74247059810206,8.74247059810206,-10.746739543177952,-10.74673954317675,0.0
1.21,0.202729531914648,0.202729531914648,-3.9800573537258823,8.731695205624266,8.731695205624266,-10.775392477793133,-10.77539247779432,0.0
1.211,0.19874425715994806,0.19874425715994806,-3.9852747546999368,8.720891965825373,8.720891965825373,-10.80323979889286,-10.803239798891651,0.0
1.212,0.1947539259887958,0.1947539259887958,-3.990331171152275,8.71006168824213,8.71006168824213,-10.830277583243841,-10.830277583245033,0.0
1.213,0.19075869947264304,0.19075869947264304,-3.995226516152742,8.699205186200802,8.699205186200802,-10.856502041328042,-10.856502041326827,0.0
1.214,0.18675873876345217,0.18675873876345217,-3.9999607091908804,8.688323276683,8.688323276683,-10.881909517800992,-10.88190951780219,0.0
1.215,0.18275420508727755,0.18275420508727755,-4.0045336761746135,8.677416780191155,8.677416780191155,-10.906496491845274,-10.906496491844054,0.0
1.216,0.17874525973784888,0.17874525973784888,-4.0089453494286795,8.666486520613608,8.666486520613608,-10.930259577547119,-10.930259577548323,0.0
1.217,0.17473206407015607,0.17473206407015607,-4.01319566769281,8.655533325089353,8.655533325089353,-10.953195524255221,-10.953195524253996,0.0
1.218,0.1707147794940364,0.1707147794940364,-4.017284576119658,8.644558023872458,8.644558023872458,-10.975301216895161,-10.97530121689637,0.0
1.219,0.16669356746776393,0.16669356746776393,-4.021212026272475,8.63356145019621,8.63356145019621,-10.996573676248289,-10.996573676247058,0.0
1.22,0.1626685894916414,0.1626685894916414,-4.024977976122537,8.62254444013693,8.62254444013693,-11.017010059278576,-11.017010059279789,0.0
1.221,0.1586400071015951,0.1586400071015951,-4.0285823900463145,8.611507832477574,8.611507832477574,-11.036607659356434,-11.0366076593552,0.0
1.222,0.1546079818627727,0.1546079818627727,-4.032025238822397,8.600452468571078,8.600452468571078,-11.055363906496751,-11.055363906497968,0.0
1.223,0.15057267536314453,0.15057267536314453,-4.035306499628168,8.589379192203493,8.589379192203493,-11.073276367584484,-11.073276367583244,0.0
1.224,0.1465342492071083,0.1465342492071083,-4.03842615603622,8.578288849456925,8.578288849456925,-11.090342746568282,-11.090342746569505,0.0
1.225,0.14249286500909777,0.14249286500909777,-4.041384198010534,8.567182288572313,8.567182288572313,-11.106560884611483,-11.10656088461024,0.0
1.226,0.13844868438719538,0.13844868438719538,-4.044180621902397,8.556060359812044,8.556060359812044,-11.12192876026974,-11.121928760270965,0.0
1.227,0.1344018689567493,0.1344018689567493,-4.046815430446077,8.54492391532246,8.54492391532246,-11.136444489583397,-11.13644448958215,0.0
1.228,0.13035258032399505,0.13035258032399505,-4.049288632754245,8.533773808996251,8.533773808996251,-11.150106326208942,-11.15010632621017,0.0
1.229,0.1263009800796819,0.1263009800796819,-4.051600244313153,8.522610896334752,8.522610896334752,-11.162912661498936,-11.162912661497687,0.0
1.23,0.12224722979270435,0.12224722979270435,-4.053750286977559,8.511436034310204,8.511436034310204,-11.174862024548204,-11.174862024549435,0.0
1.231,0.11819149100373894,0.11819149100373894,-4.055738788965407,8.50025008122796,8.50025008122796,-11.185953082243572,-11.18595308224232,0.0
1.232,0.11413392521888668,0.11413392521888668,-4.057565784852258,8.48905389658868,8.48905389658868,-11.19618463927985,-11.196184639281082,0.0
1.233,0.11007469390332121,0.11007469390332121,-4.059231315565477,8.477848340950523,8.477848340950523,-11.20555563815806,-11.205555638156806,0.0
1.234,0.10601395847494305,0.10601395847494305,-4.060735428378169,8.466634275791373,8.466634275791373,-11.21406515914991,-11.214065159151145,0.0
1.235,0.10195188029804018,0.10195188029804018,-4.062078176902869,8.455412563371112,8.455412563371112,-11.221712420260488,-11.221712420259232,0.0
1.236,0.0978886206769552,0.0978886206769552,-4.063259621084993,8.444184066593959,8.444184066593959,-11.228496777153651,-11.228496777154888,0.0
1.237,0.09382434084975916,0.09382434084975916,-4.0642798271960325,8.4329496488709,8.4329496488709,-11.234417723057888,-11.23441772305663,0.0
1.238,0.08975920198193264,0.08975920198193264,-4.065138867826516,8.421710173982245,8.421710173982245,-11.239474888656176,-11.239474888657414,0.0
1.239,0.08569336516005394,0.08569336516005394,-4.0658368218787135,8.410466505940285,8.410466505940285,-11.243668041959864,-11.243668041958607,0.0
1.24,0.08162699138549483,0.08162699138549483,-4.06637377455911,8.399219508852152,8.399219508852152,-11.246997088132815,-11.246997088134053,0.0
1.241,0.0775602415681242,0.0775602415681242,-4.0667498173706225,8.387970046782813,8.387970046782813,-11.249462069338634,-11.249462069337374,0.0
1.242,0.07349327652001962,0.07349327652001962,-4.066965048104584,8.37671898361829,8.37671898361829,-11.251063164523956,-11.251063164525196,0.0
1.243,0.06942625694918714,0.06942625694918714,-4.067019570832481,8.365467182929091,8.365467182929091,-11.251800689198177,-11.251800689196918,0.0
1.244,0.0653593434532897,0.0653593434532897,-4.066913495897445,8.354215507833874,8.354215507833874,-11.25167509521674,-11.25167509521798,0.0
1.245,0.06129269651338418,0.06129269651338418,-4.066646939905513,8.342964820863406,8.342964820863406,-11.250686970468493,-11.250686970467234,0.0
1.246,0.05722647648766755,0.05722647648766755,-4.066220025716632,8.331715983824743,8.331715983824743,-11.24883703866253,-11.248837038663767,0.0
1.247,0.053160843605232114,0.053160843605232114,-4.065632882435437,8.32046985766579,8.32046985766579,-11.246126158953373,-11.246126158952114,0.0
1.248,0.049095957959830336,0.049095957959830336,-4.064885645401779,8.309227302340126,8.309227302340126,-11.242555325663872,-11.24255532566511,0.0
1.249,0.045031979503649316,0.045031979503649316,-4.063978456181022,8.297989176672214,8.297989176672214,-11.238125667912158,-11.2381256679109,0.0
1.25,0.04096906804109522,0.04096906804109522,-4.062911462554092,8.286756338222947,8.286756338222947,-11.232838449267035,-11.232838449268272,0.0
1.2510000000000001,0.03690738322258793,0.03690738322258793,-4.061684818507292,8.27552964315562,8.27552964315562,-11.226695067326986,-11.22669506732573,0.0
1.252,0.032847084538366045,0.032847084538366045,-4.060298684221882,8.264309946102264,8.264309946102264,-11.219697053356015,-11.219697053357251,0.0
1.2530000000000001,0.02878833131230263,0.02878833131230263,-4.058753226063418,8.253098100030455,8.253098100030455,-11.211846071809362,-11.211846071808107,0.0
1.254,0.024731282695731775,0.024731282695731775,-4.057048616570853,8.241894956110537,8.241894956110537,-11.203143919917835,-11.20314391991907,0.0
1.2550000000000001,0.020676097661286367,0.020676097661286367,-4.055185034445407,8.23070136358334,8.23070136358334,-11.193592527197538,-11.193592527196286,0.0
1.256,0.01662293499674717,0.01662293499674717,-4.0531626645391965,8.219518169628367,8.219518169628367,-11.183193954972026,-11.183193954973257,0.0
1.2570000000000001,0.012571953298903538,0.012571953298903538,-4.050981697843631,8.208346219232507,8.208346219232507,-11.17195039586072,-11.171950395859469,0.0
1.258,0.008523310967425961,0.008523310967425961,-4.048642331477577,8.197186355059271,8.197186355059271,-11.159864173235334,-11.159864173236564,0.0
1.2590000000000001,0.004477166198750674,0.004477166198750674,-4.046144768675287,8.186039417318582,8.186039417318582,-11.146937740688756,-11.146937740687509,0.0
1.26,0.0004336769799765817,0.0004336769799765817,-4.043489218774092,8.174906243637126,8.174906243637126,-11.133173681455943,-11.13317368145717,0.0
1.2610000000000001,-0.00360699891722529,-0.00360699891722529,-4.040675897201871,8.16378766892931,8.16378766892931,-11.118574707817075,-11.118574707815831,0.0
1.262,-0.007644703942689567,-0.007644703942689567,-4.037705025464278,8.152684525268807,8.152684525268807,-11.103143660502468,-11.10314366050369,0.0
1.2630000000000001,-0.01167928077382131,-0.01167928077382131,-4.034576831131742,8.141597641760741,8.141597641760741,-11.086883508065526,-11.086883508064286,0.0
1.264,-0.01571057232164755,-0.01571057232164755,-4.031291547826242,8.130527844414532,8.130527844414532,-11.069797346209498,-11.069797346210716,0.0
1.2650000000000001,-0.019738421736855395,-0.019738421736855395,-4.027849415207846,8.11947595601738,8.11947595601738,-11.051888397151544,-11.051888397150307,0.0
1.266,-0.023762672415816418,-0.023762672415816418,-4.024250678961022,8.108442796008461,8.108442796008461,-11.033160008919296,-11.033160008920511,0.0
1.2670000000000001,-0.02778316800659714,-0.02778316800659714,-4.0204955907807225,8.097429180353807,8.097429180353807,-11.01361565465453,-11.013615654653297,0.0
1.268,-0.031799752414955376,-0.031799752414955376,-4.01658440835824,8.086435921421927,8.086435921421927,-10.993258931879524,-10.993258931880735,0.0
1.2690000000000001,-0.03581226981032221,-0.03581226981032221,-4.012517395366836,8.075463827860167,8.075463827860167,-10.972093561759877,-10.97209356175865,0.0
1.27,-0.03982056463176936,-0.03982056463176936,-4.008294821447148,8.064513704471818,8.064513704471818,-10.950123388349553,-10.95012338835076,0.0
1.2710000000000001,-0.043824481593961725,-0.043824481593961725,-4.003916962192361,8.053586352094012,8.053586352094012,-10.927352377805732,-10.92735237780451,0.0
1.272,-0.047823865693094894,-0.047823865693094894,-3.9993840991331653,8.042682567476422,8.042682567476422,-10.903784617589451,-10.903784617590652,0.0
1.2730000000000001,-0.05181856221281738,-0.05181856221281738,-3.9946965197224853,8.031803143160769,8.031803143160769,-10.879424315653807,-10.87942431565259,0.0
1.274,-0.05580841673013737,-0.05580841673013737,-3.9898545173199844,8.020948867361158,8.020948867361158,-10.854275799610846,-10.854275799612042,0.0
1.2750000000000001,-0.059793275121313716,-0.059793275121313716,-3.98485839117635,8.01012052384528,8.01012052384528,-10.828343515877137,-10.828343515875925,0.0
1.276,-0.06377298356773108,-0.06377298356773108,-3.979708446417355,7.999318891816464,7.999318891816464,-10.801632028816677,-10.801632028817867,0.0
1.2770000000000001,-0.06774738856175877,-0.06774738856175877,-3.9744049940277004,7.988544745796627,7.988544745796627,-10.774146019836728,-10.774146019835522,0.0
1.278,-0.07171633691259341,-0.07171633691259341,-3.9689483508346353,7.977798855510128,7.977798855510128,-10.745890286499638,-10.74589028650082,0.0
1.2790000000000001,-0.07567967575208477,-0.07567967575208477,-3.9633388394913607,7.96708198576853,7.96708198576853,-10.716869741597357,-10.716869741596158,0.0
1.28,-0.07963725254054499,-0.07963725254054499,-3.9575767884602135,7.956394896356319,7.956394896356319,-10.68708941221086,-10.687089412212037,0.0
1.281,-0.08358891507254063,-0.08358891507254063,-3.951662531995632,7.945738341917556,7.945738341917556,-10.656554438763344,-10.656554438764518,0.0
1.282,-0.08753451148266753,-0.08753451148266753,-3.9455964101269063,7.935113071843509,7.935113071843509,-10.625270074046789,-10.6252700740456,0.0
1.283,-0.09147389025130824,-0.09147389025130824,-3.939378768640711,7.924519830161278,7.924519830161278,-10.593241682231636,-10.593241682232803,0.0
1.284,-0.09540690021037167,-0.09540690021037167,-3.933009959063426,7.913959355423407,7.913959355423407,-10.560474737870251,-10.56047473786907,0.0
1.285,-0.09933339054901491,-0.09933339054901491,-3.9264903386432395,7.903432380598536,7.903432380598536,-10.526974824871083,-10.526974824872243,0.0
1.286,-0.10325321081934695,-0.10325321081934695,-3.9198202703320386,7.892939632963064,7.892939632963064,-10.492747635471922,-10.492747635470748,0.0
1.287,-0.10716621094211404,-0.10716621094211404,-3.913000122767089,7.882481833993881,7.882481833993881,-10.457798969182974,-10.457798969184125,0.0
1.288,-0.11107224121236654,-0.11107224121236654,-3.906030270252503,7.87205969926216,7.87205969926216,-10.422134731721044,-10.422134731719877,0.0
1.289,-0.11497115230510703,-0.11497115230510703,-3.8989110927404926,7.861673938328227,7.861673938328227,-10.385760933933064,-10.385760933934208,0.0
1.29,-0.11886279528091945,-0.11886279528091945,-3.891642975812419,7.851325254637531,7.851325254637531,-10.348683690696525,-10.348683690695367,0.0
1.291,-0.12274702159157908,-0.12274702159157908,-3.8842263106596286,7.841014345417724,7.841014345417724,-10.310909219806597,-10.310909219807732,0.0
1.292,-0.12662368308564315,-0.12662368308564315,-3.8766614940640833,7.830741901576868,7.830741901576868,-10.272443840856127,-10.272443840854978,0.0
1.293,-0.13049263201402192,-0.13049263201402192,-3.8689489283787815,7.8205086076027825,7.8205086076027825,-10.233293974085456,-10.233293974086582,0.0
1.294,-0.1343537210355299,-0.1343537210355299,-3.861089021507975,7.810315141463542,7.810315141463542,-10.193466139240215,-10.193466139239074,0.0
1.295,-0.13820680322241707,-0.13820680322241707,-3.8530821868871796,7.800162174509144,7.800162174509144,-10.152966954398046,-10.152966954399163,0.0
1.296,-0.14205173206588007,-0.14205173206588007,-3.8449288434629807,7.79005037137437,7.79005037137437,-10.111803134774,-10.111803134772869,0.0
1.297,-0.1458883614815527,-0.1458883614815527,-3.8366294156726375,7.779980389882826,7.779980389882826,-10.069981491544588,-10.069981491545697,0.0
1.298,-0.1497165458149762,-0.1497165458149762,-3.8281843334234824,7.769952880952205,7.769952880952205,-10.027508930620321,-10.027508930619199,0.0
1.299,-0.15353613984704834,-0.15353613984704834,-3.8195940320721204,7.759968488500768,7.759968488500768,-9.984392451437785,-9.984392451438884,0.0
1.3,-0.15734699879945177,-0.15734699879945177,-3.8108589524034273,7.750027849355059,7.750027849355059,-9.940639145708197,-9.940639145707085,0.0
1.301,-0.16114897834006112,-0.16114897834006112,-3.8019795406093477,7.740131593158875,7.740131593158875,-9.896256196184616,-9.896256196185707,0.0
1.302,-0.16494193458832862,-0.16494193458832862,-3.7929562482674966,7.730280342283491,7.730280342283491,-9.851250875383855,-9.851250875382751,0.0
1.303,-0.16872572412064818,-0.16872572412064818,-3.7837895323195605,7.720474711739168,7.720474711739168,-9.805630544322597,-9.805630544323677,0.0
1.304,-0.17250020397569768,-0.17250020397569768,-3.7744798550495045,7.710715309087932,7.710715309087932,-9.759402651236648,-9.759402651235556,0.0
1.305,-0.17626523165975927,-0.17626523165975927,-3.76502768406158,7.701002734357666,7.701002734357666,-9.712574730265544,-9.712574730266613,0.0
1.306,-0.18002066515201742,-0.18002066515201742,-3.7554334922581445,7.691337579957508,7.691337579957508,-9.665154400158471,-9.66515440015739,0.0
1.307,-0.1837663629098347,-0.1837663629098347,-3.745697757817278,7.68172043059456,7.68172043059456,-9.61714936294733,-9.617149362948389,0.0
1.308,-0.1875021838740049,-0.1875021838740049,-3.735820964170218,7.672151863191953,7.672151863191953,-9.568567402607364,-9.568567402606293,0.0
1.309,-0.1912279874739835,-0.1912279874739835,-3.7258035999785917,7.662632446808222,7.662632446808222,-9.519416383731105,-9.519416383732153,0.0
1.31,-0.19494363363309497,-0.19494363363309497,-3.715646159111468,7.653162742558071,7.653162742558071,-9.469704250150812,-9.469704250149752,0.0
1.311,-0.19864898277371718,-0.19864898277371718,-3.7053491406222117,7.6437433035344755,7.6437433035344755,-9.419439023595544,-9.419439023596581,0.0
1.312,-0.20234389582244233,-0.20234389582244233,-3.6949130487251547,7.634374674732181,7.634374674732181,-9.368628802294943,-9.368628802293895,0.0
1.313,-0.2060282342152144,-0.2060282342152144,-3.684338392772076,7.625057392972568,7.625057392972568,-9.317281759612328,-9.317281759613355,0.0
1.314,-0.20970185990244292,-0.20970185990244292,-3.673625687228499,7.615791986829933,7.615791986829933,-9.265406142635157,-9.26540614263412,0.0
1.315,-0.21336463535409272,-0.21336463535409272,-3.6627754516497997,7.606578976559156,7.606578976559156,-9.213010270777033,-9.213010270778048,0.0
1.316,-0.21701642356474987,-0.21701642356474987,-3.6517882106571347,7.5974188740247985,7.5974188740247985,-9.160102534357506,-9.160102534356481,0.0
1.317,-0.22065708805866305,-0.22065708805866305,-3.640664493913181,7.5883121826316104,7.5883121826316104,-9.106691393188093,-9.106691393189097,0.0
1.318,-0.22428649289476074,-0.22428649289476074,-3.6294048360977005,7.579259397256486,7.579259397256486,-9.05278537512455,-9.052785375123538,0.0
1.319,-0.22790450267164367,-0.22790450267164367,-3.618009776882916,7.570261004181848,7.570261004181848,-8.99839307463779,-8.99839307463878,0.0
1.32,-0.23151098253255237,-0.23151098253255237,-3.6064798609087134,7.561317481030488,7.561317481030488,-8.943523151359933,-8.943523151358933,0.0
1.321,-0.23510579817031002,-0.23510579817031002,-3.5948156377576623,7.5524292967018685,7.5524292967018685,-8.888184328619708,-8.888184328620687,0.0
1.322,-0.2386888158322399,-0.2386888158322399,-3.583017661929859,7.543596911309882,7.543596911309882,-8.832385391986719,-8.832385391985731,0.0
1.323,-0.24225990232505748,-0.24225990232505748,-3.571086492817593,7.5348207761220936,7.5348207761220936,-8.776135187788192,-8.776135187789158,0.0
1.324,-0.24581892501973732,-0.24581892501973732,-3.5590226946798413,7.526101333500462,7.526101333500462,-8.719442621631934,-8.719442621630959,0.0
1.325,-0.2493657518563539,-0.2493657518563539,-3.546826836616582,7.5174390168435465,7.5174390168435465,-8.662316656915081,-8.662316656916035,0.0
1.326,-0.2529002513488968,-0.2529002513488968,-3.534499492542941,7.508834250530218,7.508834250530218,-8.604766313328405,-8.604766313327442,0.0
1.327,-0.25642229259006,-0.25642229259006,-3.522041241163162,7.50028744986486,7.50028744986486,-8.546800665357956,-8.546800665358898,0.0
1.328,-0.25993174525600443,-0.25993174525600443,-3.5094526659444107,7.491799021024095,7.491799021024095,-8.488428840765394,-8.488428840764444,0.0
1.329,-0.26342847961109483,-0.26342847961109483,-3.4967343550904038,7.483369361005013,7.483369361005013,-8.42966001908163,-8.42966001908256,0.0
1.33,-0.2669123665126097,-0.2669123665126097,-3.4838869015148726,7.474998857574929,7.474998857574929,-8.370503430084497,-8.370503430083561,0.0
1.331,-0.27038327741542456,-0.27038327741542456,-3.47091090281486,7.466687889222668,7.466687889222668,-8.310968352260417,-8.310968352261332,0.0
1.332,-0.27384108437666843,-0.27384108437666843,-3.4578069612438487,7.458436825111382,7.458436825111382,-8.25106411128651,-8.251064111285586,0.0
1.333,-0.27728566006035316,-0.27728566006035316,-3.4445756836847257,7.450246025032898,7.450246025032898,-8.190800078483385,-8.190800078484287,0.0
1.334,-0.28071687774197573,-0.28071687774197573,-3.431217681622584,7.442115839363628,7.442115839363628,-8.130185669270595,-8.130185669269686,0.0
1.335,-0.2841346113130931,-0.2841346113130931,-3.417733571117359,7.434046609022003,7.434046609022003,-8.069230341624767,-8.069230341625655,0.0
1.336,-0.2875387352858694,-0.2875387352858694,-3.404123972776307,7.426038665427486,7.426038665427486,-8.007943594517286,-8.007943594516389,0.0
1.337,-0.2909291247975957,-0.2909291247975957,-3.390389511726319,7.418092330461116,7.418092330461116,-7.946334966369761,-7.946334966370636,0.0
1.338,-0.2943056556151818,-0.2943056556151818,-3.376530817586081,7.410207916427638,7.410207916427638,-7.884414033477505,-7.884414033476623,0.0
1.339,-0.29766820413961986,-0.29766820413961986,-3.36254852443807,7.402385726019175,7.402385726019175,-7.822190408463214,-7.822190408464076,0.0
1.34,-0.3010166474104203,-0.3010166474104203,-3.3484432708004004,7.394626052280488,7.394626052280488,-7.759673738687134,-7.759673738686265,0.0
1.341,-0.3043508631100188,-0.3043508631100188,-3.334215699598508,7.3869291785757945,7.3869291785757945,-7.69687370469363,-7.696873704694477,0.0
1.342,-0.3076707295681555,-0.3076707295681555,-3.3198664581366852,7.37929537855717,7.37929537855717,-7.633800018624015,-7.633800018623161,0.0
1.343,-0.31097612576622496,-0.31097612576622496,-3.3053961980694604,7.371724916134518,7.371724916134518,-7.570462422652469,-7.570462422653303,0.0
1.344,-0.3142669313415978,-0.3142669313415978,-3.2908055753728274,7.364218045447135,7.364218045447135,-7.506870687382872,-7.5068706873820314,0.0
1.345,-0.3175430265919131,-0.3175430265919131,-3.276095250315323,7.356775010836844,7.356775010836844,-7.443034610290944,-7.443034610291764,0.0
1.346,-0.32080429247934206,-0.32080429247934206,-3.261265887428955,7.349396046822719,7.349396046822719,-7.378964014125522,-7.378964014124696,0.0
1.347,-0.32405061063482204,-0.32405061063482204,-3.246318155479985,7.342081378077385,7.342081378077385,-7.314668745333819,-7.314668745334624,0.0
1.348,-0.3272818633622616,-0.3272818633622616,-3.2312527274395606,7.334831219404934,7.334831219404934,-7.250158672451157,-7.250158672450345,0.0
1.349,-0.33049793364271585,-0.33049793364271585,-3.2160702804542054,7.327645775720393,7.327645775720393,-7.185443684540438,-7.185443684541229,0.0
1.35,-0.333698705138532,-0.333698705138532,-3.2007714958161633,7.320525242030813,7.320525242030813,-7.1205336895801,-7.120533689579303,0.0
1.351,-0.3368840621974656,-0.3368840621974656,-3.1853570589335995,7.313469803417922,7.313469803417922,-7.055438612891152,-7.055438612891929,0.0
1.352,-0.34005388985676627,-0.34005388985676627,-3.1698276593006622,7.306479635022402,7.306479635022402,-6.990168395519802,-6.99016839551902,0.0
1.353,-0.3432080738472337,-0.3432080738472337,-3.1541839904674003,7.299554902029722,7.299554902029722,-6.924732992680482,-6.924732992681245,0.0
1.354,-0.3463465005972432,-0.3463465005972432,-3.138426750009545,7.2926957596575885,7.2926957596575885,-6.859142372133142,-6.859142372132375,0.0
1.355,-0.3494690572367414,-0.3494690572367414,-3.1225566394981525,7.285902353144975,7.285902353144975,-6.793406512613842,-6.79340651261459,0.0
1.356,-0.35257563160121047,-0.35257563160121047,-3.1065743644691106,7.279174817742746,7.279174817742746,-6.7275354022289235,-6.72753540222817,0.0
1.357,-0.35566611223560296,-0.35566611223560296,-3.0904806343925095,7.272513278705873,7.272513278705873,-6.661539036873165,-6.661539036873899,0.0
1.358,-0.35874038839824485,-0.35874038839824485,-3.0742761626418793,7.265917851287236,7.265917851287236,-6.59542741863639,-6.595427418635652,0.0
1.359,-0.3617983500647081,-0.3617983500647081,-3.0579616664632945,7.259388640733013,7.259388640733013,-6.529210554223397,-6.529210554224116,0.0
1.36,-0.36483988793165245,-0.36483988793165245,-3.0415378669443482,7.252925742279657,7.252925742279657,-6.462898453356125,-6.462898453355402,0.0
1.361,-0.36786489342063544,-0.36786489342063544,-3.0250054889829943,7.24652924115246,7.24652924115246,-6.396501127196252,-6.396501127196957,0.0
1.362,-0.3708732586818917,-0.3708732586818917,-3.0083652612562637,7.240199212565699,7.240199212565699,-6.330028586761571,-6.3300285867608626,0.0
1.363,-0.37386487659808054,-0.37386487659808054,-2.9916179161888516,7.233935721724354,7.233935721724354,-6.263490841345032,-6.263490841345722,0.0
1.364,-0.37683964078800214,-0.37683964078800214,-2.974764189921579,7.227738823827414,7.227738823827414,-6.196897896940001,-6.196897896939308,0.0
1.365,-0.3797974456102819,-0.3797974456102819,-2.957804822279729,7.221608564072761,7.221608564072761,-6.130259754653089,-6.130259754653764,0.0
1.366,-0.38273818616702315,-0.38273818616702315,-2.9407405567412623,7.215544977663607,7.215544977663607,-6.0635864091533875,-6.063586409152709,0.0
1.367,-0.38566175830742805,-0.38566175830742805,-2.9235721404049073,7.209548089816527,7.209548089816527,-5.996887847079968,-5.996887847080629,0.0
1.368,-0.38856805863138616,-0.38856805863138616,-2.9063003239581326,7.203617915771035,7.203617915771035,-5.930174045492009,-5.930174045491346,0.0
1.369,-0.3914569844930312,-0.3914569844930312,-2.8889258616449975,7.1977544608007324,7.1977544608007324,-5.863454970302939,-5.863454970303585,0.0
1.37,-0.3943284340042651,-0.3943284340042651,-2.871449511233888,7.191957720226012,7.191957720226012,-5.796740574720793,-5.796740574720145,0.0
1.371,-0.3971823060382502,-0.3971823060382502,-2.8538720339851316,7.186227679428315,7.186227679428315,-5.730040797696567,-5.730040797697199,0.0
1.372,-0.4000185002328687,-0.4000185002328687,-2.836194194618502,7.180564313865943,7.180564313865943,-5.6633655623716805,-5.663365562371046,0.0
1.373,-0.4028369169941493,-0.4028369169941493,-2.818416761280607,7.1749675890914055,7.1749675890914055,-5.596724774537876,-5.596724774538492,0.0
1.374,-0.40563745749966146,-0.40563745749966146,-2.8005405055121635,7.169437460770311,7.169437460770311,-5.530128321094452,-5.530128321093833,0.0
1.375,-0.40842002370187663,-0.40842002370187663,-2.7825662022151634,7.163973874701797,7.163973874701797,-5.463586068514381,-5.463586068514982,0.0
1.3760000000000001,-0.41118451833149655,-0.41118451833149655,-2.7644946296199286,7.158576766840479,7.158576766840479,-5.397107861317529,-5.397107861316925,0.0
1.377,-0.4139308449007486,-0.4139308449007486,-2.7463265692520573,7.153246063319935,7.153246063319935,-5.330703520543878,-5.330703520544465,0.0
1.3780000000000001,-0.4166589077066479,-0.4166589077066479,-2.7280628058992646,7.147981680477703,7.147981680477703,-5.264382842232074,-5.264382842231485,0.0
1.379,-0.41936861183422597,-0.41936861183422597,-2.709704127578117,7.14278352488178,7.14278352488178,-5.198155595922849,-5.198155595923422,0.0
1.3800000000000001,-0.42205986315972666,-0.42205986315972666,-2.691251325500661,7.137651493358649,7.137651493358649,-5.132031523131353,-5.132031523130778,0.0
1.381,-0.4247325683537676,-0.4247325683537676,-2.6727051940409527,7.13258547302278,7.13258547302278,-5.066020335869226,-5.0660203358697835,0.0
1.3820000000000001,-0.4273866348844691,-0.4273866348844691,-2.6540665307014826,7.127585341307641,7.127585341307641,-5.000131715139133,-5.000131715138574,0.0
1.383,-0.4300219710205486,-0.4300219710205486,-2.6353361360795016,7.122650965998185,7.122650965998185,-4.934375309455952,-4.934375309456495,0.0
1.3840000000000001,-0.43263848583438186,-0.43263848583438186,-2.616514813833248,7.117782205264819,7.117782205264819,-4.868760733365285,-4.8687607333647405,0.0
1.385,-0.43523608920502993,-0.43523608920502993,-2.597603370648078,7.112978907698844,7.112978907698844,-4.803297565975306,-4.803297565975836,0.0
1.3860000000000001,-0.43781469182123245,-0.43781469182123245,-2.5786026162025006,7.108240912349348,7.108240912349348,-4.737995349495705,-4.737995349495175,0.0
1.387,-0.44037420518436654,-0.44037420518436654,-2.5595133631341174,7.1035680487615736,7.1035680487615736,-4.672863587774856,-4.67286358777537,0.0
1.3880000000000001,-0.442914541611372,-0.442914541611372,-2.5403364270054682,7.09896013701671,7.09896013701671,-4.607911744863635,-4.607911744863119,0.0
1.389,-0.4454356142376418,-0.4454356142376418,-2.5210726262697882,7.0944169877731404,7.0944169877731404,-4.5431492435694665,-4.5431492435699665,0.0
1.3900000000000001,-0.4479373370198784,-0.4479373370198784,-2.5017227822366723,7.089938402309109,7.089938402309109,-4.478585464031681,-4.47858546403118,0.0
1.391,-0.45041962473891606,-0.45041962473891606,-2.482287719037652,7.085524172566818,7.085524172566818,-4.414229742290665,-4.414229742291151,0.0
1.3920000000000001,-0.45288239300250777,-0.45288239300250777,-2.4627682635916845,7.081174081197933,7.081174081197933,-4.350091368885423,-4.350091368884936,0.0
1.393,-0.4553255582480783,-0.4553255582480783,-2.443165245570557,7.076887901610485,7.076887901610485,-4.286179587447592,-4.286179587448063,0.0
1.3940000000000001,-0.4577490377454425,-0.4577490377454425,-2.4234794973642027,7.072665398017175,7.072665398017175,-4.222503593309668,-4.222503593309195,0.0
1.395,-0.46015274959948843,-0.46015274959948843,-2.4037118540459406,7.068506325485062,7.068506325485062,-4.159072532113228,-4.1590725321136865,0.0
1.3960000000000001,-0.46253661275282604,-0.46253661275282604,-2.3838631533376264,7.064410429986623,7.064410429986623,-4.095895498439361,-4.095895498438903,0.0
1.397,-0.4649005469884008,-0.4649005469884008,-2.363934235574729,7.0603774484521775,7.0603774484521775,-4.032981534445312,-4.0329815344457565,0.0
1.3980000000000001,-0.4672444729320721,-0.4672444729320721,-2.3439259436713242,7.056407108823663,7.056407108823663,-3.970339628514452,-3.9703396285140076,0.0
1.399,-0.46956831205515714,-0.46956831205515714,-2.323839123085014,7.052499130109771,7.052499130109771,-3.907978713892035,-3.9079787138924655,0.0
1.4000000000000001,-0.4718719866769389,-0.4718719866769389,-2.303674621781768,7.048653222442379,7.048653222442379,-3.8459076673920123,-3.845907667391582,0.0
1.401,-0.4741554199671396,-0.4741554199671396,-2.2834332902006906,7.044869087134357,7.044869087134357,-3.7841353080221296,-3.784135308022546,0.0
1.4020000000000001,-0.4764185359483583,-0.4764185359483583,-2.263115981218718,7.041146416738643,7.041146416738643,-3.722670395713834,-3.7226703957134175,0.0
1.403,-0.47866125949847355,-0.47866125949847355,-2.242723550115239,7.037484895108635,7.037484895108635,-3.661521630007769,-3.6615216300081723,0.0
1.4040000000000001,-0.4808835163530102,-0.4808835163530102,-2.2222568545366497,7.033884197459871,7.033884197459871,-3.6006976487641396,-3.6006976487637368,0.0
1.405,-0.48308523310747103,-0.48308523310747103,-2.201716754460838,7.030343990432993,7.030343990432993,-3.540207026878406,-3.5402070268787957,0.0
1.4060000000000001,-0.48526633721963264,-0.48526633721963264,-2.1811041121616004,7.02686393215796,7.02686393215796,-3.480058275032505,-3.4800582750321154,0.0
1.407,-0.48742675701180566,-0.48742675701180566,-2.1604197921729935,7.0234436723195355,7.0234436723195355,-3.420259838424755,-3.4202598384251317,0.0
1.408,-0.4895664216730593,-0.4895664216730593,-2.1396646612536228,7.020082852224001,7.020082852224001,-3.3608200955344003,-3.3608200955347702,0.0
1.409,-0.49168526126141016,-0.49168526126141016,-2.1188395883508653,7.0167811048671,7.0167811048671,-3.3017473569012523,-3.301747356900883,0.0
1.41,-0.4937832067059752,-0.4937832067059752,-2.0979454445650343,7.013538055003213,7.013538055003213,-3.2430498638866823,-3.2430498638870393,0.0
1.411,-0.4958601898090887,-0.4958601898090887,-2.0769831031134816,7.010353319215723,7.010353319215723,-3.184735787490567,-3.1847357874902102,0.0
1.412,-0.49791614324838335,-0.49791614324838335,-2.055953439294643,7.007226505988575,7.007226505988575,-3.1268132271478066,-3.126813227148151,0.0
1.413,-0.49995100057883535,-0.49995100057883535,-2.034857330452026,7.004157215779017,7.004157215779017,-3.069290209557707,-3.0692902095573635,0.0
1.414,-0.5019646962347735,-0.5019646962347735,-2.013695655938142,7.001145041091512,7.001145041091512,-3.0121746875053645,-3.0121746875056963,0.0
1.415,-0.5039571655318519,-0.5039571655318519,-1.9924692970783844,6.998189566552789,6.998189566552789,-2.955474538723024,-2.9554745387226933,0.0
1.416,-0.5059283446689867,-0.5059283446689867,-1.9711791371348548,6.995290368988037,6.995290368988037,-2.8991975647514323,-2.8991975647517516,0.0
1.417,-0.5078781707302569,-0.5078781707302569,-1.9498260612701368,6.99244701749824,6.99244701749824,-2.843351489797641,-2.8433514897973224,0.0
1.418,-0.5098065816867678,-0.5098065816867678,-1.9284109565110215,6.989659073538596,6.989659073538596,-2.787943959643435,-2.787943959643742,0.0
1.419,-0.5117135163984801,-0.5117135163984801,-1.9069347117121835,6.986926090998059,6.986926090998059,-2.732982540536888,-2.732982540536582,0.0
1.42,-0.5135989146159998,-0.5135989146159998,-1.8853982175198116,6.984247616279944,6.984247616279944,-2.678474718114998,-2.678474718115293,0.0
1.421,-0.515462716982335,-0.515462716982335,-1.8638023663351926,6.981623188383619,6.981623188383619,-2.624427896325443,-2.6244278963251495,0.0
1.422,-0.5173048650346133,-0.5173048650346133,-1.8421480522782525,6.979052338987232,6.979052338987232,-2.570849396386521,-2.570849396386804,0.0
1.423,-0.5191253012057643,-0.5191253012057643,-1.8204361711510555,6.976534592531506,6.976534592531506,-2.517746455726666,-2.5177464557263844,0.0
1.424,-0.5209239688261655,-0.5209239688261655,-1.7986676204012608,6.974069466304526,6.974069466304526,-2.465126226979919,-2.4651262269801903,0.0
1.425,-0.5227008121252511,-0.5227008121252511,-1.7768432990855414,6.971656470527559,6.971656470527559,-2.412995776966298,-2.412995776966028,0.0
1.426,-0.524455776233084,-0.524455776233084,-1.754964107832964,6.9692951084418695,6.9692951084418695,-2.361362085689933,-2.3613620856901933,0.0
1.427,-0.5261888071818923,-0.5261888071818923,-1.733030948808334,6.966984876396502,6.966984876396502,-2.3102320453673997,-2.310232045367141,0.0
1.428,-0.5278998519075678,-0.5278998519075678,-1.7110447256755026,6.964725263937048,6.964725263937048,-2.2596124594542744,-2.259612459454523,0.0
1.429,-0.5295888582511284,-0.5295888582511284,-1.6890063435606444,6.962515753895336,6.962515753895336,-2.2095100417116598,-2.2095100417114124,0.0
1.43,-0.531255774960144,-0.531255774960144,-1.666916709015499,6.960355822480091,6.960355822480091,-2.1599314152451754,-2.1599314152454134,0.0
1.431,-0.5329005516901245,-0.5329005516901245,-1.644776729980585,6.958244939368476,6.958244939368476,-2.110883111615003,-2.1108831116147666,0.0
1.432,-0.5345231390058729,-0.5345231390058729,-1.6225873157483834,6.95618256779857,6.95618256779857,-2.062371569905963,-2.06237156990619,0.0
1.433,-0.5361234883827994,-0.5361234883827994,-1.6003493769264938,6.954168164662712,6.954168164662712,-2.0144031358579895,-2.014403135857764,0.0
1.434,-0.5377015522082002,-0.5377015522082002,-1.5780638254007642,6.952201180601714,6.952201180601714,-1.966984060998378,-1.9669840609985947,0.0
1.435,-0.5392572837824986,-0.5392572837824986,-1.555731574298397,6.950281060099961,6.950281060099961,-1.92012050175272,-1.9201205017525051,0.0
1.436,-0.5407906373204496,-0.5407906373204496,-1.5333535379510312,6.948407241581297,6.948407241581297,-1.8738185186641942,-1.8738185186644005,0.0
1.437,-0.5423015679523074,-0.5423015679523074,-1.5109306318578022,6.946579157505788,6.946579157505788,-1.82808407550894,-1.8280840755087355,0.0
1.438,-0.5437900317249558,-0.5437900317249558,-1.4884637726483827,6.944796234467252,6.944796234467252,-1.7829230385357775,-1.7829230385359738,0.0
1.439,-0.5452559856030018,-0.5452559856030018,-1.4659538780460042,6.9430578932916065,6.9430578932916065,-1.7383411756455303,-1.7383411756453357,0.0
1.44,-0.5466993874698323,-0.5466993874698323,-1.4434018668304611,6.941363549135961,6.941363549135961,-1.6943441556458438,-1.6943441556460304,0.0
1.441,-0.5481201961286334,-0.5481201961286334,-1.4208086588010993,6.939712611588491,6.939712611588491,-1.6509375474695887,-1.650937547469404,0.0
1.442,-0.5495183713033732,-0.5495183713033732,-1.3981751747397901,6.938104484769047,6.938104484769047,-1.6081268194438891,-1.6081268194440663,0.0
1.443,-0.5508938736397471,-0.5508938736397471,-1.3755023363738914,6.936538567430463,6.936538567430463,-1.565917338584022,-1.5659173385838467,0.0
1.444,-0.5522466647060863,-0.5522466647060863,-1.3527910663391975,6.935014253060608,6.935014253060608,-1.5243143698553396,-1.5243143698555075,0.0
1.445,-0.5535767069942292,-0.5535767069942292,-1.3300422881428797,6.933530929985099,6.933530929985099,-1.4833230755089133,-1.4833230755087472,0.0
1.446,-0.5548839639203557,-0.5548839639203557,-1.3072569261264164,6.932087981470687,6.932087981470687,-1.442948514411846,-1.442948514412005,0.0
1.447,-0.5561683998257841,-0.5561683998257841,-1.2844359054285188,6.930684785829314,6.930684785829314,-1.403195641373145,-1.403195641372988,0.0
1.448,-0.5574299799777321,-0.5574299799777321,-1.2615801519480494,6.9293207165227875,6.9293207165227875,-1.3640693065264387,-1.364069306526589,0.0
1.449,-0.5586686705700391,-0.5586686705700391,-1.2386905923069362,6.927995142268097,6.927995142268097,-1.325574254690487,-1.3255742546903386,0.0
1.45,-0.5598844387238522,-0.5598844387238522,-1.2157681538130862,6.926707427143297,6.926707427143297,-1.2877151247998597,-1.2877151248000016,0.0
1.451,-0.5610772524882754,-0.5610772524882754,-1.1928137644232955,6.925456930694011,6.925456930694011,-1.250496449285876,-1.2504964492857362,0.0
1.452,-0.5622470808409816,-0.5622470808409816,-1.1698283527061615,6.92424300804049,6.92424300804049,-1.213922653521493,-1.2139226535216268,0.0
1.453,-0.5633938936887867,-0.5633938936887867,-1.146812847804996,6.923065009985203,6.923065009985203,-1.177998055286622,-1.1779980552864902,0.0
1.454,-0.5645176618681874,-0.5645176618681874,-1.1237681794007415,6.921922283120981,6.921922283120981,-1.142726864221899,-1.142726864222025,0.0
1.455,-0.5656183571458623,-0.5656183571458623,-1.1006952776748933,6.920814169939669,6.920814169939669,-1.1081131813126532,-1.1081131813125293,0.0
1.456,-0.5666959522191347,-0.5666959522191347,-1.077595073272426,6.919740008941268,6.919740008941268,-1.0741609984004086,-1.074160998400527,0.0
1.457,-0.5677504207163995,-0.5677504207163995,-1.0544684972647294,6.918699134743556,6.918699134743556,-1.0408741977121494,-1.0408741977120328,0.0
1.458,-0.568781737197512,-0.568781737197512,-1.0313164811125524,6.917690878192167,6.917690878192167,-1.0082565513886976,-1.0082565513888087,0.0
1.459,-0.569789877154141,-0.569789877154141,-1.0081399566289584,6.9167145664711285,6.9167145664711285,-0.9763117210388472,-0.976311721038738,0.0
1.46,-0.5707748170100833,-0.5707748170100833,-0.9849398559422914,6.915769523213791,6.915769523213791,-0.9450432573379075,-0.9450432573380115,0.0
1.461,-0.5717365341215425,-0.5717365341215425,-0.9617171114591571,6.914855068614196,6.914855068614196,-0.9144545995942721,-0.9144545995941697,0.0
1.462,-0.5726750067773699,-0.5726750067773699,-0.9384726558274175,6.913970519538809,6.913970519538809,-0.8845490753870422,-0.8845490753871396,0.0
1.463,-0.5735902141992691,-0.5735902141992691,-0.915207421899203,6.913115189638627,6.913115189638627,-0.8553299001823333,-0.8553299001822376,0.0
1.464,-0.5744821365419631,-0.5744821365419631,-0.891922342693942,6.912288389461645,6.912288389461645,-0.826800176981557,-0.826800176981648,0.0
1.465,-0.5753507548933245,-0.5753507548933245,-0.8686183513614091,6.9114894265656455,6.9114894265656455,-0.7989628959998996,-0.7989628959998102,0.0
1.466,-0.5761960512744694,-0.5761960512744694,-0.8452963811447951,6.910717605631309,6.910717605631309,-0.7718209343368088,-0.7718209343368938,0.0
1.467,-0.5770180086398132,-0.5770180086398132,-0.8219573653437985,6.9099722285756116,6.9099722285756116,-0.7453770556971051,-0.7453770556970217,0.0
1.468,-0.577816610877091,-0.577816610877091,-0.7986022372777406,6.909252594665514,6.909252594665514,-0.7196339100978832,-0.7196339100979625,0.0
1.469,-0.5785918428073398,-0.5785918428073398,-0.7752319302487058,6.908558000631901,6.908558000631901,-0.6945940336127165,-0.6945940336126388,0.0
1.47,-0.5793436901848444,-0.5793436901848444,-0.7518473775047089,6.907887740783753,6.907887740783753,-0.6702598481478361,-0.67025984814791,0.0
1.471,-0.5800721396970473,-0.5800721396970473,-0.7284495122028888,6.907241107122571,6.907241107122571,-0.6466336611818946,-0.6466336611818222,0.0
1.472,-0.58077717896442,-0.58077717896442,-0.7050392673727336,6.906617389456974,6.906617389456974,-0.6237176655972121,-0.6237176655972808,0.0
1.473,-0.5814587965402994,-0.5814587965402994,-0.6816175758793347,6.906015875517487,6.906015875517487,-0.6015139394870417,-0.6015139394869744,0.0
1.474,-0.5821169819106861,-0.5821169819106861,-0.6581853703866741,6.905435851071519,6.905435851071519,-0.5800244459681636,-0.5800244459682274,0.0
1.475,-0.582751725494007,-0.582751725494007,-0.6347435833209452,6.9048766000384685,6.9048766000384685,-0.5592510330503231,-0.5592510330502605,0.0
1.476,-0.583363018640841,-0.583363018640841,-0.6112931468339082,6.904337404604968,6.904337404604968,-0.539195433500339,-0.5391954335003984,0.0
1.477,-0.5839508536336072,-0.5839508536336072,-0.5878349927662828,6.903817545340236,6.903817545340236,-0.51985926473197,-0.5198592647319118,0.0
1.478,-0.5845152236862184,-0.5845152236862184,-0.5643700526111779,6.903316301311534,6.903316301311534,-0.501244028701997,-0.5012440287020522,0.0
1.479,-0.585056122943696,-0.585056122943696,-0.5408992574775612,6.902832950199684,6.902832950199684,-0.48335111184982793,-0.48335111184977386,0.0
1.48,-0.5855735464817498,-0.5855735464817498,-0.5174235380537694,6.902366768414655,6.902366768414655,-0.46618178502910723,-0.4661817850291586,0.0
1.481,-0.5860674903063208,-0.5860674903063208,-0.4939438245710606,6.901917031211191,6.901917031211191,-0.44973720346419555,-0.4497372034641452,0.0
1.482,-0.586537951353088,-0.586537951353088,-0.47046104676721023,6.90148301280445,6.90148301280445,-0.4340184067412878,-0.43401840674133557,0.0
1.483,-0.5869849274869381,-0.5869849274869381,-0.44697613385015167,6.901063986485641,6.901063986485641,-0.4190263188084131,-0.4190263188083662,0.0
1.484,-0.5874084175013997,-0.5874084175013997,-0.42349001446166373,6.900659224737669,6.900659224737669,-0.40476174797277054,-0.4047617479728151,0.0
1.485,-0.5878084211180408,-0.5878084211180408,-0.40000361664110556,6.900267999350717,6.900267999350717,-0.3912253869513549,-0.3912253869513111,0.0
1.486,-0.58818493898583,-0.58818493898583,-0.37651786778920077,6.899889581537805,6.899889581537805,-0.3784178129118132,-0.3784178129118549,0.0
1.487,-0.5885379726804619,-0.5885379726804619,-0.35303369463187223,6.899523242050249,6.899523242050249,-0.36633948755682155,-0.36633948755678053,0.0
1.488,-0.588867524703646,-0.588867524703646,-0.32955202318412874,6.899168251293047,6.899168251293047,-0.35499075720135664,-0.3549907572013957,0.0
1.489,-0.5891735984823601,-0.5891735984823601,-0.30607377871400504,6.898823879440175,6.898823879440175,-0.34437185287217176,-0.34437185287213323,0.0
1.49,-0.5894561983680666,-0.5894561983680666,-0.2825998857065566,6.898489396549715,6.898489396549715,-0.3344828904596753,-0.33448289045971213,0.0
1.491,-0.5897153296358946,-0.5897153296358946,-0.2591312678279105,6.898164072678887,6.898164072678887,-0.3253238708280648,-0.3253238708280284,0.0
1.492,-0.589950998483784,-0.589950998483784,-0.23566884788937384,6.897847177998887,6.897847177998887,-0.31689468000006826,-0.3168946800001032,0.0
1.493,-0.5901632120315956,-0.5901632120315956,-0.21221354781160082,6.897537982909568,6.897537982909568,-0.3091950893194806,-0.309195089319446,0.0
1.494,-0.5903519783201844,-0.5903519783201844,-0.1887662885888204,6.897235758153907,6.897235758153907,-0.3022247556607738,-0.3022247556608071,0.0
1.495,-0.5905173063104375,-0.5905173063104375,-0.16532799025312545,6.89693977493228,6.89693977493228,-0.29598322162716073,-0.2959832216271276,0.0
1.496,-0.5906592058822764,-0.5906592058822764,-0.14189957183882454,6.8966493050164726,6.8966493050164726,-0.29046991580727877,-0.29046991580731074,0.0
1.497,-0.5907776878336233,-0.5907776878336233,-0.11848195134685871,6.89636362086348,6.89636362086348,-0.28568415299279337,-0.2856841529927614,0.0
1.498,-0.5908727638793325,-0.5908727638793325,-0.09507604570928341,6.896081995729006,6.896081995729006,-0.2816251344741616,-0.28162513447419263,0.0
1.499,-0.5909444466500864,-0.5909444466500864,-0.07168277075381774,6.895803703780701,6.895803703780701,-0.27829194830442106,-0.2782919483043899,0.0
1.5,-0.5909927496912548,-0.5909927496912548,-0.04830304116846203,6.895528020211081,6.895528020211081,-0.2756835696198223,-0.2756835696198527,0.0
1.5010000000000001,-0.591017687461721,-0.591017687461721,-0.024937770466185262,6.895254221350143,6.895254221350143,-0.2737988609382569,-0.27379886093822625,0.0
1.502,-0.5910192753326707,-0.5910192753326707,-0.0015878709496835036,6.894981584777626,6.894981584777626,-0.2726365725171931,-0.2726365725172231,0.0
1.5030000000000001,-0.590997529586347,-0.590997529586347,0.021745746323789155,6.8947093894349285,6.8947093894349285,-0.2721953426974011,-0.2721953426973706,0.0
1.504,-0.5909524674147695,-0.5909524674147695,0.045062171577515894,6.89443691573666,6.89443691573666,-0.27247369826888246,-0.2724736982689125,0.0
1.5050000000000001,-0.5908841069184192,-0.5908841069184192,0.06836049635033734,6.894163445681789,6.894163445681789,-0.2734700548705504,-0.27347005487051984,0.0
1.506,-0.5907924671048876,-0.5907924671048876,0.09163981353159524,6.893888262964404,6.893888262964404,-0.2751827173854693,-0.2751827173854996,0.0
1.5070000000000001,-0.5906775678874916,-0.5906775678874916,0.11489921739599848,6.893610653084021,6.893610653084021,-0.2776098803822791,-0.277609880382248,0.0
1.508,-0.5905394300838532,-0.5905394300838532,0.13813780363840986,6.893329903455501,6.893329903455501,-0.2807496285202049,-0.2807496285202358,0.0
1.5090000000000001,-0.5903780754144446,-0.5903780754144446,0.16135466940855256,6.893045303518461,6.893045303518461,-0.2845999370402197,-0.2845999370401878,0.0
1.51,-0.590193526501099,-0.590193526501099,0.18454891334563484,6.892756144846247,6.892756144846247,-0.28915867221357416,-0.289158672213606,0.0
1.5110000000000001,-0.5899858068654861,-0.5899858068654861,0.20771963561289167,6.892461721254394,6.892461721254394,-0.29442359185338773,-0.29442359185335476,0.0
1.512,-0.589754940927554,-0.589754940927554,0.23086593793204208,6.892161328908612,6.892161328908612,-0.30039234578183027,-0.30039234578186336,0.0
1.5130000000000001,-0.5895009540039363,-0.5895009540039363,0.2539869236176608,6.891854266432209,6.891854266432209,-0.3070624764029972,-0.30706247640296286,0.0
1.514,-0.5892238723063249,-0.5892238723063249,0.27708169761146295,6.891539835013011,6.891539835013011,-0.31443141919851314,-0.3144314191985478,0.0
1.5150000000000001,-0.5889237229398084,-0.5889237229398084,0.3001493665165006,6.891217338509707,6.891217338509707,-0.3224965033039595,-0.32249650330392343,0.0
1.516,-0.5886005339011772,-0.5886005339011772,0.3231890386312697,6.890886083557632,6.890886083557632,-0.3312549520746444,-0.33125495207468086,0.0
1.5170000000000001,-0.5882543340771934,-0.5882543340771934,0.34619982398372623,6.890545379673973,6.890545379673973,-0.34070388365936566,-0.3407038836593275,0.0
1.518,-0.5878851532428282,-0.5878851532428282,0.36918083436521026,6.89019453936235,6.89019453936235,-0.3508403116230241,-0.35084031162306273,0.0
1.5190000000000001,-0.587493022059464,-0.587493022059464,0.39213118336427666,6.889832878216797,6.889832878216797,-0.36166114555236106,-0.3616611455523206,0.0
1.52,-0.5870779720730636,-0.5870779720730636,0.41504998640043117,6.889459715025107,6.889459715025107,-0.3731631916901179,-0.373163191690159,0.0
1.5210000000000001,-0.5866400357123058,-0.5866400357123058,0.43793636075777054,6.889074371871524,6.889074371871524,-0.3853431535834062,-0.3853431535833631,0.0
1.522,-0.5861792462866873,-0.5861792462866873,0.46078942561852565,6.888676174238777,6.888676174238777,-0.39819763274628883,-0.3981976327463327,0.0
1.5230000000000001,-0.5856956379845908,-0.5856956379845908,0.483608302096506,6.888264451109432,6.888264451109432,-0.41172312934545374,-0.41172312934540767,0.0
1.524,-0.5851892458713204,-0.5851892458713204,0.5063921132704446,6.887838535066549,6.887838535066549,-0.42591604288322316,-0.42591604288327006,0.0
1.5250000000000001,-0.5846601058871032,-0.5846601058871032,0.5291399842172423,6.8873977623936256,6.8873977623936256,-0.44077267292319533,-0.440772672923146,0.0
1.526,-0.584108254845058,-0.584108254845058,0.5518510420451092,6.886941473173833,6.886941473173833,-0.4562892197927937,-0.4562892197928439,0.0
1.5270000000000001,-0.5835337304291314,-0.5835337304291314,0.5745244159266032,6.886469011388493,6.886469011388493,-0.47246178533999483,-0.472461785339942,0.0
1.528,-0.5829365711919998,-0.5829365711919998,0.5971592371315644,6.885979725014822,6.885979725014822,-0.48928637367051664,-0.48928637367057054,0.0
1.5290000000000001,-0.5823168165529399,-0.5823168165529399,0.6197546390599423,6.885472966122887,6.885472966122887,-0.5067588919356325,-0.5067588919355758,0.0
1.53,-0.5816745067956653,-0.5816745067956653,0.6423097572745173,6.884948090971793,6.884948090971793,-0.5248751510933403,-0.5248751510933981,0.0
1.5310000000000001,-0.5810096830661319,-0.5810096830661319,0.6648237295335131,6.884404460105084,6.884404460105084,-0.5436308667094991,-0.5436308667094383,0.0
1.532,-0.5803223873703087,-0.5803223873703087,0.6872956958230998,6.883841438445301,6.883841438445301,-0.5630216597829474,-0.5630216597830094,0.0
1.5330000000000001,-0.5796126625719189,-0.5796126625719189,0.7097247983897863,6.88325839538776,6.88325839538776,-0.5830430575404222,-0.5830430575403569,0.0
1.534,-0.5788805523901462,-0.5788805523901462,0.7321101817727012,6.8826547048934605,6.8826547048934605,-0.6036904942998689,-0.6036904942999354,0.0
1.5350000000000001,-0.5781261013973105,-0.5781261013973105,0.7544509928357596,6.882029745581159,6.882029745581159,-0.624959312301776,-0.6249593123017061,0.0
1.536,-0.5773493550165107,-0.5773493550165107,0.7767463807997166,6.881382900818563,6.881382900818563,-0.6468447625955775,-0.6468447625956488,0.0
1.537,-0.5765503595192366,-0.5765503595192366,0.798995497274105,6.880713558812678,6.880713558812678,-0.6693420058851984,-0.6693420058852722,0.0
1.538,-0.5757291620229475,-0.5757291620229475,0.821197496289056,6.880021112699228,6.880021112699228,-0.6924461134500959,-0.6924461134500184,0.0
1.539,-0.5748858104886205,-0.5748858104886205,0.8433515343270024,6.8793049606312024,6.8793049606312024,-0.7161520680254441,-0.7161520680255229,0.0
1.54,-0.5740203537182663,-0.5740203537182663,0.8654567703542627,6.878564505866472,6.878564505866472,-0.7404547647302806,-0.7404547647301978,0.0
1.541,-0.5731328413524138,-0.5731328413524138,0.8875123658525054,6.87779915685447,6.87779915685447,-0.7653490120018702,-0.7653490120019545,0.0
1.542,-0.5722233238675637,-0.5722233238675637,0.9095174848500911,6.8770083273219615,6.8770083273219615,-0.7908295325087522,-0.7908295325086637,0.0
1.543,-0.5712918525736104,-0.5712918525736104,0.9314712939532932,6.876191436357825,6.876191436357825,-0.8168909641366184,-0.8168909641367084,0.0
1.544,-0.570338479611233,-0.570338479611233,0.9533729623773939,6.875347908496895,6.875347908496895,-0.8435278609297825,-0.8435278609296881,0.0
1.545,-0.5693632579492554,-0.5693632579492554,0.9752216619776563,6.874477173802817,6.874477173802817,-0.8707346940779459,-0.8707346940780418,0.0
1.546,-0.5683662413819752,-0.5683662413819752,0.9970165672801701,6.873578667949907,6.873578667949907,-0.8985058529100698,-0.8985058529099692,0.0
1.547,-0.5673474845264627,-0.5673474845264627,1.0187568555125706,6.872651832304029,6.872651832304029,-0.9268356458784766,-0.9268356458785786,0.0
1.548,-0.566307042819828,-0.566307042819828,1.0404417066346292,6.871696114002444,6.871696114002444,-0.955718301584696,-0.955718301584589,0.0
1.549,-0.5652449725164593,-0.5652449725164593,1.0620703033687149,6.870710966032654,6.870710966032654,-0.9851479697902121,-0.9851479697903206,0.0
1.55,-0.5641613306852292,-0.5641613306852292,1.083641831230125,6.869695847310191,6.869695847310191,-1.0151187224627378,-1.0151187224626241,0.0
1.551,-0.563056175206672,-0.563056175206672,1.1051554785572855,6.868650222755375,6.868650222755375,-1.0456245548162713,-1.0456245548163865,0.0
1.552,-0.5619295647701301,-0.5619295647701301,1.1266104365418166,6.867573563369021,6.867573563369021,-1.0766593863538176,-1.076659386353697,0.0
1.553,-0.5607815588708717,-0.5607815588708717,1.1480058992584674,6.86646534630707,6.86646534630707,-1.1082170619509668,-1.108217061951089,0.0
1.554,-0.5596122178071767,-0.5596122178071767,1.1693410636949133,6.865325054954144,6.865325054954144,-1.1402913529261482,-1.1402913529260206,0.0
1.555,-0.5584216026773953,-0.5584216026773953,1.1906151297814191,6.864152178996031,6.864152178996031,-1.1728759581126624,-1.1728759581127917,0.0
1.556,-0.5572097753769749,-0.5572097753769749,1.211827300420365,6.862946214491051,6.862946214491051,-1.2059645049804502,-1.2059645049803152,0.0
1.557,-0.5559767985954592,-0.5559767985954592,1.2329767815156332,6.861706663940331,6.861706663940331,-1.2395505507196702,-1.2395505507198068,0.0
1.558,-0.5547227358134573,-0.5547227358134573,1.2540627820018575,6.860433036356965,6.860433036356965,-1.2736275833660216,-1.273627583365879,0.0
1.559,-0.5534476512995838,-0.5534476512995838,1.2750845138735316,6.85912484733405,6.85912484733405,-1.308189022915407,-1.308189022915551,0.0
1.56,-0.5521516101073699,-0.5521516101073699,1.2960411922139758,6.8577816191115675,6.8577816191115675,-1.343228222482118,-1.3432282224819676,0.0
1.561,-0.5508346780721457,-0.5508346780721457,1.3169320352241631,6.856402880642161,6.856402880642161,-1.378738469406393,-1.378738469406545,0.0
1.562,-0.5494969218078943,-0.5494969218078943,1.3377562642514003,6.854988167655728,6.854988167655728,-1.414712986433031,-1.4147129864328727,0.0
1.563,-0.5481384087040765,-0.5481384087040765,1.3585131038178653,6.853537022722867,6.853537022722867,-1.451144932860693,-1.4511449328608528,0.0
1.564,-0.5467592069224275,-0.5467592069224275,1.3792017816490003,6.852048995317154,6.852048995317154,-1.4880274057134102,-1.4880274057132437,0.0
1.565,-0.5453593853937257,-0.5453593853937257,1.3998215287017568,6.850523641876239,6.850523641876239,-1.5253534409147562,-1.5253534409149243,0.0
1.566,-0.543939013814533,-0.543939013814533,1.4203715791926947,6.8489605258617745,6.8489605258617745,-1.5631160144646827,-1.5631160144645078,0.0
1.567,-0.542498162643907,-0.542498162643907,1.4408511706259324,6.847359217818121,6.847359217818121,-1.6013080436536598,-1.601308043653836,0.0
1.568,-0.5410369031000861,-0.5410369031000861,1.461259543820947,6.845719295429878,6.845719295429878,-1.6399223882430647,-1.639922388242881,0.0
1.569,-0.539555307157146,-0.539555307157146,1.481595942940226,6.844040343578197,6.844040343578197,-1.6789518516810986,-1.6789518516812836,0.0
1.57,-0.5380534475416292,-0.5380534475416292,1.501859615516765,6.842321954395885,6.842321954395885,-1.718389182311597,-1.7183891823114048,0.0
1.571,-0.5365313977291478,-0.5365313977291478,1.522049812481416,6.840563727321284,6.840563727321284,-1.7582270746014927,-1.7582270746016864,0.0
1.572,-0.5349892319409577,-0.5349892319409577,1.5421657881900799,6.8387652691509135,6.8387652691509135,-1.7984581703700542,-1.798458170369853,0.0
1.573,-0.533427025140507,-0.533427025140507,1.5622068004507463,6.836926194090899,6.836926194090899,-1.8390750600145722,-1.8390750600147747,0.0
1.574,-0.5318448530299567,-0.5318448530299567,1.5821721105503779,6.835046123807137,6.835046123807137,-1.8800702837618033,-1.8800702837615928,0.0
1.575,-0.530242792046675,-0.530242792046675,1.6020609832816373,6.833124687474226,6.833124687474226,-1.9214363329114192,-1.9214363329116309,0.0
1.576,-0.5286209193597056,-0.5286209193597056,1.6218726869694593,6.831161521823137,6.831161521823137,-1.9631656510883388,-1.9631656510881192,0.0
1.577,-0.5269793128662081,-0.5269793128662081,1.6416064934974626,6.82915627118763,6.82915627118763,-2.005250635507494,-2.0052506355077147,0.0
1.578,-0.5253180511878739,-0.5253180511878739,1.6612616783342038,6.827108587549403,6.827108587549403,-2.047683638227049,-2.04768363822682,0.0
1.579,-0.5236372136673146,-0.5236372136673146,1.680837520559272,6.825018130581972,6.825018130581972,-2.0904569674309315,-2.0904569674311615,0.0
1.58,-0.5219368803644254,-0.5219368803644254,1.700333302889221,6.822884567693269,6.822884567693269,-2.1335628887033664,-2.1335628887031275,0.0
1.581,-0.5202171320527221,-0.5202171320527221,1.7197483117033407,6.82070757406697,6.82070757406697,-2.176993626298973,-2.176993626299213,0.0
1.582,-0.5184780502156529,-0.5184780502156529,1.739081837069267,6.8184868327025345,6.8184868327025345,-2.2207413644350638,-2.220741364434815,0.0
1.583,-0.5167197170428844,-0.5167197170428844,1.758333172768425,6.816222034453952,6.816222034453952,-2.264798248582167,-2.2647982485824167,0.0
1.584,-0.5149422154265632,-0.5149422154265632,1.7775016163213115,6.813912878067197,6.813912878067197,-2.30915638675544,-2.3091563867551814,0.0
1.585,-0.5131456289575506,-0.5131456289575506,1.7965864690126094,6.811559070216381,6.811559070216381,-2.3538078508158478,-2.353807850816107,0.0
1.586,-0.5113300419216344,-0.5113300419216344,1.8155870359161375,6.80916032553862,6.80916032553862,-2.398744677760689,-2.398744677760421,0.0
1.587,-0.5094955392957148,-0.5094955392957148,1.834502625919632,6.806716366667572,6.806716366667572,-2.443958871048757,-2.443958871049026,0.0
1.588,-0.5076422067439654,-0.5076422067439654,1.8533325517493617,6.80422692426568,6.80422692426568,-2.4894424018917505,-2.489442401891472,0.0
1.589,-0.5057701306139708,-0.5057701306139708,1.872076129994573,6.801691737055106,6.801691737055106,-2.535187210574108,-2.5351872105743873,0.0
1.59,-0.5038793979328391,-0.5038793979328391,1.8907326811317655,6.799110551847338,6.799110551847338,-2.5811852077675113,-2.5811852077672226,0.0
1.591,-0.5019700964032903,-0.5019700964032903,1.909301529548798,6.796483123571484,6.796483123571484,-2.627428275854271,-2.6274282758545606,0.0
1.592,-0.5000423143997215,-0.5000423143997215,1.9277820035688225,6.793809215301251,6.793809215301251,-2.6739082702329497,-2.6739082702326504,0.0
1.593,-0.4980961409642474,-0.4980961409642474,1.9461734354740459,6.7910885982805915,6.7910885982805915,-2.7206170206595104,-2.72061702065981,0.0
1.594,-0.4961316658027181,-0.4961316658027181,1.9644751615293194,6.788321051948032,6.788321051948032,-2.7675463325591565,-2.767546332558847,0.0
1.595,-0.49414897928071255,-0.49414897928071255,1.982686522005554,6.785506363959664,6.785506363959664,-2.8146879883683695,-2.8146879883686795,0.0
1.596,-0.4921481724195096,-0.4921481724195096,2.0008068612029613,6.782644330210826,6.782644330210826,-2.8620337488378667,-2.8620337488375465,0.0
1.597,-0.49012933689203547,-0.49012933689203547,2.018835527474118,6.7797347548564275,6.7797347548564275,-2.909575354398619,-2.9095753543989398,0.0
1.598,-0.4880925650187886,-0.4880925650187886,2.0367718732468565,6.776777450329963,6.776777450329963,-2.95730452646481,-2.9573045264644793,0.0
1.599,-0.48603794976374165,-0.48603794976374165,2.0546152550469774,6.7737722373611815,6.7737722373611815,-3.0052129687812013,-3.005212968781532,0.0
1.6,-0.4839655847302209,-0.4839655847302209,2.072365033520783,6.770718944992431,6.770718944992431,-3.0532923687500713,-3.0532923687497298,0.0
1.601,-0.48187556415676347,-0.48187556415676347,2.0900205734574353,6.767617410593655,6.767617410593655,-3.1015343987768063,-3.1015343987771478,0.0
1.602,-0.47976798291295236,-0.47976798291295236,2.107581243811131,6.764467479876063,6.764467479876063,-3.149930717591509,-3.1499307175911566,0.0
1.603,-0.47764293649522926,-0.47764293649522926,2.1250464177231008,6.7612690069044685,6.7612690069044685,-3.1984729715945903,-3.1984729715949425,0.0
1.604,-0.47550052102268586,-0.47550052102268586,2.142415472543425,6.758021854108283,6.758021854108283,-3.247152796185482,-3.2471527961851185,0.0
1.605,-0.4733408332328332,-0.4733408332328332,2.1596877898526676,6.754725892291173,6.754725892291173,-3.2959618171100047,-3.2959618171103675,0.0
1.606,-0.47116397047734987,-0.47116397047734987,2.176862755483331,6.751381000639396,6.751381000639396,-3.344891651776649,-3.344891651776275,0.0
1.607,-0.46897003071780874,-0.46897003071780874,2.1939397595411245,6.747987066728784,6.747987066728784,-3.393933910612823,-3.393933910613197,0.0
1.608,-0.4667591125213827,-0.4667591125213827,2.210918196426052,6.744543986530409,6.744543986530409,-3.443080198374915,-3.4430801983745294,0.0
1.609,-0.4645313150565294,-0.4645313150565294,2.227797464853312,6.7410516644149,6.7410516644149,-3.4923221155089834,-3.492322115509368,0.0
1.61,-0.4622867380886554,-0.4622867380886554,2.2445769678740177,6.7375100131554415,6.7375100131554415,-3.541651259458156,-3.54165125945776,0.0
1.611,-0.46002548197575965,-0.46002548197575965,2.261256112895726,6.733918953929437,6.733918953929437,-3.591059226004667,-3.5910592260050627,0.0
1.612,-0.45774764766405684,-0.45774764766405684,2.277834311702784,6.730278416318842,6.730278416318842,-3.6405376105950182,-3.640537610594611,0.0
1.613,-0.45545333668358035,-0.45545333668358035,2.294310980476486,6.726588338309169,6.726588338309169,-3.6900780096731367,-3.690078009673543,0.0
1.614,-0.4531426511437653,-0.4531426511437653,2.310685539815045,6.722848666287172,6.722848666287172,-3.739672021996654,-3.7396720219962356,0.0
1.615,-0.4508156937290119,-0.4508156937290119,2.3269574147533736,6.719059355037212,6.719059355037212,-3.789311249960292,-3.7893112499607096,0.0
1.616,-0.4484725676942292,-0.4484725676942292,2.3431260347826783,6.715220367736279,6.715220367736279,-3.8389873009325726,-3.838987300932143,0.0
1.617,-0.44611337686035935,-0.44611337686035935,2.3591908338698615,6.711331675947738,6.711331675947738,-3.88869178854101,-3.888691788541438,0.0
1.618,-0.44373822560988263,-0.44373822560988263,2.375151250476736,6.707393259613714,6.707393259613714,-3.9384163340239198,-3.9384163340234792,0.0
1.619,-0.4413472188823036,-0.4413472188823036,2.391006727579046,6.703405107046201,6.703405107046201,-3.988152567512948,-3.9881525675133873,0.0
1.62,-0.4389404621696183,-0.4389404621696183,2.406756712685298,6.699367214916842,6.699367214916842,-4.037892129359122,-4.03789212935867,0.0
1.621,-0.43651806151176287,-0.43651806151176287,2.4224006578554,6.695279588245412,6.695279588245412,-4.087626671430478,-4.087626671430928,0.0
1.622,-0.4340801234920438,-0.4340801234920438,2.437938019719107,6.691142240387004,6.691142240387004,-4.137347858407914,-4.137347858407451,0.0
1.623,-0.4316267552325495,-0.4316267552325495,2.453368259494274,6.686955193017898,6.686955193017898,-4.187047369105912,-4.187047369106373,0.0
1.624,-0.42915806438954457,-0.42915806438954457,2.468690843004912,6.682718476120165,6.682718476120165,-4.236716897732862,-4.2367168977323875,0.0
1.625,-0.4266741591488455,-0.4266741591488455,2.4839052406990567,6.678432127964952,6.678432127964952,-4.286348155212671,-4.286348155213144,0.0
1.6260000000000001,-0.4241751482211791,-0.4241751482211791,2.4990109276664336,6.674096195094515,6.674096195094515,-4.335932870437098,-4.335932870436613,0.0
1.627,-0.42166114083752315,-0.42166114083752315,2.514007383655933,6.669710732302934,6.669710732302934,-4.385462791581141,-4.385462791581624,0.0
1.6280000000000001,-0.4191322467444303,-0.4191322467444303,2.5288940930928874,6.665275802615584,6.665275802615584,-4.434929687350042,-4.434929687349546,0.0
1.629,-0.41658857619933415,-0.41658857619933415,2.5436705450961514,6.660791477267319,6.660791477267319,-4.484325348265372,-4.484325348265866,0.0
1.6300000000000001,-0.41403023996583915,-0.41403023996583915,2.558336233494986,6.6562578356794,6.6562578356794,-4.533641587918247,-4.53364158791774,0.0
1.631,-0.4114573493089934,-0.4114573493089934,2.5728906568457433,6.651674965435154,6.651674965435154,-4.582870244246529,-4.582870244247033,0.0
1.6320000000000001,-0.40887001599054507,-0.40887001599054507,2.5873333184483536,6.647042962254385,6.647042962254385,-4.632003180768507,-4.632003180767988,0.0
1.633,-0.40626835226418245,-0.40626835226418245,2.601663726362615,6.642361929966539,6.642361929966539,-4.681032287846776,-4.681032287847291,0.0
1.6340000000000001,-0.4036524708707582,-0.4036524708707582,2.6158813934242806,6.637631980482615,6.637631980482615,-4.72994948392369,-4.729949483923161,0.0
1.635,-0.40102248503349724,-0.40102248503349724,2.62998583726095,6.632853233765858,6.632853233765858,-4.778746716756821,-4.778746716757348,0.0
1.6360000000000001,-0.3983785084531895,-0.3983785084531895,2.643976580307757,6.628025817801202,6.628025817801202,-4.82741596465619,-4.82741596465565,0.0
1.637,-0.39572065530336664,-0.39572065530336664,2.6578531498228575,6.623149868563506,6.623149868563506,-4.8759492376957425,-4.87594923769628,0.0
1.6380000000000001,-0.39304904022546394,-0.39304904022546394,2.6716150779027177,6.618225529984568,6.618225529984568,-4.924338578938148,-4.924338578937597,0.0
1.639,-0.39036377832396674,-0.39036377832396674,2.6852619014971983,6.613252953918918,6.613252953918918,-4.972576065649825,-4.972576065650373,0.0
1.6400000000000001,-0.3876649851615423,-0.3876649851615423,2.6987931624244386,6.608232300108439,6.608232300108439,-5.020653810479558,-5.020653810478996,0.0
1.641,-0.38495277675415673,-0.38495277675415673,2.712208407385536,6.603163736145746,6.603163736145746,-5.068563962693062,-5.068563962693621,0.0
1.6420000000000001,-0.3822272695661777,-0.3822272695661777,2.725507187979024,6.598047437436427,6.598047437436427,-5.116298709318734,-5.116298709318161,0.0
1.643,-0.3794885805054625,-0.3794885805054625,2.7386890607151453,6.592883587160069,6.592883587160069,-5.1638502763582395,-5.163850276358808,0.0
1.6440000000000001,-0.3767368269184326,-0.3767368269184326,2.751753587029924,6.587672376230124,6.587672376230124,-5.2112109299446985,-5.211210929944115,0.0
1.645,-0.37397212658513357,-0.37397212658513357,2.7647003332990296,6.582414003252616,6.582414003252616,-5.258372977507975,-5.258372977508554,0.0
1.6460000000000001,-0.37119459771428215,-0.37119459771428215,2.777528870851438,6.577108674483673,6.577108674483673,-5.30532876894263,-5.3053287689420365,0.0
1.647,-0.36840435893829926,-0.36840435893829926,2.7902387759828877,6.571756603785936,6.571756603785936,-5.3520706977376875,-5.352070697738277,0.0
1.6480000000000001,-0.3656015293083301,-0.3656015293083301,2.8028296299691315,6.566358012583811,6.566358012583811,-5.398591202125047,-5.398591202124443,0.0
1.649,-0.36278622828925117,-0.36278622828925117,2.815301019078979,6.560913129817591,6.560913129817591,-5.444882766219905,-5.444882766220505,0.0
1.6500000000000001,-0.35995857575466406,-0.35995857575466406,2.827652534587137,6.5554221918964695,6.5554221918964695,-5.490937921121208,-5.490937921120594,0.0
1.651,-0.35711869198187723,-0.35711869198187723,2.839883772786838,6.549885442650419,6.549885442650419,-5.536749246050299,-5.536749246050909,0.0
1.6520000000000001,-0.35426669764687496,-0.35426669764687496,2.85199433500227,6.544303133280994,6.544303133280994,-5.582309369425609,-5.582309369424984,0.0
1.653,-0.3514027138192742,-0.3514027138192742,2.863983827600788,6.538675522311006,6.538675522311006,-5.627610969987984,-5.627610969988604,0.0
1.6540000000000001,-0.34852686195726923,-0.34852686195726923,2.875851862004929,6.533002875533146,6.533002875533146,-5.672646777859391,-5.672646777858756,0.0
1.655,-0.345639263902565,-0.345639263902565,2.887598054704211,6.527285465957513,6.527285465957513,-5.717409575633603,-5.717409575634233,0.0
1.6560000000000001,-0.3427400418752983,-0.3427400418752983,2.899222027266726,6.521523573758071,6.521523573758071,-5.761892199442009,-5.761892199441364,0.0
1.657,-0.33982931846894776,-0.33982931846894776,2.9107234063505274,6.5157174862180725,6.5157174862180725,-5.806087539998117,-5.806087539998757,0.0
1.6580000000000001,-0.33690721664523293,-0.33690721664523293,2.9221018237148035,6.509867497674417,6.509867497674417,-5.849988543655371,-5.8499885436547165,0.0
1.659,-0.33397385972900206,-0.33397385972900206,2.9333569162308453,6.503973909460983,6.503973909460983,-5.893588213433887,-5.893588213434536,0.0
1.6600000000000001,-0.3310293714031093,-0.3310293714031093,2.9444883258928045,6.4980370298509325,6.4980370298509325,-5.936879610050738,-5.936879610050074,0.0
1.661,-0.32807387570328106,-0.32807387570328106,2.9554956998282393,6.492057173997996,6.492057173997996,-5.9798558529360335,-5.9798558529366925,0.0
1.6620000000000001,-0.3251074970129726,-0.3251074970129726,2.9663786903084537,6.4860346638767705,6.4860346638767705,-6.022510121225899,-6.022510121225225,0.0
1.663,-0.322130360058214,-0.322130360058214,2.9771369547586235,6.479969828222005,6.479969828222005,-6.064835654765233,-6.064835654765901,0.0
1.6640000000000001,-0.31914258990244626,-0.31914258990244626,2.9877701557677128,6.473863002466915,6.473863002466915,-6.1068257550900285,-6.106825755089345,0.0
1.665,-0.31614431194134807,-0.31614431194134807,2.9982779610981805,6.46771452868052,6.46771452868052,-6.148473786395492,-6.148473786396169,0.0
1.666,-0.3131356518976526,-0.3131356518976526,3.0086600436954747,6.461524755504031,6.461524755504031,-6.189773176489055,-6.189773176489737,0.0
1.667,-0.3101167358159553,-0.3101167358159553,3.018916081697316,6.455294038086276,6.455294038086276,-6.2307174177549385,-6.230717417754241,0.0
1.668,-0.3070876900575125,-0.3070876900575125,3.0290457584427704,6.449022738018209,6.449022738018209,-6.271300068067198,-6.271300068067889,0.0
1.669,-0.3040486412950314,-0.3040486412950314,3.0390487624811082,6.442711223266464,6.442711223266464,-6.311514751744518,-6.311514751743812,0.0
1.67,-0.30099971650745094,-0.30099971650745094,3.048924787580454,6.436359868106029,6.436359868106029,-6.351355160434835,-6.351355160435535,0.0
1.671,-0.29794104297471474,-0.29794104297471474,3.058673532736222,6.429969053051996,6.429969053051996,-6.390815054032828,-6.390815054032113,0.0
1.672,-0.2948727482725354,-0.2948727482725354,3.0682947021793403,6.423539164790428,6.423539164790428,-6.429888261568095,-6.429888261568803,0.0
1.673,-0.2917949602671511,-0.2917949602671511,3.0777880053842623,6.417070596108349,6.417070596108349,-6.468568682079123,-6.468568682078399,0.0
1.674,-0.2887078071100744,-0.2887078071100744,3.087153157076767,6.410563745822876,6.410563745822876,-6.506850285473043,-6.506850285473759,0.0
1.675,-0.28561141723283284,-0.28561141723283284,3.096389877241543,6.404019018709482,6.404019018709482,-6.544727113394266,-6.544727113393534,0.0
1.676,-0.28250591934170327,-0.28250591934170327,3.1054978911295636,6.397436825429439,6.397436825429439,-6.582193280042503,-6.582193280043228,0.0
1.677,-0.279391442412438,-0.279391442412438,3.1144769292652477,6.390817582456419,6.390817582456419,-6.619242973020079,-6.619242973019338,0.0
1.678,-0.2762681156849846,-0.2762681156849846,3.123326727453404,6.384161712002285,6.384161712002285,-6.655870454133961,-6.655870454134694,0.0
1.679,-0.2731360686581986,-0.2731360686581986,3.1320470267859672,6.377469641942081,6.377469641942081,-6.692070060204003,-6.692070060203254,0.0
1.68,-0.2699954310845501,-0.2699954310845501,3.140637573648518,6.370741805738233,6.370741805738233,-6.727836203848092,-6.727836203848833,0.0
1.681,-0.2668463329648235,-0.2668463329648235,3.149098119726588,6.363978642363977,6.363978642363977,-6.763163374256642,-6.763163374255885,0.0
1.682,-0.26368890454281174,-0.26368890454281174,3.157428422011756,6.357180596226014,6.357180596226014,-6.798046137962643,-6.798046137963392,0.0
1.683,-0.2605232763000042,-0.2605232763000042,3.1656282428075246,6.350348117086433,6.350348117086433,-6.832479139580627,-6.8324791395798625,0.0
1.684,-0.2573495789502692,-0.2573495789502692,3.1736973497349865,6.343481659983882,6.343481659983882,-6.86645710255096,-6.866457102551716,0.0
1.685,-0.2541679434345309,-0.2541679434345309,3.1816355157382765,6.336581685154026,6.336581685154026,-6.899974829856603,-6.899974829855831,0.0
1.686,-0.2509785009154411,-0.2509785009154411,3.189442519089809,6.329648657949286,6.329648657949286,-6.933027204739872,-6.933027204740636,0.0
1.687,-0.2477813827720458,-0.2477813827720458,3.1971181433953015,6.322683048757906,6.322683048757906,-6.965609191380118,-6.965609191379338,0.0
1.688,-0.24457672059444724,-0.24457672059444724,3.2046621775985846,6.315685332922303,6.315685332922303,-6.9977158356024916,-6.9977158356032625,0.0
1.689,-0.24136464617846104,-0.24136464617846104,3.2120744159861974,6.308655990656785,6.308655990656785,-7.0293422655183235,-7.029342265517537,0.0
1.69,-0.23814529152026928,-0.23814529152026928,3.2193546581917682,6.301595506964595,6.301595506964595,-7.060483692190367,-7.060483692191144,0.0
1.691,-0.2349187888110691,-0.2349187888110691,3.2265027092001826,6.294504371554309,6.294504371554309,-7.0911354102856095,-7.091135410284816,0.0
1.692,-0.23168527043171755,-0.23168527043171755,3.2335183793515356,6.287383078755637,6.287383078755637,-7.12129279867213,-7.121292798672914,0.0
1.693,-0.22844486894737268,-0.22844486894737268,3.240401484344871,6.280232127434582,6.280232127434582,-7.150951321055032,-7.150951321054232,0.0
1.694,-0.22519771710213096,-0.22519771710213096,3.247151845241707,6.273052020908021,6.273052020908021,-7.18010652656087,-7.18010652656166,0.0
1.695,-0.2219439478136616,-0.2219439478136616,3.2537692884693437,6.265843266857693,6.265843266857693,-7.208754050328281,-7.2087540503274745,0.0
1.696,-0.21868369416783764,-0.21868369416783764,3.2602536458239624,6.258606377243622,6.258606377243622,-7.236889614071096,-7.236889614071893,0.0
1.697,-0.21541708941336413,-0.21541708941336413,3.2666047544735073,6.2513418682169934,6.2513418682169934,-7.264509026628119,-7.264509026627306,0.0
1.698,-0.2121442669564038,-0.2121442669564038,3.272822456960352,6.244050260032477,6.244050260032477,-7.291608184516463,-7.291608184517266,0.0
1.699,-0.20886536035520004,-0.20886536035520004,3.278906601203755,6.236732076960033,6.236732076960033,-7.318183072444029,-7.31818307244321,0.0
1.7,-0.20558050331469793,-0.20558050331469793,3.2848570405020996,6.229387847196211,6.229387847196211,-7.344229763821986,-7.344229763822795,0.0
1.701,-0.20228982968116302,-0.20228982968116302,3.2906736335349196,6.222018102774944,6.222018102774944,-7.369744421266589,-7.3697444212657635,0.0
1.702,-0.1989934734367983,-0.1989934734367983,3.2963562443647123,6.2146233794778745,6.2146233794778745,-7.394723297069916,-7.394723297070731,0.0
1.703,-0.19569156869435975,-0.19569156869435975,3.3019047424385364,6.2072042167442,6.2072042167442,-7.419162733674156,-7.419162733673326,0.0
1.704,-0.19238424969177034,-0.19238424969177034,3.3073190025893973,6.19976115758008,6.19976115758008,-7.443059164120136,-7.443059164120956,0.0
1.705,-0.18907165078673294,-0.18907165078673294,3.3125989050374174,6.192294748467601,6.192294748467601,-7.466409112478978,-7.466409112478142,0.0
1.706,-0.18575390645134215,-0.18575390645134215,3.317744335390795,6.1848055392733166,6.1848055392733166,-7.489209194284641,-7.489209194285466,0.0
1.707,-0.1824311512666956,-0.1824311512666956,3.322755184646548,6.177294083156397,6.177294083156397,-7.5114561169193905,-7.51145611691855,0.0
1.708,-0.17910351991750456,-0.17910351991750456,3.327631349191046,6.169760936476366,6.169760936476366,-7.533146680031244,-7.533146680032074,0.0
1.709,-0.17577114718670422,-0.17577114718670422,3.332372730800326,6.1622066587004785,6.1622066587004785,-7.5542777758874635,-7.554277775886618,0.0
1.71,-0.17243416795006403,-0.17243416795006403,3.3369792366401994,6.154631812310729,6.154631812310729,-7.574846389749368,-7.574846389750202,0.0
1.711,-0.16909271717079788,-0.16909271717079788,3.3414507792661436,6.147036962710524,6.147036962710524,-7.5948496002054,-7.59484960020455,0.0
1.712,-0.1657469298941749,-0.1657469298941749,3.3457872766229815,6.139422678131007,6.139422678131007,-7.614284579516628,-7.6142845795174665,0.0
1.713,-0.16239694124213053,-0.16239694124213053,3.3499886520443476,6.131789529537089,6.131789529537089,-7.633148593917838,-7.633148593916983,0.0
1.714,-0.1590428864078786,-0.1590428864078786,3.3540548342519436,6.124138090533163,6.124138090533163,-7.651439003926619,-7.651439003927462,0.0
1.715,-0.155684900650524,-0.155684900650524,3.3579857573545797,6.116468937268541,6.116468937268541,-7.6691532646213645,-7.6691532646205065,0.0
1.716,-0.152323119289677,-0.152323119289677,3.3617813608470057,6.108782648342623,6.108782648342623,-7.686288925918383,-7.6862889259192295,0.0
1.717,-0.14895767770006849,-0.14895767770006849,3.3654415896085292,6.10107980470981,6.10107980470981,-7.702843632812595,-7.7028436328117325,0.0
1.718,-0.14558871130616707,-0.14558871130616707,3.368966393901422,6.093360989584173,6.093360989584173,-7.71881512563688,-7.71881512563773,0.0
1.719,-0.14221635557679796,-0.14221635557679796,3.372355729369116,6.085626788343912,6.085626788343912,-7.734201240261029,-7.734201240260163,0.0
1.72,-0.13884074601976376,-0.13884074601976376,3.3756095570341884,6.0778777884356,6.0778777884356,-7.748999908312015,-7.748999908312869,0.0
1.721,-0.13546201817646764,-0.13546201817646764,3.3787278432961334,6.0701145792782265,6.0701145792782265,-7.763209157373829,-7.763209157372961,0.0
1.722,-0.13208030761653872,-0.13208030761653872,3.381710559928926,6.062337752167081,6.062337752167081,-7.776827111145579,-7.776827111146435,0.0
1.723,-0.12869574993246036,-0.12869574993246036,3.3845576840783735,6.054547900177463,6.054547900177463,-7.789851989618235,-7.789851989617363,0.0
1.724,-0.1253084807342011,-0.1253084807342011,3.387269198259258,6.046745618068245,6.046745618068245,-7.802282109217629,-7.8022821092184875,0.0
1.725,-0.12191863564384882,-0.12191863564384882,3.389845090352269,6.03893150218532,6.03893150218532,-7.814115882925243,-7.814115882924368,0.0
1.726,-0.11852635029024809,-0.11852635029024809,3.3922853536007236,6.031106150364911,6.031106150364911,-7.825351820408777,-7.825351820409638,0.0
1.727,-0.11513176030364101,-0.11513176030364101,3.3945899866070817,6.0232701618368045,6.0232701618368045,-7.835988528106519,-7.835988528105642,0.0
1.728,-0.11173500131031176,-0.11173500131031176,3.396758993329249,6.01542413712748,6.01542413712748,-7.846024709324162,-7.846024709325026,0.0
1.729,-0.1083362089272351,-0.1083362089272351,3.39879238307667,6.007568677963177,6.007568677963177,-7.855459164303191,-7.855459164302312,0.0
1.73,-0.10493551875672888,-0.10493551875672888,3.400690170506219,5.999704387172919,5.999704387172919,-7.864290790258188,-7.864290790259054,0.0
1.731,-0.10153306638111101,-0.10153306638111101,3.4024523756178726,5.991831868591484,5.991831868591484,-7.872518581434562,-7.872518581433681,0.0
1.732,-0.09812898735736082,-0.09812898735736082,3.4040790237501843,5.983951726962358,5.983951726962358,-7.880141629126314,-7.8801416291271815,0.0
1.733,-0.09472341721178527,-0.09472341721178527,3.405570145575546,5.976064567840689,5.976064567840689,-7.88715912166893,-7.887159121668047,0.0
1.734,-0.09131649143469003,-0.09131649143469003,3.4069257770952417,5.968170997496235,5.968170997496235,-7.893570344454481,-7.893570344455351,0.0
1.735,-0.08790834547505573,-0.08790834547505573,3.4081459596342984,5.960271622816342,5.960271622816342,-7.899374679892546,-7.899374679891662,0.0
1.736,-0.08449911473521961,-0.08449911473521961,3.409230739836127,5.9523670512089675,5.9523670512089675,-7.9045716073746775,-7.904571607375548,0.0
1.737,-0.08108893456556265,-0.08108893456556265,3.4101801696569574,5.944457890505738,5.944457890505738,-7.909160703229112,-7.909160703228227,0.0
1.738,-0.07767794025920259,-0.07767794025920259,3.4109943063600694,5.936544748865106,5.936544748865106,-7.913141640631949,-7.91314164063282,0.0
1.739,-0.07426626704669277,-0.07426626704669277,3.4116732125098164,5.928628234675555,5.928628234675555,-7.916514189551194,-7.916514189550308,0.0
1.74,-0.07085405009072733,-0.07085405009072733,3.4122169559654454,5.920708956458938,5.920708956458938,-7.919278216617087,-7.919278216617959,0.0
1.741,-0.06744142448085262,-0.06744142448085262,3.4126256098747114,5.912787522773906,5.912787522773906,-7.921433685032397,-7.921433685031511,0.0
1.742,-0.06402852522818533,-0.06402852522818533,3.412899252667287,5.904864542119473,5.904864542119473,-7.922980654432976,-7.922980654433848,0.0
1.743,-0.060615487260137366,-0.060615487260137366,3.4130379680479694,5.896940622838736,5.896940622838736,-7.923919280736769,-7.923919280735882,0.0
1.744,-0.057202445415147685,-0.057202445415147685,3.4130418449896833,5.8890163730227405,5.8890163730227405,-7.924249815995488,-7.924249815996361,0.0
1.745,-0.053789534437421405,-0.053789534437421405,3.41291097772628,5.8810924004145235,5.8810924004145235,-7.923972608216978,-7.923972608216092,0.0
1.746,-0.05037688897167627,-0.05037688897167627,3.412645465745136,5.873169312313357,5.873169312313357,-7.923088101166265,-7.923088101167137,0.0
1.747,-0.04696464355789672,-0.04696464355789672,3.4122454137795466,5.865247715479179,5.865247715479179,-7.921596834178146,-7.92159683417726,0.0
1.748,-0.0435529326260958,-0.0435529326260958,3.4117109318009193,5.857328216037256,5.857328216037256,-7.919499441922717,-7.919499441923589,0.0
1.749,-0.04014189049108503,-0.04014189049108503,3.4110421350107663,5.8494114193830775,5.8494114193830775,-7.9167966541788815,-7.916796654177995,0.0
1.75,-0.036731651347252536,-0.036731651347252536,3.410239143832494,5.841497930087489,5.841497930087489,-7.913489295588327,-7.913489295589199,0.0
1.7510000000000001,-0.03332234926334954,-0.03332234926334954,3.409302083902996,5.833588351802103,5.833588351802103,-7.909578285386409,-7.909578285385524,0.0
1.752,-0.029914118177285495,-0.029914118177285495,3.4082310860640406,5.825683287164978,5.825683287164978,-7.905064637125037,-7.905064637125907,0.0
1.7530000000000001,-0.02650709189093203,-0.02650709189093203,3.4070262863534646,5.8177833377065955,5.8177833377065955,-7.899949458382238,-7.8999494583813545,0.0
1.754,-0.023101404064935865,-0.023101404064935865,3.4056878259961643,5.8098891037561335,5.8098891037561335,-7.89423395046196,-7.894233950462829,0.0
1.7550000000000001,-0.019697188213540974,-0.019697188213540974,3.4042158513948895,5.802001184348078,5.802001184348078,-7.887919408055666,-7.887919408054783,0.0
1.756,-0.016294577699420134,-0.016294577699420134,3.402610514120839,5.794120177129149,5.794120177129149,-7.881007218928815,-7.881007218929683,0.0
1.7570000000000001,-0.012893705728516076,-0.012893705728516076,3.400871970904059,5.786246678265597,5.786246678265597,-7.873498863552264,-7.873498863551383,0.0
1.758,-0.009494705344892431,-0.009494705344892431,3.399000383623644,5.778381282350841,5.778381282350841,-7.865395914755879,-7.865395914756745,0.0
1.7590000000000001,-0.006097709425594688,-0.006097709425594688,3.3969959192977432,5.770524582313512,5.770524582313512,-7.8567000373288565,-7.856700037327977,0.0
1.76,-0.002702850675521319,-0.002702850675521319,3.3948587500733685,5.762677169325861,5.762677169325861,-7.847412987651126,-7.84741298765199,0.0
1.7610000000000001,0.0006897383776946885,0.0006897383776946885,3.3925890532160077,5.754839632712585,5.754839632712585,-7.837536613275908,-7.837536613275031,0.0
1.762,0.004079925388793733,0.004079925388793733,3.390187011099044,5.747012559860077,5.747012559860077,-7.827072852507833,-7.827072852508695,0.0
1.7630000000000001,0.007467578199986715,0.007467578199986715,3.3876528111929813,5.7391965361261,5.7391965361261,-7.816023733977495,-7.81602373397662,0.0
1.764,0.010852564846041189,0.010852564846041189,3.384986646054474,5.73139214474991,5.73139214474991,-7.804391376189379,-7.804391376190239,0.0
1.7650000000000001,0.014234753559356354,0.014234753559356354,3.3821887133151654,5.7235999667628485,5.7235999667628485,-7.792177987061777,-7.792177987060905,0.0
1.766,0.017614012775026687,0.017614012775026687,3.3792592156703334,5.715820580899393,5.715820580899393,-7.779385863455168,-7.779385863456025,0.0
1.7670000000000001,0.02099021113589403,0.02099021113589403,3.376198360867343,5.70805456350871,5.70805456350871,-7.7660173906837215,-7.766017390682852,0.0
1.768,0.02436321749758794,0.02436321749758794,3.3730063616939097,5.700302488466694,5.700302488466694,-7.7520750420152496,-7.752075042016103,0.0
1.7690000000000001,0.027732900933554107,0.027732900933554107,3.3696834359661683,5.692564927088539,5.692564927088539,-7.737561378155178,-7.737561378154312,0.0
1.77,0.031099130740070664,0.031099130740070664,3.366229806516557,5.684842448041816,5.684842448041816,-7.722479046723407,-7.722479046724258,0.0
1.7710000000000001,0.03446177644125217,0.03446177644125217,3.3626457011815063,5.677135617260105,5.677135617260105,-7.7068307817107495,-7.706830781709887,0.0
1.772,0.03782070779404112,0.03782070779404112,3.3589313527889435,5.669444997857173,5.669444997857173,-7.690619402931809,-7.690619402932656,0.0
1.7730000000000001,0.041175794793186726,0.041175794793186726,3.355086999145606,5.661771150041722,5.661771150041722,-7.673847815451218,-7.673847815450359,0.0
1.774,0.04452690767621089,0.04452690767621089,3.351112883024167,5.65411463103271,5.65411463103271,-7.656519009011653,-7.656519009012496,0.0
1.7750000000000001,0.04787391692836107,0.04787391692836107,3.347009252150178,5.646475994975264,5.646475994975264,-7.638636057446746,-7.638636057445892,0.0
1.776,0.05121669328754989,0.05121669328754989,3.342776359188819,5.638855792857202,5.638855792857202,-7.620202118062025,-7.620202118062864,0.0
1.7770000000000001,0.05455510774928135,0.05455510774928135,3.3384144617314666,5.631254572426159,5.631254572426159,-7.601220431042499,-7.601220431041648,0.0
1.778,0.05788903157156343,0.05788903157156343,3.333923822282078,5.623672878107355,5.623672878107355,-7.5816943188042885,-7.581694318805123,0.0
1.7790000000000001,0.061218336279806815,0.061218336279806815,3.3293047082433866,5.616111250921988,5.616111250921988,-7.561627185366682,-7.561627185365835,0.0
1.78,0.06454289367170973,0.06454289367170973,3.324557391902918,5.608570228406291,5.608570228406291,-7.541022515697549,-7.541022515698379,0.0
1.7810000000000001,0.06786257582212855,0.06786257582212855,3.3196821504188208,5.601050344531243,5.601050344531243,-7.519883875047206,-7.519883875046364,0.0
1.782,0.07117725508793407,0.07117725508793407,3.3146792658055144,5.593552129622966,5.593552129622966,-7.498214908276957,-7.498214908277783,0.0
1.7830000000000001,0.07448680411285323,0.07448680411285323,3.309549024919157,5.586076110283795,5.586076110283795,-7.476019339171636,-7.476019339170799,0.0
1.784,0.07779109583229617,0.07779109583229617,3.3042917194429324,5.578622809314062,5.578622809314062,-7.453300969732624,-7.453300969733444,0.0
1.7850000000000001,0.08109000347816832,0.08109000347816832,3.2989076458721542,5.571192745634578,5.571192745634578,-7.430063679484178,-7.430063679483347,0.0
1.786,0.08438340058366751,0.08438340058366751,3.293397105499194,5.5637864342098435,5.5637864342098435,-7.406311424734469,-7.406311424735284,0.0
1.7870000000000001,0.08767116098806574,0.08767116098806574,3.287760404398227,5.556404385971981,5.556404385971981,-7.382048237862371,-7.382048237861545,0.0
1.788,0.09095315884147553,0.09095315884147553,3.2819978534098024,5.549047107745426,5.549047107745426,-7.357278226555408,-7.357278226556218,0.0
1.7890000000000001,0.09422926860960076,0.09422926860960076,3.2761097681252362,5.541715102172358,5.541715102172358,-7.332005573068123,-7.332005573067303,0.0
1.79,0.0974993650784716,0.0974993650784716,3.2700964688708254,5.534408867638908,5.534408867638908,-7.306234533449363,-7.3062345334501675,0.0
1.7910000000000001,0.10076332335916348,0.10076332335916348,3.263958280691888,5.527128898202131,5.527128898202131,-7.279969436777556,-7.279969436776741,0.0
1.792,0.10402101889250011,0.10402101889250011,3.2576955333366278,5.519875683517766,5.519875683517766,-7.253214684364906,-7.253214684365704,0.0
1.793,0.10727232745373994,0.10727232745373994,3.2513085612398234,5.512649708768805,5.512649708768805,-7.225974748960695,-7.225974748961491,0.0
1.794,0.11051712515724628,0.11051712515724628,3.2447977035063453,5.505451454594845,5.505451454594845,-7.198254173959917,-7.1982541739591115,0.0
1.795,0.11375528846114077,0.11375528846114077,3.2381633038945,5.498281397022279,5.498281397022279,-7.170057572566613,-7.170057572567402,0.0
1.796,0.11698669417193998,0.11698669417193998,3.231405710799201,5.491140007395301,5.491140007395301,-7.1413896269776345,-7.141389626976835,0.0
1.797,0.12021121944917494,0.12021121944917494,3.224525277234968,5.484027752307746,5.484027752307746,-7.112255087554864,-7.112255087555647,0.0
1.798,0.1234287418099937,0.1234287418099937,3.21752236081876,5.476945093535783,5.476945093535783,-7.082658771962791,-7.082658771961999,0.0
1.799,0.12663913913374633,0.12663913913374633,3.2103973237526313,5.4698924879714586,5.4698924879714586,-7.052605564324743,-7.05260556432552,0.0
1.8,0.12984228966655256,0.12984228966655256,3.203150532806226,5.4628703875571025,5.4628703875571025,-7.022100414356025,-7.022100414355239,0.0
1.801,0.13303807202585166,0.13303807202585166,3.1957823592990997,5.455879239220608,5.455879239220608,-6.9911483364943905,-6.9911483364951605,0.0
1.802,0.13622636520493453,0.13622636520493453,3.188293179082875,5.4489194848116,5.4489194848116,-6.959754409008312,-6.959754409007533,0.0
1.803,0.13940704857745775,0.13940704857745775,3.180683372523233,5.441991561038485,5.441991561038485,-6.927923773115019,-6.927923773115782,0.0
1.804,0.14258000190193948,0.14258000190193948,3.172953324481735,5.435095899406414,5.435095899406414,-6.895661632071004,-6.895661632070232,0.0
1.805,0.14574510532623697,0.14574510532623697,3.1651034242974827,5.428232926156132,5.428232926156132,-6.862973250282067,-6.862973250282823,0.0
1.806,0.1489022393920056,0.1489022393920056,3.157134065768614,5.421403062203772,5.421403062203772,-6.829863952360071,-6.8298639523593065,0.0
1.807,0.15205128503913923,0.15205128503913923,3.1490456471336348,5.41460672308155,5.41460672308155,-6.79633912222144,-6.7963391222221885,0.0
1.808,0.1551921236101918,0.1551921236101918,3.140838571052587,5.407844318879409,5.407844318879409,-6.762404202141248,-6.762404202140491,0.0
1.809,0.15832463685477985,0.15832463685477985,3.13251324458806,5.401116254187596,5.401116254187596,-6.728064691812641,-6.7280646918133815,0.0
1.81,0.16144870693396587,0.16144870693396587,3.124070079186037,5.39442292804019,5.39442292804019,-6.693326147406253,-6.693326147405505,0.0
1.811,0.16456421642462246,0.16456421642462246,3.115509490656584,5.3877647338595835,5.3877647338595835,-6.658194180606536,-6.6581941806072695,0.0
1.812,0.16767104832377683,0.16767104832377683,3.1068318991543795,5.381142059401935,5.381142059401935,-6.622674457648969,-6.622674457648229,0.0
1.813,0.17076908605293592,0.17076908605293592,3.098037729159085,5.3745552867035835,5.3745552867035835,-6.586772698351062,-6.586772698351788,0.0
1.814,0.17385821346239147,0.17385821346239147,3.0891274094555614,5.368004792028451,5.368004792028451,-6.55049467513269,-6.550494675131957,0.0
1.815,0.1769383148355054,0.1769383148355054,3.080101373113927,5.361490945816418,5.361490945816418,-6.513846212032881,-6.513846212033599,0.0
1.816,0.18000927489297486,0.18000927489297486,3.0709600574694598,5.3550141126327,5.3550141126327,-6.476833183717723,-6.476833183716998,0.0
1.817,0.1830709787970772,0.1830709787970772,3.0617039041023486,5.3485746511182235,5.3485746511182235,-6.439461514476719,-6.439461514477427,0.0
1.818,0.1861233121558945,0.1861233121558945,3.0523333588172874,5.342172913940995,5.342172913940995,-6.401737177228917,-6.4017371772282,0.0
1.819,0.18916616102751743,0.18916616102751743,3.0428488716229185,5.3358092477484975,5.3358092477484975,-6.363666192497064,-6.363666192497765,0.0
1.82,0.19219941192422857,0.19219941192422857,3.033250896711125,5.3294839931210936,5.3294839931210936,-6.3252546274039645,-6.325254627403257,0.0
1.821,0.19522295181666474,0.19522295181666474,3.0235398924361707,5.323197484526449,5.323197484526449,-6.286508594644857,-6.28650859464555,0.0
1.822,0.19823666813795843,0.19823666813795843,3.0137163212936917,5.316950050274996,5.316950050274996,-6.247434251452688,-6.247434251451989,0.0
1.823,0.20124044878785796,0.20124044878785796,3.0037806498995394,5.310742012476422,5.310742012476422,-6.20803779857404,-6.208037798574724,0.0
1.824,0.20423418213682643,0.20423418213682643,2.9937333489684743,5.304573686997206,5.304573686997206,-6.168325479215753,-6.168325479215063,0.0
1.825,0.20721775703011913,0.20721775703011913,2.9835748932927144,5.298445383419191,5.298445383419191,-6.128303578015526,-6.128303578016201,0.0
1.826,0.21019106279183947,0.21019106279183947,2.973305761720336,5.292357404999211,5.292357404999211,-6.087978419979656,-6.087978419978975,0.0
1.827,0.213153989228973,0.213153989228973,2.962926437133532,5.2863100486297805,5.2863100486297805,-6.047356369430545,-6.047356369431212,0.0
1.828,0.21610642663539972,0.21610642663539972,2.9524374064267223,5.280303604800827,5.280303604800827,-6.006443828953323,-6.0064438289526505,0.0
1.829,0.21904826579588424,0.21904826579588424,2.941839160484526,5.274338357562506,5.274338357562506,-5.9652472383211474,-5.965247238321805,0.0
1.83,0.22197939799004382,0.22197939799004382,2.9311321941595865,5.268414584489074,5.268414584489074,-5.923773073432059,-5.923773073431397,0.0
1.831,0.22489971499629408,0.22489971499629408,2.92031700625026,5.262532556643834,5.262532556643834,-5.882027845239612,-5.88202784524026,0.0
1.832,0.22780910909577223,0.22780910909577223,2.90939409947816,5.256692538545167,5.256692538545167,-5.840018098667521,-5.840018098666867,0.0
1.833,0.2307074730762378,0.2307074730762378,2.898363980465566,5.250894788133634,5.250894788133634,-5.797750411533187,-5.797750411533825,0.0
1.834,0.23359470023595047,0.23359470023595047,2.8872271597126904,5.245139556740172,5.245139556740172,-5.755231393461457,-5.7552313934608135,0.0
1.835,0.23647068438752528,0.23647068438752528,2.875984151574812,5.239427089055369,5.239427089055369,-5.712467684802824,-5.712467684803453,0.0
1.836,0.23933531986176454,0.23933531986176454,2.864635474239271,5.233757623099835,5.233757623099835,-5.669465955534747,-5.669465955534113,0.0
1.837,0.24218850151146687,0.24218850151146687,2.853181649702328,5.228131390195669,5.228131390195669,-5.62623290416564,-5.62623290416626,0.0
1.838,0.24503012471521277,0.24503012471521277,2.8416232037458933,5.222548614939025,5.222548614939025,-5.58277525664419,-5.582775256643566,0.0
1.839,0.2478600853811269,0.2478600853811269,2.829960665914116,5.2170095151737685,5.2170095151737685,-5.539099765256239,-5.539099765256849,0.0
1.84,0.25067827995061676,0.25067827995061676,2.8181945694898483,5.21151430196625,5.21151430196625,-5.495213207518113,-5.495213207517498,0.0
1.841,0.2534846054020877,0.2534846054020877,2.806325451470973,5.20606317958117,5.20606317958117,-5.451122385080609,-5.451122385081209,0.0
1.842,0.25627895925463434,0.25627895925463434,2.7943538525466036,5.200656345458561,5.200656345458561,-5.4068341226090055,-5.406834122608401,0.0
1.843,0.2590612395717075,0.2590612395717075,2.7822803170731563,5.195293990191881,5.195293990191881,-5.362355266679941,-5.362355266680532,0.0
1.844,0.2618313449647578,0.2618313449647578,2.7701053930502906,5.189976297507205,5.189976297507205,-5.3176926846756345,-5.317692684675039,0.0
1.845,0.26458917459685455,0.26458917459685455,2.757829632096726,5.1847034442435485,5.1847034442435485,-5.272853263656785,-5.272853263657366,0.0
1.846,0.26733462818628045,0.26733462818628045,2.7454535894259315,5.179475600334289,5.179475600334289,-5.227843909259455,-5.22784390925887,0.0
1.847,0.27006760601010216,0.27006760601010216,2.73297782382169,5.1742929287897175,5.1742929287897175,-5.182671544571527,-5.182671544572098,0.0
1.848,0.2727880089077157,0.2727880089077157,2.720402897613539,5.169155585680695,5.169155585680695,-5.137343109022474,-5.1373431090218995,0.0
1.849,0.2754957382843678,0.2754957382843678,2.7077293766520896,5.16406372012344,5.16406372012344,-5.091865557255382,-5.091865557255942,0.0
1.85,0.278190696114652,0.278190696114652,2.694957830284222,5.159017474265422,5.159017474265422,-5.046245858017606,-5.046245858017041,0.0
1.851,0.28087278494598017,0.28087278494598017,2.6820888313281617,5.1540169832723945,5.1540169832723945,-5.000490993027462,-5.000490993028013,0.0
1.852,0.2835419079020286,0.2835419079020286,2.6691229560484357,5.149062375316522,5.149062375316522,-4.954607955872881,-4.954607955872326,0.0
1.853,0.2861979686861593,0.2861979686861593,2.6560607841307093,5.144153771565647,5.144153771565647,-4.908603750874541,-4.9086037508750815,0.0
1.854,0.2888408715848158,0.2888408715848158,2.642902898656507,5.139291286173679,5.139291286173679,-4.862485391968541,-4.862485391967996,0.0
1.855,0.29147052147089364,0.29147052147089364,2.6296498860778152,5.134475026272088,5.134475026272088,-4.816259901590847,-4.816259901591377,0.0
1.856,0.29408682380708523,0.29408682380708523,2.616302336191573,5.129705091962537,5.129705091962537,-4.769934309551083,-4.769934309550549,0.0
1.857,0.29668968464919926,0.29668968464919926,2.6028608421140436,5.124981576310623,5.124981576310623,-4.723515651913424,-4.723515651913944,0.0
1.858,0.29927901064945434,0.29927901064945434,2.5893260002550775,5.120304565340742,5.120304565340742,-4.677010969881046,-4.677010969880523,0.0
1.859,0.3018547090597466,0.3018547090597466,2.575698410292261,5.115674138032071,5.115674138032071,-4.630427308670804,-4.6304273086713135,0.0
1.86,0.30441668773489156,0.30441668773489156,2.561978675144954,5.111090366315668,5.111090366315668,-4.583771716403007,-4.583771716402493,0.0
1.861,0.30696485513583976,0.30696485513583976,2.5481674009482194,5.106553315072696,5.106553315072696,-4.537051242972545,-4.537051242973045,0.0
1.862,0.3094991203328664,0.3094991203328664,2.5342651970266417,5.102063042133748,5.102063042133748,-4.490272938947548,-4.4902729389470455,0.0
1.863,0.31201939300873444,0.31201939300873444,2.520272675868041,5.097619598279303,5.097619598279303,-4.443443854444951,-4.44344385444544,0.0
1.864,0.3145255834618315,0.3145255834618315,2.5061904530970764,5.09322302724128,5.09322302724128,-4.396571038022934,-4.396571038022442,0.0
1.865,0.31701760260928025,0.31701760260928025,2.4920191474487483,5.08887336570571,5.08887336570571,-4.349661535570704,-4.349661535571182,0.0
1.866,0.31949536199002204,0.31949536199002204,2.4777593807417926,5.084570643316516,5.084570643316516,-4.302722389193825,-4.3027223891933435,0.0
1.867,0.321958773767874,0.321958773767874,2.463411777851976,5.080314882680401,5.080314882680401,-4.255760636114658,-4.255760636115127,0.0
1.868,0.3244077507345593,0.3244077507345593,2.4489769666852848,5.076106099372838,5.076106099372838,-4.208783307563024,-4.208783307562554,0.0
1.869,0.3268422063127103,0.3268422063127103,2.4344555781510158,5.071944301945157,5.071944301945157,-4.16179742768108,-4.161797427681538,0.0
1.87,0.3292620545588451,0.3292620545588451,2.4198482461347672,5.0678294919327405,5.0678294919327405,-4.114810012416648,-4.1148100124161875,0.0
1.871,0.33166721016631645,0.33166721016631645,2.4051556074713303,5.063761663864313,5.063761663864313,-4.067828068427204,-4.0678280684276515,0.0
1.872,0.3340575884682339,0.3340575884682339,2.3903783019174822,5.059740805272316,5.059740805272316,-4.0208585919971895,-4.020858591996739,0.0
1.873,0.3364331054403586,0.3364331054403586,2.3755169721246863,5.055766896704381,5.055766896704381,-3.9739085679348918,-3.9739085679353296,0.0
1.874,0.3387936777039703,0.3387936777039703,2.3605722636116937,5.051839911735891,5.051839911735891,-3.926984968489755,-3.9269849684893154,0.0
1.875,0.3411392225287073,0.3411392225287073,2.3455448247370523,5.0479598169836155,5.0479598169836155,-3.880094752275909,-3.880094752276336,0.0
1.8760000000000001,0.34346965783537886,0.34346965783537886,2.3304353066715224,5.044126572120432,5.044126572120432,-3.8332448631832605,-3.8332448631828315,0.0
1.877,0.34578490219874924,0.34578490219874924,2.3152443633704016,5.040340129891124,5.040340129891124,-3.786442229308129,-3.786442229308546,0.0
1.8780000000000001,0.348084874850295,0.348084874850295,2.299972651545758,5.0366004361292465,5.0366004361292465,-3.7396937618776604,-3.739693761877242,0.0
1.879,0.35036949568093356,0.35036949568093356,2.2846208306385756,5.032907429775065,5.032907429775065,-3.6930063541813496,-3.6930063541817564,0.0
1.8800000000000001,0.3526386852437244,0.3526386852437244,2.2691895627908085,5.029261042894552,5.029261042894552,-3.6463868805132194,-3.6463868805128112,0.0
1.881,0.35489236475654173,0.35489236475654173,2.2536795128173517,5.025661200699439,5.025661200699439,-3.599842195113112,-3.5998421951135087,0.0
1.8820000000000001,0.35713045610471966,0.35713045610471966,2.2380913481779228,5.022107821568339,5.022107821568339,-3.5533791310999874,-3.55337913109959,0.0
1.883,0.35935288184366854,0.35935288184366854,2.2224257389488615,5.018600817068898,5.018600817068898,-3.5070044994407468,-3.507004499441133,0.0
1.8840000000000001,0.3615595652014634,0.3615595652014634,2.2066833577948435,5.015140091981005,5.015140091981005,-3.4607250878933016,-3.4607250878929143,0.0
1.885,0.3637504300814039,0.3637504300814039,2.1908648799405137,5.011725544321033,5.011725544321033,-3.414547659971845,-3.414547659972221,0.0
1.8860000000000001,0.3659254010645459,0.3659254010645459,2.174970983142037,5.008357065367121,5.008357065367121,-3.368478953912124,-3.368478953911747,0.0
1.887,0.3680844034122045,0.3680844034122045,2.1590023476585696,5.005034539685479,5.005034539685479,-3.322525681642041,-3.322525681642407,0.0
1.8880000000000001,0.37022736306842813,0.37022736306842813,2.142959656223651,5.001757845157716,5.001757845157716,-3.2766945277629134,-3.2766945277625465,0.0
1.889,0.3723542066624446,0.3723542066624446,2.1268435940165187,4.998526853009189,4.998526853009189,-3.2309921485271786,-3.2309921485275344,0.0
1.8900000000000001,0.374464861511078,0.374464861511078,2.110654848633348,4.995341427838363,4.995341427838363,-3.185425170825873,-3.1854251708255163,0.0
1.891,0.3765592556211364,0.3765592556211364,2.0943941100584125,4.992201427647168,4.992201427647168,-3.1400001911947584,-3.1400001911951043,0.0
1.8920000000000001,0.37863731769177156,0.37863731769177156,2.0780620706351742,4.989106703872369,4.989106703872369,-3.094723774799135,-3.094723774798789,0.0
1.893,0.38069897711680883,0.38069897711680883,2.0616594250373,4.986057101417913,4.986057101417913,-3.0496024544559575,-3.049602454456293,0.0
1.8940000000000001,0.3827441639870484,0.3827441639870484,2.045186870239605,4.983052458688281,4.983052458688281,-3.0046427296319678,-3.0046427296316316,0.0
1.895,0.38477280909253736,0.38477280909253736,2.028645105488926,4.980092607622796,4.980092607622796,-2.9598510654853527,-2.9598510654856787,0.0
1.8960000000000001,0.38678484392481227,0.38678484392481227,2.012034832274927,4.977177373730926,4.977177373730926,-2.9152338918692067,-2.9152338918688803,0.0
1.897,0.3887802006791131,0.3887802006791131,1.9953567543008346,4.974306576128538,4.974306576128538,-2.8707976023882864,-2.8707976023886026,0.0
1.8980000000000001,0.3907588122565672,0.3907588122565672,1.978611577454108,4.9714800275751205,4.9714800275751205,-2.826548553417574,-2.8265485534172576,0.0
1.899,0.39272061226634425,0.39272061226634425,1.9618000097770427,4.968697534511947,4.968697534511947,-2.7824930631732414,-2.782493063173548,0.0
1.9000000000000001,0.39466553502778157,0.39466553502778157,1.944922761437309,4.965958897101198,4.965958897101198,-2.7386374107489786,-2.738637410748672,0.0
1.901,0.39659351557248,0.39659351557248,1.927980544698429,4.963263909266001,4.963263909266001,-2.6949878351976153,-2.694987835197912,0.0
1.9020000000000001,0.3985044896463702,0.3985044896463702,1.9109740738901895,4.960612358731418,4.960612358731418,-2.6515505345825474,-2.6515505345822508,0.0
1.903,0.4003983937117492,0.4003983937117492,1.8939040653789956,4.958004027066344,4.958004027066344,-2.6083316650744592,-2.6083316650747466,0.0
1.9040000000000001,0.40227516494928733,0.40227516494928733,1.876771237538164,4.955438689726316,4.955438689726316,-2.565337340027618,-2.565337340027331,0.0
1.905,0.4041347412600055,0.4041347412600055,1.8595763107181575,4.95291611609724,4.95291611609724,-2.5225736290757084,-2.5225736290759864,0.0
1.9060000000000001,0.4059770612672222,0.4059770612672222,1.8423200072167634,4.950436069540006,4.950436069540006,-2.480046557234772,-2.4800465572344943,0.0
1.907,0.40780206431847144,0.40780206431847144,1.8250030512492144,4.9479983074359835,4.9479983074359835,-2.4377621040221342,-2.437762104022403,0.0
1.9080000000000001,0.4096096904873897,0.4096096904873897,1.8076261689182562,4.945602581233424,4.945602581233424,-2.395726202559345,-2.395726202559077,0.0
1.909,0.41139988057557386,0.41139988057557386,1.7901900881841606,4.943248636494701,4.943248636494701,-2.3539447387230794,-2.3539447387233388,0.0
1.9100000000000001,0.41317257611440855,0.41317257611440855,1.7726955388346863,4.940936212944442,4.940936212944442,-2.3124235502587354,-2.3124235502584765,0.0
1.911,0.41492771936686357,0.41492771936686357,1.7551432524549893,4.938665044518505,4.938665044518505,-2.271168425937553,-2.271168425937803,0.0
1.9120000000000001,0.4166652533292611,0.4166652533292611,1.7375339623974821,4.936434859413785,4.936434859413785,-2.2301851047199506,-2.230185104719701,0.0
1.913,0.41838512173301273,0.41838512173301273,1.7198684037516458,4.934245380138886,4.934245380138886,-2.1894792748984315,-2.1894792748986727,0.0
1.9140000000000001,0.42008726904632654,0.42008726904632654,1.7021473133137939,4.932096323565602,4.932096323565602,-2.149056573284014,-2.149056573283773,0.0
1.915,0.42177164047588334,0.42177164047588334,1.6843714295567893,4.929987400981215,4.929987400981215,-2.1089225843873294,-2.1089225843875616,0.0
1.9160000000000001,0.42343818196848304,0.42343818196848304,1.6665414925997177,4.9279183181416,4.9279183181416,-2.069082839614822,-2.0690828396145906,0.0
1.917,0.4250868402126606,0.4250868402126606,1.6486582441775162,4.925888775325155,4.925888775325155,-2.0295428164454066,-2.02954281644563,0.0
1.9180000000000001,0.42671756264027116,0.42671756264027116,1.6307224276105596,4.9238984673874775,4.9238984673874775,-1.9903079376772936,-1.990307937677071,0.0
1.919,0.42833029742804535,0.42833029742804535,1.612734787774206,4.921947083816856,4.921947083816856,-1.9513835706215232,-1.9513835706217382,0.0
1.92,0.4299249934991137,0.4299249934991137,1.5946960710683011,4.920034308790517,4.920034308790517,-1.9127750263390197,-1.9127750263392305,0.0
1.921,0.4315016005245003,0.4315016005245003,1.5766070253866447,4.918159821231631,4.918159821231631,-1.8744875588856402,-1.8744875588854304,0.0
1.922,0.43306006892458676,0.43306006892458676,1.558468400086419,4.916323294867072,4.916323294867072,-1.836526364558999,-1.8365263645592014,0.0
1.923,0.43460034987054436,0.43460034987054436,1.540280945957582,4.914524398285915,4.914524398285915,-1.7988965811577273,-1.798896581157526,0.0
1.924,0.4361223952857366,0.4361223952857366,1.5220454151922225,4.912762794998665,4.912762794998665,-1.7616032872496135,-1.7616032872498075,0.0
1.925,0.43762615784709047,0.43762615784709047,1.503762561353885,4.911038143497198,4.911038143497198,-1.724651501467278,-1.7246515014670851,0.0
1.926,0.4391115909864373,0.4391115909864373,1.4854331393468594,4.909350097315424,4.909350097315424,-1.6880461817736503,-1.6880461817738361,0.0
1.927,0.44057864889182274,0.44057864889182274,1.4670579053854402,4.907698305090634,4.907698305090634,-1.6517922247896166,-1.6517922247894317,0.0
1.928,0.4420272865087859,0.4420272865087859,1.4486376169631554,4.906082410625542,4.906082410625542,-1.6158944650923601,-1.615894465092538,0.0
1.929,0.44345745954160787,0.44345745954160787,1.4301730328219664,4.904502052950999,4.904502052950999,-1.5803576745430092,-1.5803576745428323,0.0
1.93,0.4448691244545293,0.4448691244545293,1.41166491292144,4.9029568663893786,4.9029568663893786,-1.545186561620504,-1.5451865616206741,0.0
1.931,0.4462622384729372,0.4462622384729372,1.3931140184078943,4.901446480618615,4.901446480618615,-1.510385770763456,-1.510385770763287,0.0
1.932,0.44763675958452076,0.44763675958452076,1.3745211115835188,4.899970520736877,4.899970520736877,-1.475959881737765,-1.4759598817379276,0.0
1.933,0.4489926465403962,0.4489926465403962,1.3558869558754711,4.898528607327888,4.898528607327888,-1.4419134089891372,-1.4419134089889758,0.0
1.934,0.4503298588562012,0.4503298588562012,1.337212315804951,4.897120356526861,4.897120356526861,-1.4082508010275774,-1.4082508010277324,0.0
1.935,0.45164835681315746,0.45164835681315746,1.318497956956251,4.895745380087037,4.895745380087037,-1.3749764398234277,-1.3749764398232738,0.0
1.936,0.45294810145910325,0.45294810145910325,1.29974464594579,4.894403285446835,4.894403285446835,-1.342094640202518,-1.342094640202666,0.0
1.937,0.45422905460949436,0.45422905460949436,1.2809531503911247,4.893093675797581,4.893093675797581,-1.3096096492537512,-1.3096096492536047,0.0
1.938,0.4554911788483743,0.4554911788483743,1.2621242388799447,4.891816150151816,4.891816150151816,-1.2775256457651096,-1.2775256457652504,0.0
1.939,0.45673443752931336,0.45673443752931336,1.2432586809390516,4.890570303412165,4.890570303412165,-1.24584673965078,-1.2458467396506405,0.0
1.94,0.4579587947763167,0.4579587947763167,1.2243572470033206,4.889355726440763,4.889355726440763,-1.2145769714022592,-1.2145769714023928,0.0
1.941,0.4591642154847013,0.4591642154847013,1.2054207083846507,4.888172006129216,4.888172006129216,-1.1837203115465655,-1.183720311546433,0.0
1.942,0.46035066532194224,0.46035066532194224,1.1864498372408991,4.887018725469101,4.887018725469101,-1.153280660115108,-1.153280660115235,0.0
1.943,0.46151811072848703,0.46151811072848703,1.167445406544807,4.885895463622967,4.885895463622967,-1.1232618461338717,-1.123261846133746,0.0
1.944,0.46266651891853994,0.46266651891853994,1.1484081900529124,4.884801795995866,4.884801795995866,-1.0936676271011692,-1.0936676271012895,0.0
1.945,0.4637958578808144,0.4637958578808144,1.129338962274455,4.8837372943073465,4.8837372943073465,-1.0645016885195702,-1.064501688519451,0.0
1.946,0.4649060963792547,0.4649060963792547,1.110238498440273,4.88270152666395,4.88270152666395,-1.0357676433967455,-1.0357676433968597,0.0
1.947,0.46599720395372635,0.46599720395372635,1.091107574471693,4.881694057632177,4.881694057632177,-1.0074690317729562,-1.0074690317728434,0.0
1.948,0.46706915092067575,0.46706915092067575,1.0719469669494146,4.880714448311895,4.880714448311895,-0.9796093202814049,-0.9796093202815128,0.0
1.949,0.4681219083737581,0.4681219083737581,1.0527574530823909,4.879762256410203,4.879762256410203,-0.9521919016926006,-0.952191901692494,0.0
1.95,0.46915544818443483,0.46915544818443483,1.0335398106767053,4.878837036315728,4.878837036315728,-0.9252200944747102,-0.9252200944748121,0.0
1.951,0.4701697430025393,0.4701697430025393,1.014294818104447,4.877938339173331,4.877938339173331,-0.898697142397431,-0.8986971423973305,0.0
1.952,0.47116476625681186,0.47116476625681186,0.9950232542725863,4.877065712959232,4.877065712959232,-0.8726262140985597,-0.8726262140986558,0.0
1.953,0.4721404921554037,0.4721404921554037,0.9757258985918497,4.8762187025565344,4.8762187025565344,-0.8470104026976344,-0.8470104026975396,0.0
1.954,0.47309689568634933,0.47309689568634933,0.9564035309455975,4.875396849831112,4.875396849831112,-0.821852725422012,-0.8218527254221025,0.0
1.955,0.474033952618008,0.474033952618008,0.9370569316587047,4.874599693707885,4.874599693707885,-0.7971561232276159,-0.7971561232275266,0.0
1.956,0.47495163949947444,0.47495163949947444,0.9176868814664457,4.873826770247446,4.873826770247446,-0.7729234604392232,-0.7729234604393084,0.0
1.957,0.47584993366095785,0.47584993366095785,0.8982941614833847,4.873077612723035,4.873077612723035,-0.7491575244102933,-0.7491575244102094,0.0
1.958,0.47672881321413013,0.47672881321413013,0.8788795531722733,4.872351751697842,4.872351751697842,-0.7258610251934527,-0.7258610251935327,0.0
1.959,0.47758825705244307,0.47758825705244307,0.8594438383129556,4.8716487151026255,4.8716487151026255,-0.7030365952163109,-0.7030365952162322,0.0
1.96,0.47842824485141433,0.47842824485141433,0.839987798971283,4.870968028313659,4.870968028313659,-0.6806867889661561,-0.680686788966231,0.0
1.961,0.47924875706888237,0.47924875706888237,0.8205122174680392,4.870309214230945,4.870309214230945,-0.6588140827146205,-0.6588140827145468,0.0
1.962,0.48004977494523027,0.48004977494523027,0.8010178763478769,4.869671793356726,4.869671793356726,-0.637420874218364,-0.6374208742184342,0.0
1.963,0.48083128050357854,0.48083128050357854,0.7815055583482678,4.8690552838742605,4.8690552838742605,-0.6165094824659434,-0.6165094824658744,0.0
1.964,0.481593256549947,0.481593256549947,0.7619760463684658,4.8684592017268615,4.8684592017268615,-0.5960821473989242,-0.5960821473989898,0.0
1.965,0.4823356866733855,0.4823356866733855,0.7424301234384867,4.867883060697162,4.867883060697162,-0.5761410296996061,-0.5761410296995416,0.0
1.966,0.4830585552460736,0.4830585552460736,0.7228685726881033,4.867326372486629,4.867326372486629,-0.5566882105325632,-0.5566882105326245,0.0
1.967,0.48376184742338946,0.48376184742338946,0.7032921773158596,4.866788646795286,4.866788646795286,-0.5377256913430273,-0.5377256913429671,0.0
1.968,0.48444554914394755,0.48444554914394755,0.6837017205581024,4.866269391401635,4.866269391401635,-0.5192553936517186,-0.5192553936517758,0.0
1.969,0.4851096471296056,0.4851096471296056,0.6640979856580347,4.865768112242788,4.865768112242788,-0.5012791588470122,-0.5012791588469562,0.0
1.97,0.4857541288854404,0.4857541288854404,0.6444817558347891,4.86528431349475,4.86528431349475,-0.48379874803750056,-0.48379874803755385,0.0
1.971,0.48637898269969293,0.48637898269969293,0.6248538142525244,4.864817497652898,4.864817497652898,-0.46681584185215286,-0.4668158418521006,0.0
1.972,0.4869841976436825,0.4869841976436825,0.6052149439895466,4.864367165612591,4.864367165612591,-0.45033204030708873,-0.4503320403071383,0.0
1.973,0.48756976357168996,0.48756976357168996,0.5855659280074537,4.863932816749925,4.863932816749925,-0.43434886266613404,-0.4343488626660854,0.0
1.974,0.48813567112081024,0.48813567112081024,0.5659075491203075,4.86351394900262,4.86351394900262,-0.4188677473049296,-0.4188677473049757,0.0
1.975,0.4886819117107741,0.4886819117107741,0.5462405899638326,4.863110058951024,4.863110058951024,-0.403890051595468,-0.4038900515954228,0.0
1.976,0.4892084775437387,0.4892084775437387,0.5265658329646443,4.862720641899201,4.862720641899201,-0.38941705182349295,-0.38941705182353586,0.0
1.977,0.4897153616040482,0.4897153616040482,0.5068840603095054,4.862345191956123,4.862345191956123,-0.37544994307747714,-0.3754499430774351,0.0
1.978,0.49020255765796283,0.49020255765796283,0.48719605391461523,4.8619832021169405,4.8619832021169405,-0.36198983918289684,-0.3619898391829367,0.0
1.979,0.49067006025335774,0.49067006025335774,0.46750259539492983,4.8616341643442915,4.8616341643442915,-0.3490377726489413,-0.34903777264890223,0.0
1.98,0.4911178647193913,0.4911178647193913,0.4478044660335161,4.861297569649692,4.861297569649692,-0.33659469459923486,-0.33659469459927194,0.0
1.981,0.49154596716614224,0.49154596716614224,0.42810244675094017,4.8609729081749355,4.8609729081749355,-0.3246614747567378,-0.32466147475670143,0.0
1.982,0.4919543644842169,0.4919543644842169,0.40839731807469176,4.860659669273531,4.860659669273531,-0.3132389014046666,-0.31323890140470106,0.0
1.983,0.49234305434432557,0.49234305434432557,0.3886898601086453,4.8603573415921515,4.8603573415921515,-0.3023276813793885,-0.3023276813793547,0.0
1.984,0.4927120351968281,0.4927120351968281,0.36898085250255913,4.860065413152069,4.860065413152069,-0.2919284400828559,-0.29192844008288804,0.0
1.985,0.4930613062712497,0.4930613062712497,0.3492710744216141,4.859783371430589,4.859783371430589,-0.282041721479942,-0.2820417214799104,0.0
1.986,0.4933908675757657,0.4933908675757657,0.3295613045159926,4.859510703442447,4.859510703442447,-0.27266798814196136,-0.2726679881419914,0.0
1.987,0.4937007198966562,0.4937007198966562,0.3098523208904991,4.859246895821169,4.859246895821169,-0.26380762127775625,-0.2638076212777267,0.0
1.988,0.4939908647977304,0.4939908647977304,0.29014490107422364,4.858991434900377,4.858991434900377,-0.2554609207923164,-0.25546092079234456,0.0
1.989,0.4942613046197207,0.4942613046197207,0.2704398219902492,4.858743806795024,4.858743806795024,-0.24762810535250424,-0.24762810535247654,0.0
1.99,0.4945120424796461,0.4945120424796461,0.25073785992540415,4.858503497482561,4.858503497482561,-0.24030931246343812,-0.2403093124634646,0.0
1.991,0.49474308227014613,0.49474308227014613,0.23103979050006115,4.858269992884001,4.858269992884001,-0.23350459855997485,-0.23350459855994873,0.0
1.992,0.4949544286587841,0.4949544286587841,0.21134638863798333,4.858042778944884,4.858042778944884,-0.22721393911684373,-0.22721393911686877,0.0
1.993,0.49514608708732033,0.49514608708732033,0.19165842853621912,4.857821341716128,4.857821341716128,-0.22143722875611616,-0.22143722875609137,0.0
1.994,0.4953180637709554,0.4953180637709554,0.171976683635047,4.8576051674347385,4.8576051674347385,-0.21617428138931416,-0.21617428138933797,0.0
1.995,0.4954703656975434,0.4954703656975434,0.15230192658797095,4.857393742604393,4.857393742604393,-0.21142483034530812,-0.21142483034528448,0.0
1.996,0.49560300062677515,0.49560300062677515,0.13263492923176806,4.857186554075854,4.857186554075854,-0.20718852853907066,-0.20718852853909348,0.0
1.997,0.49571597708933174,0.49571597708933174,0.11297646255658939,4.85698308912723,4.85698308912723,-0.2034649486244433,-0.20346494862442055,0.0
1.998,0.49580930438600784,0.49580930438600784,0.09332729667611506,4.856782835544041,4.856782835544041,-0.2002535831886476,-0.20025358318866968,0.0
1.999,0.4958829925868056,0.4958829925868056,0.07368820079776499,4.856585281699114,4.856585281699114,-0.19755384492725625,-0.19755384492723413,0.0
2.0,0.4959370525299986,0.4959370525299986,0.054059943192966156,4.856389916632241,4.856389916632241,-0.19536506687245492,-0.19536506687247643,0.0
