t,u_model,u_observed,v,V_model,V,dVdt_model,dVdt,noise
0.0,1.0,0.997441197115524,0.0,19.739208802178716,19.638320555259053,0.0,0.0,-0.0025588028844760044
0.001,0.9999605215823957,1.0050748367075608,-0.039478417604357434,19.7384295602149,19.940842960666103,-0.7792419638157355,302.52240540704986,0.00511431512516514
0.002,0.9998815939406247,0.9976206322927936,-0.07892764177093528,19.737649381381175,19.64850166788992,-0.7801788337253868,-292.34129277618234,-0.002260961647831047
0.003,0.9997632478050825,0.9966125635817706,-0.11834613554219416,19.736866210472172,19.612707578552882,-0.7831709090027061,-35.794089337038315,-0.003150684223311854
0.004,0.9996055154408329,0.9903053335376052,-0.15773236424965237,19.736077997156865,19.37077368069658,-0.7882133153067628,-241.9338978563026,-0.009300181903227674
0.005,0.99940843064526,0.9972754111710479,-0.1970847955728698,19.735282696294377,19.651214086644632,-0.7953008624888014,280.4404059480525,-0.0021330194742120367
0.006,0.9991720287456617,1.0102912025555248,-0.23640189959829785,19.73447826824849,20.175522680288513,-0.8044280458854303,524.3085936438803,0.011119173809863207
0.007,0.9988963465967837,1.003137813438043,-0.2756821488779933,19.733662679200823,19.90127938480172,-0.8155890476686523,-274.2432954867908,0.004241466841259362
0.008,0.9985814225782955,1.0089502133671922,-0.3149240184881935,19.732833901462687,20.143718867210602,-0.8287777381354999,242.43948240888002,0.010368790788896664
0.009000000000000001,0.9982272965922078,1.0007163238688588,-0.35412598608775103,19.73198991378554,19.830200870605356,-0.8439876771468846,-313.51799660524523,0.0024890272766509135
0.01,0.9978340100602313,1.001781706406369,-0.39328653197642555,19.731128701669952,19.88694756153325,-0.8612121155877617,56.74669092789491,0.0039476963461375775
0.011,0.9974016059210783,0.9992548725253623,-0.43240413915303044,19.73024825767312,19.80328997784872,-0.8804439968308486,-83.65758368453065,0.0018532666042839878
0.012,0.9969301286277049,0.9802695033745855,-0.47147729337343236,19.729346581714807,19.079109761827695,-0.9016759583140299,-724.1802160210249,-0.016660625253119433
0.013000000000000001,0.9964196241444965,1.0049721338321438,-0.5105044832084012,19.728421681381693,20.066296186663727,-0.9249003331142092,987.1864248360316,0.008552509687647371
0.014,0.9958701399443952,1.0009339884033424,-0.5494842001013087,19.72747157223013,19.927064848673613,-0.9501091515637938,-139.23133799011478,0.005063848458947204
0.015,0.9952817250059696,1.000269905387589,-0.5884149384256725,19.726494278087152,19.922981747644872,-0.9772941429773141,-4.083101028740547,0.00498818038161944
0.016,0.9946544298104271,0.9777407842919429,-0.6272951955425454,19.72548783134982,19.066980058849968,-1.0064467373318564,-856.0016887949039,-0.016913645518484226
0.017,0.9939883063385693,0.9765494251658132,-0.6661234718577457,19.724450273282745,19.046132628130838,-1.0375580670753948,-20.847430719129516,-0.017438881172756035
0.018000000000000002,0.9932834080676903,0.9843872546196211,-0.7048982708789273,19.723379654313824,19.376094692718503,-1.0706189689209111,329.96206458766477,-0.008896153448069297
0.019,0.9925397899684179,0.9878578972110855,-0.7436180992724877,19.722274034328148,19.539251901050008,-1.105619985676043,163.15720833150536,-0.004681892757332346
0.02,0.9917575085014976,0.994811968419822,-0.7822814669203113,19.721131482959915,19.84090696571863,-1.1425513682326027,301.6550646686224,0.0030544599183244072
0.021,0.9909366216145212,0.9904775043093954,-0.8208868869763463,19.71995007988248,19.701993291753283,-1.1814030774353057,-138.91367396534793,-0.00045911730512585355
0.022,0.9900771887385982,0.9952869377228072,-0.859432875923012,19.71872791509638,19.922895461690167,-1.222164786099711,220.9021699368853,0.005209748984209021
0.023,0.9891792707849707,0.9827569232862258,-0.8979179536274364,19.717463089215354,19.467476679100304,-1.26482588102661,-455.4187825898626,-0.006422347498744938
0.024,0.9882429301415732,0.9913299616336819,-0.9363406433975201,19.716153713750227,19.836780094890955,-1.30937546512655,369.30341579065,0.0030870314921088112
0.025,0.9872682306695353,0.9912097754381274,-0.9746994720378247,19.714797911390754,19.868729386614646,-1.3558023594733015,31.949291723691402,0.0039415447685921005
0.026000000000000002,0.98625523769963,0.9796438642243086,-1.0129929699052853,19.713393816285237,19.456837532389102,-1.4040951055172002,-411.89185422554397,-0.006611373475321424
0.027,0.9852040180286652,1.0023793212020027,-1.0512196709647423,19.711939574318016,20.385783783522392,-1.4542419672203266,928.9462511332924,0.017175303173337427
0.028,0.9841146399158209,0.9896807334744955,-1.0893781128442936,19.710433343384633,19.92729479957826,-1.5062309333835344,-458.488983944132,0.005566093558674556
0.029,0.9829871730789305,0.9949572254587206,-1.1274668368904612,19.708873293664777,20.176220736789492,-1.560049719856238,248.92593721123268,0.01197005237979008
0.03,0.9818216886907073,0.9756183595458788,-1.1654843882231747,19.707257607892924,19.467571404791627,-1.6156857718527817,-708.6493319978669,-0.006203329144828438
0.031,0.9806182593749168,0.973223100412669,-1.2034293157905656,19.705584481626524,19.420373296300298,-1.67312626640026,-47.198108491329506,-0.007395158962247732
0.032,0.9793769592024932,0.9759364924108616,-1.2413001724235733,19.703852123511908,19.571062695759988,-1.7323581146158062,150.68939945968992,-0.0034404667916316804
0.033,0.9780978636876029,0.9770336503722175,-1.2790955148903584,19.702058755547654,19.660987837980468,-1.7933679642538891,89.92514222047978,-0.0010642133153854398
0.034,0.9767810497836523,0.9831018372339738,-1.3168139039505242,19.70020261334558,19.944731994291033,-1.8561422020724194,283.7441563105647,0.006320787450321489
0.035,0.9754265958792432,0.9779108684149401,-1.3544539044091406,19.698281946389105,19.794068877434515,-1.9206669564759693,-150.66311685651698,0.0024842725356969213
0.036000000000000004,0.9740345817940727,0.969561032841751,-1.3920140851705718,19.696295018289156,19.52466713529317,-1.986928099949381,-269.4017421413439,-0.004473548952321655
0.037,0.9726050887747806,0.9630359656381569,-1.4294930192921045,19.69424010703746,19.328622830726015,-2.0549112516974333,-196.04430456715724,-0.009569123136623718
0.038,0.9711381994907432,0.9659322963900778,-1.466889284037374,19.692115505257163,19.49306135017918,-2.1246017802951656,164.43851945316354,-0.005205903100665388
0.039,0.9696339980298136,0.9818432111788127,-1.504201460929587,19.689919520450886,20.160225933110794,-2.1959848062778065,667.164582931615,0.012209213148999039
0.04,0.9680925698940092,0.9600131056109308,-1.54142813580454,19.687650475246,19.380151877633214,-2.2690452048870213,-780.07405547758,-0.008079464283078356
0.041,0.9665140019951457,0.9689615894683065,-1.5785678988634282,19.685306707637192,19.778816191872917,-2.343767608806502,398.6643142397025,0.002447587473160752
0.042,0.9648983826504203,0.9691635723971619,-1.615619344725447,19.682886571226316,19.845718092211133,-2.420136410876239,66.90190033821602,0.004265189746741636
0.043000000000000003,0.96324580157794,0.9483483702293289,-1.6525810724801815,19.68038843545935,19.1182583474132,-2.4981357669666693,-727.4597447979326,-0.014897431348611148
0.044,0.9615563498922003,0.9620410934702599,-1.6894516857397832,19.677810685860653,19.696216540863954,-2.5777495986964993,577.9581934507582,0.00048474357805962034
0.045,0.9598301200995094,0.9728925560975801,-1.7262297926909314,19.675151724264197,20.173489097600903,-2.6589615964560664,477.27255673694873,0.013062435998070717
0.046,0.9580672060933628,0.9379235678462602,-1.7629140061465767,19.67240996904203,18.918527100778242,-2.7417552221677965,-1254.9619968226605,-0.020143638247102632
0.047,0.9562677031497654,0.9530517646391087,-1.7995029435974679,19.669583855329776,19.54838009941465,-2.8261137122527202,629.8529986364082,-0.0032159385106567046
0.048,0.954431707922502,0.9533703162362451,-1.8359952272634559,19.66667183524913,19.626701413770164,-2.9120200806467267,78.32131435551297,-0.0010613916862568372
0.049,0.9525593184383574,0.9443867154139872,-1.872389484144576,19.66367237812741,19.357655682782553,-2.9994571217208943,-269.04573098760994,-0.008172603024370144
0.05,0.9506506340922855,0.955624534204278,-1.9086843460719065,19.66058397071407,19.847743692545766,-3.0884074133368244,490.0880097632121,0.004973900111992542
0.051000000000000004,0.9487057556425272,0.9480829566931976,-1.9448784497581986,19.65740511739417,19.63408683439201,-3.1788533199019753,-213.65685815375437,-0.000622798949329554
0.052000000000000005,0.9467247852056789,0.9320782186341384,-1.980970436848281,19.654134340398727,19.11095053063021,-3.270776995442759,-523.136303761802,-0.014646566571540556
0.053,0.9447078262517097,0.9529862850366229,-2.0169589539692327,19.650770180012,19.960872804595002,-3.3641603867273773,849.9222739647985,0.008278458784913144
0.054,0.9426549835989294,0.9493483404971395,-2.052842652780324,19.64731119477562,19.89728564326762,-3.4589852363779983,-63.587161327383456,0.00669335689821001
0.055,0.9405663634089066,0.9500247813329807,-2.0886201900227253,19.64375596168956,19.996732516595305,-3.5552330860610937,99.446873327686,0.009458417924074139
0.056,0.9384420731813377,0.9528480473132637,-2.124290227568978,19.64010307640986,20.177915122664473,-3.652885279699092,181.18260606916775,0.01440597413192603
0.057,0.9362822217488654,0.9399046584523488,-2.1598514324722315,19.636351153443243,19.770506084783683,-3.751922966618082,-407.4090378807892,0.003622436703483417
0.058,0.9340869192718502,0.9352796607753514,-2.1953024770152383,19.63249882633834,19.67651076984566,-3.852327104901576,-93.99531493802363,0.001192741503501188
0.059000000000000004,0.9318562772330911,0.9188645963857786,-2.2306420387591093,19.62854474787378,19.153935706345194,-3.954078464563082,-522.5750635004647,-0.0129916808473125
0.06,0.9295904084324992,0.9357448405596489,-2.2658688005918277,19.624487590242847,19.851095270327335,-4.05715763093184,697.1595639821444,0.006154432127149753
0.061,0.9272894269817227,0.9211718377856188,-2.3009814507765167,19.620326045234975,19.39711257187733,-4.161545007871581,-453.9826984500049,-0.006117589196103814
0.062,0.9249534482987232,0.9204264293025348,-2.335978682999463,19.616058824413724,19.45115609705171,-4.267220821251527,54.04352517438222,-0.004527018996188372
0.063,0.9225825891023053,0.909934711359292,-2.370859196417891,19.61168465929152,19.154180039921677,-4.374165122204232,-296.9760571300346,-0.012647877743013233
0.064,0.9201769674065978,0.9105008241344894,-2.4056216957074885,19.60720230150092,19.257543918935067,-4.482357790600133,103.36387901338986,-0.009676143272108395
0.065,0.9177367025154881,0.9124254915893294,-2.440264891109682,19.602610522962518,19.41073796299944,-4.591778538401314,153.19404406437428,-0.005311210926158692
0.066,0.9152619150170095,0.9281502904477693,-2.4747874984786575,19.597908116049375,20.06688385682916,-4.7024069131431645,656.1458938297194,0.012888375430759871
0.067,0.9127527267776814,0.8924348063031946,-2.509188239328128,19.593093893748016,18.86910596900873,-4.8142223013591945,-1197.7778878204315,-0.020317920474486755
0.068,0.9102092609368035,0.8956322054010148,-2.5434658408778437,19.588166689815907,19.06855469166635,-4.927203932108881,199.44872265762098,-0.014577055535788669
0.069,0.9076316419007037,0.9100251528644487,-2.5776190360998457,19.583125358935504,19.669002394915534,-5.041330880402484,600.4477032491836,0.0023935109637450453
0.07,0.9050199953369392,0.9194534928785042,-2.6116465637644604,19.577968776864733,20.09777189522871,-5.15658207077152,428.76950031317625,0.01443349754156496
0.07100000000000001,0.9023744481684531,0.9081594176722013,-2.6455471684860306,19.572695840583922,19.779442008026344,-5.272936280810825,-318.3298872023667,0.005784969503748148
0.07200000000000001,0.8996951285676847,0.8806956957983653,-2.679319600768386,19.56730546843922,18.89959878451293,-5.390372144702837,-879.8432235134143,-0.01899943276931952
0.073,0.8969821659506347,0.8717998176503223,-2.7129626170500494,19.561796600282428,18.682571104149467,-5.508868156791635,-217.02768036346424,-0.025182348300312386
0.074,0.8942356909708855,0.8978096631279958,-2.7464749797491743,19.556168197607214,19.682592306951157,-5.628402675213806,1000.0212028016895,0.0035739721571102644
0.075,0.8914558355135773,0.8840932161162128,-2.7798554573082197,19.550419243681766,19.292374648888085,-5.7489539254476085,-390.21765806307195,-0.007362619397364518
0.076,0.888642732689339,0.8774448669540683,-2.8131028242383502,19.544548743677794,19.154178021453625,-5.870500003972268,-138.19662743446048,-0.011197865735270759
0.077,0.8857965168281754,0.8955702292423711,-2.8462158611635706,19.53855572479587,19.88222652796698,-5.993018881923717,728.0485065133562,0.00977371241419563
0.078,0.8829173234733109,0.8939351855151149,-2.879193354864584,19.532439236387212,19.918876013157895,-6.116488408657972,36.649485190913786,0.011017862041804041
0.079,0.8800052893749885,0.8815778081793734,-2.9120340983223794,19.526198350071667,19.580878377422504,-6.240886315545424,-337.9976357353908,0.0015725188043848632
0.08,0.8770605524842269,0.8795183175870193,-2.944736890761543,19.519832159852143,19.60505142184583,-6.36619021952356,24.173044423324775,0.0024577651027924362
0.081,0.8740832519465336,0.8784268800448549,-2.977300537693291,19.513339782225227,19.66359961888055,-6.492377626916124,58.54819703472098,0.004343628098321322
0.082,0.8710735280955754,0.8870135686648881,-3.0097238509582254,19.506720356288227,20.05989154200337,-6.619425937000045,396.2919231228202,0.015940040569312794
0.083,0.8680315224468066,0.8742218084793605,-3.0420056487688125,19.499973043842374,19.712861327849673,-6.7473124458530265,-347.03021415369733,0.006190286032553852
0.084,0.864957377691055,0.8701438730808126,-3.0741447557515755,19.49309702949238,19.67073203758028,-6.876014349995074,-42.12929026939346,0.005186495389757707
0.085,0.8618512376880659,0.8673286134243783,-3.1061400029890067,19.486091520742228,19.67304882660311,-7.005508750150824,2.316789022831498,0.005477375736312311
0.08600000000000001,0.8587132474600048,0.8430301422344552,-3.137990228061196,19.47895574808722,18.952143492484836,-7.13577265500831,-720.9053341182739,-0.015683105225549592
0.08700000000000001,0.8555435531849176,0.8683608883689585,-3.1696942750871733,19.471688965102242,19.907843780084484,-7.266782984977738,955.7002875996466,0.012817335184040903
0.088,0.8523423021901516,0.8618933230251129,-3.2012509947659624,19.464290448526302,19.78747459588604,-7.398516575939595,-120.36918419844667,0.009551020834961281
0.089,0.8491096429457342,0.8544058801637311,-3.2326592444173485,19.45675949834329,19.634851028477325,-7.530950183014085,-152.62356740871382,0.005296237217996918
0.09,0.8458457250577118,0.8261069707023455,-3.263917888022355,19.449095437858904,18.797656866594327,-7.664060484383839,-837.1941618829972,-0.0197387543553663
0.091,0.8425506992614484,0.8362138990055851,-3.295025796263428,19.441297613773866,19.231311990759732,-7.797824085038485,433.6551241654046,-0.006336800255863366
0.092,0.8392247174148841,0.847647753353359,-3.3259818465643303,19.433365396253276,19.713831670612265,-7.932217520590257,482.5196798525329,0.00842303593847481
0.093,0.8358679324917544,0.8177557899665412,-3.356784923129739,19.425298178992197,18.834095678832632,-8.067217261078952,-879.7359917796321,-0.018112142525213256
0.094,0.8324804985747698,0.8306402762815094,-3.3874339169845484,19.417095379277452,19.35668329532315,-8.202799714744913,522.5876164905183,-0.001840222293260406
0.095,0.8290625708487569,0.8392578475672798,-3.4179277260128775,19.408756438045558,19.744500410025893,-8.338941231894381,387.81711470274126,0.010195276718522928
0.096,0.8256143055937601,0.8125024194636454,-3.448265254996778,19.40028081993691,18.976306302572233,-8.475618108647609,-768.1941074536588,-0.013111886130114665
0.097,0.8221358601781055,0.8382369221618542,-3.4784454156546425,19.391668013346077,19.919371384419097,-8.612806590832633,943.0650818468633,0.016101061983748742
0.098,0.8186273930514262,0.8241470327693748,-3.5084671266793133,19.382917530468355,19.561903259659974,-8.750482877722732,-357.4681247591226,0.005519639717948621
0.099,0.8150890637376503,0.8135876762248525,-3.5383293137758884,19.37402890734245,19.325761115122496,-8.888623125905326,-236.14214453747786,-0.0015013875127978507
0.1,0.8115210328279511,0.8147697010379983,-3.568030909699225,19.365001703889323,19.469289451376653,-9.02720345312602,143.52833625415673,0.0032486682100471833
0.101,0.8079234619736599,0.8144217718881115,-3.597570854291137,19.35583550394729,19.563936154549282,-9.16619994203316,94.64670317262849,0.006498309914451523
0.10200000000000001,0.8042965138791427,0.8055004511411782,-3.626948094517288,19.346529915303183,19.38478636831386,-9.305588644107132,-179.14978623542038,0.0012039372620354539
0.10300000000000001,0.8006403522946389,0.8120969546532185,-3.6561615845037756,19.337084569719806,19.701795864443127,-9.445345583376508,317.0094961292659,0.011456602358579617
0.10400000000000001,0.7969551420090655,0.7903396963515416,-3.6852102855734103,19.327499122959477,19.12022434846197,-9.585446760329575,-581.5715159811563,-0.006615445657523961
0.105,0.7932410488427838,0.7890936872838503,-3.7140931662816827,19.317773254803793,19.188234415598316,-9.72586815568377,68.01006713634638,-0.004147361558933429
0.106,0.7894982396403314,0.7999150851710674,-3.7428092024524195,19.307906669069588,19.634722296243837,-9.866585734204847,446.48788064551997,0.010416845530735937
0.107,0.7857268822631183,0.7859948716785911,-3.771357377213129,19.29789909362102,19.306213343000728,-10.007575448568673,-328.5089532431084,0.00026798941547276817
0.108,0.7819271455820882,0.7731225047708938,-3.7997366810300326,19.287750280377914,19.01748787082568,-10.148813243105792,-288.7254721750485,-0.008804640811194406
0.109,0.7780991994703454,0.7875637521252775,-3.8279461117427847,19.277460005320247,19.56996151216331,-10.290275057666776,552.4736413376305,0.009464552654932115
0.11,0.7742432147957465,0.788898190538774,-3.8559846745988713,19.267028068488848,19.719209903611564,-10.431936831398758,149.24839144825327,0.014654975743027468
0.111,0.7703593634134588,0.7659111025619013,-3.8838513822876988,19.256454293982294,19.121561835652457,-10.573774506553946,-597.6480679591058,-0.004448260851557471
0.112,0.7664478181584844,0.7526478862868794,-3.911545254974361,19.24573852995004,18.83193726008343,-10.715764032255493,-289.6245755690285,-0.01379993187160495
0.113,0.7625087528381513,0.7611612708212202,-3.9390653203330883,19.234880648581708,19.19435372454052,-10.85788136833088,362.41646445709074,-0.0013474820169311302
0.114,0.758542342224571,0.7570521541881685,-3.9664106135803774,19.223880546092644,19.179299132702056,-11.000102489063579,-15.05459183846368,-0.001490188036402389
0.115,0.7545487620470631,0.7515687655507273,-3.9935801775078,19.212738142705703,19.124144133161664,-11.142403386941169,-55.154999540391664,-0.0029799964963358027
0.116,0.7505281889845486,0.7645758920203243,-4.020573062514489,19.201453382629225,19.621577416580095,-11.284760076478051,497.4332834184305,0.014047703035775651
0.117,0.7464808006579093,0.7362114359187514,-4.047388326639303,19.1900262340313,18.88947097350311,-11.427148597924486,-732.1064430769859,-0.010269364739157944
0.11800000000000001,0.7424067756223167,0.7550126420707,-4.074025035592664,19.178456689010286,19.551059308089172,-11.569545021014704,661.5883345860632,0.012605866448383239
0.11900000000000001,0.7383062933595287,0.7256230735687925,-4.100482262788071,19.166744763561567,18.800240203480477,-11.711925448718574,-750.8191046086943,-0.012683219790736194
0.12,0.7341795342701554,0.7263091395983281,-4.126759089373292,19.154890497540606,18.927995748311176,-11.85426602096129,127.75554483070006,-0.00787039467182729
0.121,0.7300266796658942,0.7363418924548759,-4.15285460426122,19.142893954622252,19.325687507305318,-11.996542918353725,397.6917589941419,0.0063152127889817364
0.122,0.7258479117617338,0.7371348148172279,-4.17876790416041,19.130755222256422,19.456699780208844,-12.138732365830407,131.01227290352557,0.011286903055494039
0.123,0.7216434136681286,0.7302334371706639,-4.204498093605278,19.11847441161997,19.36465503887196,-12.280810636450923,-92.0447413368847,0.0085900235025354
0.124,0.7174133693831426,0.7208656168450629,-4.230044284985979,19.10605165756501,19.2040626519345,-12.42275405495974,-160.5923869374591,0.003452247461920301
0.125,0.7131579637845646,0.7145815271640922,-4.255405598577946,19.09348711856347,19.133606619377723,-12.56453900154142,-70.45603255677685,0.0014235633795275581
0.126,0.7088773826219935,0.710402200526562,-4.280581162571102,19.080780976648075,19.12349944562319,-12.706141915394653,-10.107173754533951,0.0015248179045684338
0.127,0.7045718125088948,0.7103246152172352,-4.305570113098737,19.067933437349616,19.228603096128516,-12.847539298459054,105.10365050532745,0.005752802708340415
0.128,0.7002414409146287,0.6984794663370658,-4.330371594266053,19.05494472963069,19.006297238729225,-12.988707718925241,-222.30585739929134,-0.0017619745775629097
0.129,0.6958864561564503,0.6986608161249233,-4.354984758178372,19.04181510581573,19.118185633424606,-13.129623814961633,111.88839469538071,0.0027743599684729742
0.13,0.6915070473914813,0.697234312727811,-4.379408764969008,19.028544841517547,19.185544394168158,-13.2702642981819,67.35876074355212,0.005727265336329771
0.131,0.6871034046086545,0.6871117993733918,-4.4036427828268065,19.015134235560225,19.01536195128405,-13.41060595732202,-170.1824428841084,8.394764737400608e-06
0.132,0.6826757186206311,0.6903155425060105,-4.427685988023344,19.001583609898496,19.208636292350363,-13.550625661729043,193.2743410663134,0.0076398238853793024
0.133,0.6782241810556914,0.6838829623470948,-4.451537564939788,18.98789330953356,19.14004049421674,-13.690300364935126,-68.59579813362154,0.005658781291403443
0.134,0.673748984349598,0.6938553063132485,-4.475196706093421,18.974063702425422,19.516842442239657,-13.829607108139186,376.8019480229153,0.020106321963650548
0.135,0.6692503217374342,0.6724997481051613,-4.4986626121638205,18.960095179401677,19.046156512266418,-13.968523023745405,-470.6859299732389,0.0032494263677272134
0.136,0.6647283872454155,0.6604524577259832,-4.521934492018707,18.945988154062828,18.834138298190602,-14.107025338848445,-212.01821407581514,-0.004275929519432337
0.137,0.660183375682676,0.6564578635235473,-4.545011562739439,18.931743062684184,18.834919027086887,-14.245091378644048,0.7807288962844432,-0.003725512159128706
0.138,0.6556154826330298,0.655484426655373,-4.567893049646176,18.91736036411426,18.913968625600347,-14.382698569924912,79.04959851346042,-0.0001310559776568436
0.139,0.6510249044467071,0.6602627504909556,-4.590578186322692,18.90284053966979,19.141950921932953,-14.519824444469975,227.98229633260527,0.009237846044248514
0.14,0.6464118382320663,0.6430462013470887,-4.613066214640851,18.888184093027327,18.802518936272776,-14.656446642462129,-339.43198566017657,-0.0033656368849775643
0.14100000000000001,0.6417764818472815,0.6456347417678533,-4.635356384784728,18.87339155011147,18.971439499154435,-14.792542915856188,168.92056288165932,0.0038582599205717973
0.14200000000000002,0.6371190338920071,0.6554920466685017,-4.657447955274401,18.85846345897974,19.32725308508618,-14.928091131729104,355.81358593174497,0.01837301277649466
0.14300000000000002,0.6324396936990176,0.6067928989568783,-4.6793401929893825,18.843400389704122,18.216042066417927,-15.063069275619512,-1111.2110186682526,-0.02564679474213934
0.14400000000000002,0.6277386613258259,0.6164995754724356,-4.701032373191712,18.82820293424931,18.552167857225133,-15.19745545481399,336.1257908072052,-0.011239085853390323
0.145,0.6230161375462772,0.6254551077153102,-4.722523779548699,18.8128717063476,18.8729772837723,-15.331227901707933,320.80942654717654,0.002438970169033011
0.146,0.6182723238421218,0.6222556777862964,-4.743813704155321,18.797407341370647,18.89494789371139,-15.464364976953249,21.97060993908904,0.00398335394417464
0.147,0.6135074223945656,0.6158931556831763,-4.764901447556268,18.781810496197874,18.839706027590616,-15.596845172773044,-55.241866120773814,0.002385733288610696
0.148,0.6087216360757979,0.6044101210851504,-4.785786318767644,18.766081849081726,18.662837185555226,-15.728647116148409,-176.8688420353895,-0.004311514990647519
0.149,0.6039151684404995,0.610466630373791,-4.806467635298315,18.75022209950971,18.907266773513882,-15.859749572015858,244.429587958656,0.0065514619332914335
0.15,0.5990882237173286,0.6019095243768613,-4.826944723170906,18.73423196806332,18.80111582427164,-15.990131446390166,-106.15094924224157,0.002821300659532711
0.151,0.5942410068003862,0.5890204934176522,-4.847216916942452,18.718112196273776,18.596178514192687,-16.119771789544046,-204.9373100789536,-0.005220513382734014
0.152,0.5893737232406615,0.613674261992329,-4.867283559724692,18.701863546474705,19.27893367404976,-16.24864979907059,682.755159857073,0.024300538751667523
0.153,0.5844865792374575,0.5880379078613065,-4.887144003204014,18.685486801651706,18.767681257411255,-16.376744822999,-511.2524166385053,0.0035513286238489494
0.154,0.5795797816297965,0.5740374919223278,-4.9067976076610496,18.668982765288906,18.54277655822098,-16.50403636280018,-224.9046991902757,-0.005542289707468753
0.155,0.5746535378878066,0.5736590523660378,-4.92624374198991,18.652352261212464,18.62981047469912,-16.630504076442065,87.03391647814122,-0.0009944855217688697
0.156,0.5697080561040895,0.5674521032038391,-4.9454817837170735,18.635596133431093,18.584957566702627,-16.756127781370367,-44.85290799649273,-0.0022559529002503247
0.157,0.5647435449850695,0.5641161295189933,-4.964511119019916,18.618715245973632,18.604734674619195,-16.880887457460858,19.777107916567598,-0.0006274154660763057
0.158,0.5597602138423247,0.5324793604328226,-4.983331142744888,18.601710482723657,18.013536783153764,-17.00476324997524,-591.1978914654301,-0.027280853409502006
0.159,0.5547582725838993,0.5498892822851243,-5.0019412584253375,18.58458274725123,18.478415052898015,-17.127735472428185,464.8782697442502,-0.004868990298774945
0.16,0.5497379317056004,0.5598236267861044,-5.020340878298979,18.567332962641736,18.788228517741032,-17.249784609493446,309.81346484301724,0.010085695080504102
0.161,0.5446994022822753,0.5330137796376755,-5.0385294233249995,18.549962071321907,18.30137141909496,-17.370891319828274,-486.85709864607276,-0.011685622644599786
0.162,0.5396428959590744,0.5389758940505911,-5.056506323200815,18.532471034883027,18.518269842879548,-17.49103643888006,216.89842378458815,-0.0006670019084833684
0.163,0.534568624942696,0.5441036786805075,-5.074271016378471,18.514860833901373,18.71788251230661,-17.61020098165389,199.6126694270613,0.00953505373781144
0.164,0.5294768019926153,0.5380385696512133,-5.091822950080681,18.497132467755875,18.677545255199416,-17.728366145497887,-40.337257107193345,0.008561767658598077
0.165,0.5243676404122988,0.5392781603786453,-5.109161580316509,18.479286954443104,18.79234117232113,-17.84551331277129,114.79591712171445,0.014910519966346505
0.166,0.5192413540404021,0.502227220595923,-5.126286371896696,18.46132533038956,18.11826967285691,-17.96162405354451,-674.0714994642184,-0.017014133444479124
0.167,0.5140981572419534,0.5105643971743146,-5.143196798448628,18.443248650261324,18.37177471978726,-18.076680128235267,253.5050469303497,-0.0035337600676388025
0.168,0.5089382648995224,0.5055287650135297,-5.159892342430942,18.425057986771073,18.35678351348735,-18.19066349025178,-14.991206299910674,-0.003409499885992652
0.169,0.5037618924043746,0.5099947908637966,-5.176372495147781,18.40675443048257,18.5314794335318,-18.303556288501,174.6959200444492,0.0062328984594219325
0.17,0.49856925564761195,0.5094871306863127,-5.192636756762679,18.38833908961256,18.60558553822904,-18.41534087001051,74.1061046972397,0.010917875038700675
0.171,0.4933605710112999,0.4665322753034767,-5.208684636312095,18.36981308983015,17.861483277583538,-18.525999782411873,-744.1022606455008,-0.026828295707823215
0.17200000000000001,0.48813605535958127,0.49902284826227933,-5.224515651718585,18.35117757405378,18.563314743388915,-18.63551577637068,701.8314658053762,0.010886792902698061
0.17300000000000001,0.48289592602977766,0.4684204918071511,-5.240129329803612,18.332433702245687,18.060610619722027,-18.743871808091228,-502.7041236668874,-0.014475434222626538
0.17400000000000002,0.47764040082347764,0.4844718995845007,-5.255525206299995,18.313582651204015,18.443321936749744,-18.85105104167195,382.71131702771623,0.00683149876102306
0.17500000000000002,0.47236969799761364,0.457448313963904,-5.270702825864007,18.29462561435253,18.020760443434003,-18.957036851485753,-422.5614933157398,-0.014921384033709649
0.176,0.4670840362555265,0.46884256358949766,-5.285661742087097,18.275563801528005,18.30805162784926,-19.061812824524793,287.29118441526384,0.001758527333971162
0.177,0.46178363473801926,0.4737301808414443,-5.30040151750726,18.25639843876533,18.477006973455623,-19.16536276267422,168.95534560636335,0.011946546103425071
0.178,0.45646871301439923,0.45497551690553967,-5.314921723620051,18.237130768080373,18.210266396215886,-19.267670684957494,-266.7405772397371,-0.0014931961088595434
0.179,0.45113949107351003,0.4530505219849952,-5.329221940889223,18.21776204725058,18.251870118291492,-19.368720829792352,41.60372207560666,0.0019110309114851493
0.18,0.445796189314753,0.453767425763198,-5.3433017587570175,18.198293549593448,18.339836196815504,-19.4684976571331,87.96607852401188,0.007971236448445001
0.181,0.44043902853909894,0.4418528004905711,-5.357160775654086,18.178726563742813,18.203348452198014,-19.56698585063421,-136.48774461749002,0.0014137719514721223
0.182,0.43506822994008987,0.4341834161215645,-5.370798599009053,18.15906239342307,18.14388045731529,-19.66417031974288,-59.467994882723424,-0.0008848138185253349
0.183,0.4296840150948322,0.44501657568943964,-5.38421484525771,18.139302357221286,18.40403277840706,-19.76003620178446,260.1523210917695,0.015332560594607463
0.184,0.4242866059549803,0.4347713132137409,-5.39740913985186,18.119447788357313,18.297238265669513,-19.8545688639733,-106.79451273754727,0.010484707258760627
0.185,0.41887622483771253,0.4159380742428123,-5.41038111726779,18.099500034451946,18.051083503154146,-19.94775390536674,-246.15476251536683,-0.0029381505949002172
0.186,0.41345309441669814,0.4409063466438283,-5.423130421014383,18.079460457293038,18.542442518593468,-20.039577158907917,491.35901543932147,0.027453252227130142
0.187,0.40801743771305726,0.3965490472698808,-5.435656703640869,18.059330432599815,17.87719512277458,-20.130024693223447,-665.2473958188872,-0.011468390443176452
0.188,0.40256947808631305,0.41171556924317965,-5.4479596267442165,18.039111349785244,18.186119606160112,-20.2190828145703,308.9244833855315,0.009146091156866576
0.189,0.39710943922533687,0.3944522934522193,-5.460038860976155,18.018804611716618,17.977287234273213,-20.306738068626373,-208.83237188689898,-0.0026571457731175557
0.19,0.391637545139287,0.39296120230819426,-5.471894086049842,17.998411634474316,18.018911587582654,-20.39297724230238,41.624353309440885,0.0013236571689072276
0.191,0.38615402014854083,0.3932040763301999,-5.483524990746161,17.97793384710886,18.086391292398915,-20.477787365454247,67.47970481626092,0.007050056181659023
0.192,0.38065908887562117,0.38288131019756,-5.494931272919664,17.957372691396234,17.99086530753012,-20.56115571262751,-95.52598486879296,0.0022222213219388436
0.193,0.37515297623611704,0.3815394293127379,-5.506112639504146,17.936729621591518,18.032120937953,-20.64306980471642,41.25563042287791,0.006386453076620816
0.194,0.3696359074295992,0.3543626538029627,-5.517068806517861,17.91600610418096,17.697733611627797,-20.72351741055911,-334.38732632520254,-0.015273253626636443
0.195,0.36410810793053083,0.34901299710931444,-5.52779949906837,17.895203617632404,17.68271809935177,-20.8024865485541,-15.01551227602603,-0.015095110821216397
0.196,0.3585698034791738,0.3647192293756878,-5.538304451357035,17.874323652144223,17.96211994803044,-20.87996548818083,279.4018486786702,0.00614942589651404
0.197,0.35302122007249065,0.3433896351178305,-5.548583406683148,17.853367709392703,17.720966170563656,-20.95594275152024,-241.15377746678467,-0.009631584954660181
0.198,0.347462583955043,0.3371961014778859,-5.5586361174476915,17.832337302278027,17.693589685162873,-21.030407114675853,-27.376485400782943,-0.010266482477157042
0.199,0.34189412160988625,0.3271927277371697,-5.568462345156744,17.81123395466878,17.61706904356729,-21.103347609248146,-76.52064159558229,-0.014701393872716566
0.2,0.3363160597494617,0.34897986026015926,-5.5780618604245245,17.790059201145144,17.96136495399603,-21.17475352363485,344.2959104287372,0.012663800510697517
0.201,0.33072862530648567,0.3381942053952768,-5.587434442976068,17.76881458674071,17.867390161685694,-21.24461440443426,-93.97479231033392,0.007465580088791108
0.202,0.3251320454248361,0.33986279264800195,-5.596579881649549,17.747501666683036,17.94086440707384,-21.31292005767449,73.47424538814444,0.014730747223165879
0.203,0.31952654745043785,0.3101491705239797,-5.605497974398235,17.726122006132947,17.60956777064893,-21.379660550088886,-331.29663642490897,-0.009377376926458103
0.20400000000000001,0.31391235892214575,0.3139224225339098,-5.6141885282920825,17.704677179922626,17.704801897879236,-21.4448262103204,95.2341272303058,1.006361176401166e-05
0.20500000000000002,0.3082897075626268,0.2968866385389567,-5.622651359518976,17.683168772292564,17.546951104910217,-21.50840763006201,-157.85079296901813,-0.011403069023670095
0.20600000000000002,0.3026588212692412,0.31031919512103406,-5.630886293385595,17.66159837662736,17.754286610216408,-21.570395665204245,207.3355053061901,0.007660373851792844
0.20700000000000002,0.2970199281049233,0.3129141570388006,-5.638893164317935,17.63996759519049,17.83132801233821,-21.63078143686903,77.0414021218037,0.015894228933877312
0.20800000000000002,0.2913732562890618,0.28247104627269715,-5.646671815861454,17.618278038858026,17.517440636165773,-21.689556332464832,-313.88737617243805,-0.008902210016364666
0.209,0.2857190341883809,0.30132235141715563,-5.654222100680872,17.59653132685136,17.77733839279241,-21.746712006667224,259.8977566266426,0.01560331722877474
0.21,0.2800574903078213,0.28993778524401337,-5.661543880559599,17.574729086468995,17.68589481178401,-21.80224038236389,-91.44358100839858,0.009880294936192075
0.211,0.2743888532814225,0.27261050661159547,-5.668637026398807,17.552872952817438,17.53367154882482,-21.85613365155703,-152.2232629591896,-0.0017783466698270086
0.212,0.26871335186320633,0.24899364500390836,-5.675501418216153,17.53096456854124,17.329446389415644,-21.908384276198234,-204.22515940917646,-0.019719706859297966
0.213,0.2630312149180622,0.27709753228742,-5.682136945144124,17.509005583552216,17.65897663808165,-21.958984989023378,329.5302486660067,0.01406631736935783
0.214,0.25734267141263417,0.25638006649416856,-5.68854350542804,17.486997654757907,17.47723637845892,-22.00792879430935,-181.7402596227316,-0.0009626049184656091
0.215,0.25164795040621046,0.24561966795329507,-5.6947210064236895,17.464942445789298,17.40577081848693,-22.055208968609463,-71.46555997199039,-0.006028282452915395
0.216,0.24594728104161584,0.24994323484646305,-5.70066936459461,17.44284162672789,17.48195596634606,-22.10081906140715,76.1851478591317,0.003995953804847207
0.217,0.24024089253610684,0.24434053588078936,-5.706388505509011,17.420696873832117,17.45991100372185,-22.144752895773223,-22.04496262421072,0.004099643344682516
0.218,0.2345290141722705,0.24950996456114918,-5.711878363836338,17.398509869263144,17.541646055912643,-22.18700456897338,81.73505219079395,0.014980950388878669
0.219,0.22881187528892702,0.21861046718166077,-5.717138883343484,17.3762823008102,17.286185881724464,-22.22756845294427,-255.46017418817945,-0.010201408107266241
0.22,0.2230897052720364,0.2344520784773812,-5.722170016890636,17.354015861615295,17.456635280716274,-22.266439194904564,170.44939899180974,0.011362373205344799
0.221,0.21736273354560962,0.232236337359685,-5.7269717264267745,17.331712249897578,17.463711466950297,-22.30361171771733,7.07618623402339,0.014873603814075381
0.222,0.2116311895626248,0.2261535496616419,-5.731543982984814,17.30937316867722,17.434868497498318,-22.33908122035899,-28.842969451979148,0.014522360099017077
0.223,0.20589530279594842,0.2040890570636062,-5.735886766676384,17.287000325498944,17.272382799850263,-22.372843178274593,-162.48569764805495,-0.0018062457323422283
0.224,0.20015530272926216,0.19271501721007372,-5.740000066686265,17.26459543215524,17.206896395344103,-22.404893343704657,-65.48640450616,-0.007440285519188422
0.225,0.1944114188479957,0.20459714609411164,-5.7438838812664565,17.242160204409277,17.32238414702943,-22.435227745962294,115.48775168532889,0.010185727246115932
0.226,0.1886638806302658,0.18981573375636862,-5.747538217729907,17.219696361717588,17.228301727571512,-22.463842691688996,-94.0824194579192,0.0011518531261028207
0.227,0.1829129175378219,0.18415481239646347,-5.750963092443876,17.19720562695257,17.206203933332166,-22.49073476501806,-22.097794239346747,0.0012418948586415564
0.228,0.17715875900699896,0.1914009052982885,-5.754158530822955,17.17468972612479,17.278302425215113,-22.515900827780655,72.09849188294719,0.01424214629128952
0.229,0.17140163443967724,0.1687672697686285,-5.757124567321727,17.152150388105262,17.13446151177711,-22.539338019527122,-143.84091343800154,-0.002634364671048731
0.23,0.16564177319425016,0.14267452108615952,-5.75986124542708,17.129589344347593,16.989812492060377,-22.561043757669097,-144.64901971673413,-0.022967252108090645
0.231,0.1598794045766,0.1560074925049368,-5.7623686176501705,17.107008328610128,17.082865572946957,-22.581015737465293,93.05308088658029,-0.0038719120716631927
0.232,0.15411475783108197,0.13557552600999076,-5.764646745518027,17.084409076678142,16.978396984529564,-22.599251931985975,-104.4685884173936,-0.018539231821091202
0.233,0.14834806213151716,0.1565358954406158,-5.766695699564814,17.06179332608608,17.111069083306425,-22.615750592063222,132.6720987768616,0.008187833309098645
0.234,0.1425795465721944,0.14574989444383396,-5.768515559322744,17.039162815839926,17.057206517991748,-22.63051024615237,-53.86256531467732,0.0031703478716395444
0.23500000000000001,0.13680944015888177,0.13069736864559028,-5.770106413312636,17.01651928613971,16.98424527024434,-22.64352970021477,-72.96124774740768,-0.006112071513291476
0.23600000000000002,0.13103797179984764,0.13094197882240968,-5.771468359034127,16.993864478102235,16.993368071830904,-22.654808037476215,9.122801586563858,-9.599297743796214e-05
0.23700000000000002,0.12526537029689208,0.13359161042759293,-5.7726015029555455,16.971200133484025,17.013744156432445,-22.664344618210208,20.376084601540594,0.008326240130700853
0.23800000000000002,0.11949186433638866,0.1202813152432998,-5.773505960503422,16.948527994404596,16.952264412540817,-22.672139079428888,-61.479743891627635,0.0007894509069111393
0.23900000000000002,0.11371768248033699,0.12698289760229148,-5.774181856051665,16.925849803070022,16.988876010620977,-22.67819133457394,36.6115980801602,0.013265215121954473
0.24,0.10794305315742661,0.10733020500237228,-5.774629322910387,16.903167301496882,16.900563111250516,-22.68250157314,-88.31289937046331,-0.0006128481550543333
0.241,0.10216820465411222,0.11257155232192921,-5.774848503314388,16.880482231236638,16.92457986747844,-22.6850702602448,24.01675622792252,0.010403347667816991
0.242,0.09639336510570093,0.11130817272547641,-5.774839548411291,16.85779633310048,16.918945016282446,-22.685898136156624,-5.634851195992491,0.014914807619775488
0.243,0.0906187624874516,0.10671769232489586,-5.774602618249335,16.83511134688463,16.89782095263911,-22.684986215850245,-21.124063643338058,0.01609892983744426
0.244,0.08484462460568677,0.07812643085175561,-5.774137881764831,16.81242901109625,16.790817121311964,-22.682335788381636,-107.00383132714454,-0.006718193753931158
0.245,0.0790711790889175,0.08787022117423955,-5.7734455167692635,16.789751062679876,16.818746468258308,-22.67794841637283,27.929346946343944,0.008799042085322046
0.246,0.07329865337898143,0.05453869430932861,-5.772525709936066,16.76707923674455,16.719740204096226,-22.67182593532624,-99.0062641620816,-0.018759959069652825
0.247,0.06752727472219439,0.05669378077267828,-5.771378656787044,16.744415266291558,16.71785126447617,-22.663970452992288,-1.88893962005565,-0.010833493949516106
0.248,0.06175727016051592,0.04212935502735598,-5.770004561678459,16.721760881942924,16.68151109824802,-22.654384348633982,-36.34016622815036,-0.019627915133159944
0.249,0.055988866522729136,0.06667872274816264,-5.768403637786786,16.699117811670664,16.72500181431823,-22.643070272259536,43.490716070209565,0.010689856225433496
0.25,0.05022229041563502,0.037902943186939486,-5.766576107094115,16.67648778052679,16.655058000231442,-22.630031143872742,-69.94381408678757,-0.012319347228695534
0.251,0.044457768215261796,0.044330127787003286,-5.764522200373224,16.653872510374224,16.65364880739993,-22.615270152567035,-1.4091928315131939,-0.00012764042825850742
0.252,0.03869552605808947,0.03677338625284319,-5.762242157172323,16.63127371961852,16.628410314450978,-22.59879075570481,-25.238492948950842,-0.0019221398052462813
0.253,0.03293578983229003,0.03264981455455424,-5.759736225799443,16.60869312294056,16.608322897075528,-22.580596677958198,-20.087417375449927,-0.00028597527773578527
0.254,0.027178785168983515,0.021263567403632066,-5.757004663306512,16.586132431030208,16.580476218691743,-22.56069191035337,-27.846678383784937,-0.005915217765351448
0.255,0.021424737433510435,0.02376136918665406,-5.754047735473078,16.563593350320932,16.565677480958456,-22.539080709275794,-14.798737733286758,0.0023366317531436248
0.256,0.015673871716720723,0.03358654259892378,-5.75086571678971,16.541077582725496,16.5584951761139,-22.515767595436387,-7.18230484455517,0.017912670882203056
0.257,0.009926412826279655,0.010369098361952048,-5.7474588904410675,16.518586825372747,16.518764172871446,-22.490757352748858,-39.7310032424549,0.0004426855356723932
0.258,0.004182585277991027,0.009492406767185189,-5.743827548288628,16.496122770345504,16.497556069168432,-22.46405502724258,-21.20810370301383,0.005309821489194161
0.259,-0.0015573867128620706,0.00844780696481002,-5.739971990853097,16.47368710441961,16.475047925260093,-22.435665925893744,-22.50814390833964,0.010005193677672091
0.26,-0.007293279240158549,-0.009272756149076838,-5.735892527296478,16.451281508804218,16.45192879860772,-22.40559561539257,-23.11912665237157,-0.001979476908918288
0.261,-0.013024868715562372,-0.025621780033948702,-5.731589475403823,16.428907658883272,16.43851726646087,-22.373849920946043,-13.411532146850634,-0.012596911318386328
0.262,-0.018751931877127016,-0.02430588659250059,-5.727063161564645,16.406567223958323,16.41128768152359,-22.340434924949193,-27.22958493728098,-0.005553954715373573
0.263,-0.02447424579788103,-0.013738298404207356,-5.722313920754016,16.384261866992624,16.376163898737925,-22.30535696569902,-35.123782785664275,0.010735947393673674
0.264,-0.03019158789439436,-0.04665384360288649,-5.7173420965133275,16.361993244356594,16.386964313541956,-22.268622636030244,10.800414804030813,-0.016462255708492128
0.265,-0.035903735935325094,-0.04188219414083022,-5.712148040930734,16.339763005574707,16.348942525892557,-22.230238781887124,-38.02178764939864,-0.0059784582055051275
0.266,-0.041610468049946364,-0.03153636152365165,-5.706732114621271,16.317572793073772,16.303027188162833,-22.190212500934337,-45.91533772972407,0.010074106526294715
0.267,-0.04731156273665301,-0.03938419623807695,-5.701094686706647,16.295424241932714,16.281858094547566,-22.148551141057737,-21.16909361526707,0.007927366498576059
0.268,-0.053006798871447734,-0.05293061758912091,-5.695236134794721,16.273318979633885,16.2731596753711,-22.105262298829587,-8.69841917646496,7.618128232682513e-05
0.269,-0.05869595571640638,-0.050643597757681874,-5.689156844958648,16.251258625815847,16.23387941266476,-22.060353818037726,-39.28026270634174,0.008052357958724506
0.27,-0.0643788129281221,-0.0627190186048237,-5.682857211715717,16.229244792027846,16.225080682377754,-22.01383378800159,-8.798730287004723,0.0016597943232983933
0.271,-0.07005515056612796,-0.08184430514070064,-5.676337638005867,16.20727908148582,16.242627388695546,-21.965710542026784,17.54670631779119,-0.011789154574572682
0.272,-0.07572474910129784,-0.09136417279344983,-5.669598535169877,16.185363088830105,16.236945084812334,-21.91599265571398,-5.682303883212109,-0.01563942369215198
0.273,-0.08138738942422509,-0.08777691078960939,-5.662640322927252,16.163498399884826,16.184834094388595,-21.864688945278488,-52.11099042373841,-0.006389521365384299
0.274,-0.08704285285357888,-0.07781555175136975,-5.655463429353785,16.14168659141903,16.111659343733308,-21.811808465795224,-73.17475065528704,0.009227301102209123
0.275,-0.0926909211444377,-0.09834637266200165,-5.6480682908588085,16.11992923090955,16.141255514601276,-21.757360509482737,29.59617086796837,-0.00565545151756395
0.276,-0.09833137649659983,-0.10735496250120398,-5.640455352162134,16.098227876305696,16.134864407842294,-21.701354603852252,-6.3911067589827955,-0.009023586004604149
0.277,-0.1039640015628705,-0.11167360668066026,-5.632625066270677,16.076584075795786,16.10940013159653,-21.643800509909994,-25.464276245763507,-0.007709605117789752
0.278,-0.10958857945732527,-0.12490624898230207,-5.624577894454768,16.054999367575512,16.12590091369313,-21.58470822027425,16.50078209659965,-0.015317669524976808
0.279,-0.11520489376354943,-0.11637764296654789,-5.616314306224165,16.03347527961824,16.038836216504595,-21.52408795727112,-87.0646971885342,-0.0011727492029984514
0.28,-0.12081272854285319,-0.13260879806607107,-5.6078347793037455,16.012013329447246,16.071021284923003,-21.461950170994726,32.18506841840704,-0.011796069523217883
0.281,-0.1264118683424621,-0.12277040867437534,-5.5991397996088965,15.990615023909882,15.972703918272547,-21.398305537363882,-98.31736665045545,0.0036414596680867553
0.28200000000000003,-0.1320020982036827,-0.15560306232983726,-5.5902298612206,15.969281858953785,16.103266852658738,-21.33316495609705,130.56293438619082,-0.023600964126154565
0.28300000000000003,-0.1375832036700429,-0.13430539157438195,-5.581105466360209,15.948015319405114,15.930423741925908,-21.266539548671304,-172.84311073282927,0.003277812095660942
0.28400000000000003,-0.14315497079540682,-0.1495710783634,-5.571767125363926,15.926816878748836,15.963890307065395,-21.19844065627774,33.466565139486065,-0.006416107567993177
0.28500000000000003,-0.14871718615206378,-0.16813866541827854,-5.562215356656971,15.905687998911125,16.027159326632187,-21.128879837711168,63.26901956679259,-0.019421479266214764
0.28600000000000003,-0.15426963683879125,-0.1470225423547627,-5.552450686727455,15.884630130043881,15.841529707971786,-21.057868867243812,-185.62961866040146,0.00724709448402856
0.28700000000000003,-0.15981211048889118,-0.16256719300330327,-5.542473650099951,15.863644710311423,15.881176712013948,-20.985419732458155,39.64700404216256,-0.00275508251441208
0.28800000000000003,-0.16534439527819994,-0.18764476310978573,-5.5322847893087665,15.842733165679359,15.998116034091186,-20.911544632063794,116.93932207723802,-0.022300367831585774
0.289,-0.17086627993307085,-0.17961691190322115,-5.5218846548709175,15.82189690970569,15.882436064761542,-20.836255973669893,-115.67996932965052,-0.008750631970150292
0.29,-0.17637755373832967,-0.17346731129013848,-5.511273805258807,15.80113734333416,15.781040196027206,-20.759566371529203,-101.39586873433606,0.0029102424481911963
0.291,-0.18187800654520228,-0.18646382865029432,-5.50045280687261,15.780455854689876,15.81379834180555,-20.681488644283874,32.75814577834343,-0.004585822105092044
0.292,-0.18736742877921464,-0.17956759190395633,-5.489422234012359,15.759853818877257,15.703359545868146,-20.60203581261888,-110.43879593740326,0.00779983687525831
0.293,-0.1928456114480644,-0.18537004203393959,-5.47818266884975,15.739332597780322,15.683522405489363,-20.521221096934994,-19.83714037878313,0.007475569414124802
0.294,-0.19831234614946402,-0.19164997973304096,-5.466734701399641,15.718893539865329,15.667609656076506,-20.43905791499334,-15.912749412857238,0.006662366416423053
0.295,-0.2037674250789553,-0.20050117219800093,-5.455078929491273,15.698537979985801,15.672473470609432,-20.355559879527974,4.86381453292672,0.0032662528809543558
0.296,-0.2092106410376945,-0.1958736715413387,-5.443215958739197,15.678267239190026,15.571624246558004,-20.270740795774955,-100.84922405142818,0.013336969496355782
0.297,-0.2146417874402084,-0.20804344573862915,-5.431146402513918,15.658082624530948,15.603029544800437,-20.184614659077837,31.40529824243285,0.006598341701579238
0.298,-0.22006065832212066,-0.21554847657813175,-5.418870881912248,15.637985428878551,15.599187074667647,-20.097195652397204,-3.842470132790151,0.004512181743988895
0.299,-0.22546704834784803,-0.2463068373732897,-5.406390025727379,15.617976930734757,15.812046283119091,-20.008498143793574,212.85920845144426,-0.020839789025441664
0.3,-0.2308607528182667,-0.2218951950173881,-5.393704470418672,15.598058394050858,15.517932807789625,-19.918536683899646,-294.1134753294656,0.008965557800878597
0.301,-0.23624156767834786,-0.22314731612257818,-5.380814860081163,15.578231068047472,15.459492747191536,-19.827326003385437,-58.44006059808921,0.013094251555769685
0.302,-0.24160928952476265,-0.24457827035157675,-5.367721846414792,15.558496187037097,15.5869893706265,-19.73488101037546,127.49662343496293,-0.0029689808268141085
0.303,-0.246963715613456,-0.2516587900202902,-5.354426088693351,15.538854970249263,15.58506583515855,-19.641216787833926,-1.9235354679487653,-0.004695074406834185
0.304,-0.25230464386718915,-0.2329016592778937,-5.3409282537331535,15.519308621658324,15.333474819009789,-19.54634859093929,-251.59101614876155,0.019402984589295468
0.305,-0.25763187288305056,-0.2752131982778934,-5.327229015861433,15.499858329813865,15.684777657526974,-19.45029184445879,351.30283851718474,-0.01758132539484284
0.306,-0.26294520193993504,-0.2582566326100189,-5.31332905688446,15.480505267673813,15.432268742036822,-19.353062140051946,-252.50891549015165,0.0046885693299161335
0.307,-0.26824443100599044,-0.24400727323317065,-5.2992290660553945,15.461250592440242,15.216177944673571,-19.254675233570495,-216.09079736325023,0.02423715777281978
0.308,-0.2735293607460323,-0.2828053681543833,-5.284929740041858,15.442095445397872,15.543960916788729,-19.155147042370757,327.782972115157,-0.009276007408351009
0.309,-0.27879979252892556,-0.27190390492582195,-5.270431782893244,15.423040951755336,15.348079514003741,-19.05449364253542,-195.8814027849874,0.006895887603103621
0.31,-0.2840555284349333,-0.2651917200008886,-5.255735906007754,15.404088220489188,15.19957235312638,-18.952731266148604,-148.50716087736146,0.01886380843404475
0.311,-0.2892963712630325,-0.2904984783828565,-5.240842828099168,15.385238344190695,15.398996089446749,-18.849876298492774,199.4237363203693,-0.0012021071198239964
0.312,-0.2945221245381958,-0.28891015610897075,-5.225753275163351,15.366492398915442,15.301862211586787,-18.74594527525275,-97.13387785996188,0.00561196842922505
0.313,-0.2997325925186403,-0.29070683607988157,-5.210467980444495,15.347851444035745,15.242657993213417,-18.640954879696636,-59.20421837337026,0.009025756438758758
0.314,-0.3049275802030414,-0.3139852635019951,-5.194987684401096,15.329316522095912,15.439972878968407,-18.534921939833637,197.3148857549896,-0.009057683298953746
0.315,-0.3101068933377131,-0.31099785134930974,-5.179313134671673,15.310888658670358,15.321811907460523,-18.427863425554136,-118.16097150788342,-0.0008909580115966619
0.316,-0.3152703384237533,-0.3123423212015184,-5.163445086040227,15.292568862224607,15.256294894428054,-18.319796445750214,-65.5170130324691,0.002928017222234918
0.317,-0.32041772272415475,-0.312163873658201,-5.147384300401439,15.274358123979184,15.171295115223366,-18.21073824542374,-84.99977920468808,0.00825384906595379
0.318,-0.3255488542708804,-0.3258941954400667,-5.131131546725616,15.256257417776409,15.260698149642307,-18.10070620277493,89.40303441894129,-0.0003453411691863202
0.319,-0.3306635418719038,-0.33261694502590666,-5.114687601023382,15.238267699950159,15.263842888642552,-17.98971782625003,3.144739000244809,-0.0019534031540028793
0.32,-0.3357615951182139,-0.3459223557190084,-5.098053246310111,15.220389909198518,15.357112106489678,-17.877790751640532,93.2692178471263,-0.01016076060079454
0.321,-0.340842824390784,-0.3444325761657534,-5.081229272570112,15.202624966459442,15.251182800015245,-17.764942739075806,-105.929306474433,-0.0035897517749693968
0.322,-0.34590704086750457,-0.33699031631489285,-5.064216476720564,15.184973774789388,15.064777633907404,-17.6511916700548,-186.4051661078408,0.008916724552611745
0.323,-0.35095405653007977,-0.34993662435978296,-5.047015662575205,15.16743721924492,15.153361017191935,-17.53655554446709,88.583383284531,0.0010174321702968378
0.324,-0.35598368417088755,-0.36451396863324087,-5.029627640807765,15.15001616676733,15.271334329701007,-17.421052477590848,117.97331250907196,-0.008530284462353347
0.325,-0.36099573739980273,-0.3694117782829765,-5.012053228915163,15.132711466070294,15.254051136460703,-17.304700697035713,-17.28319324030457,-0.008416040883173763
0.326,-0.3659900306509832,-0.3393232323980273,-4.99429325118046,15.115523947530551,14.744260095002822,-17.18751853974254,-509.7910414578801,0.02666679825295587
0.327,-0.3709663791896187,-0.3595674362755491,-4.976348538635563,15.098454423081629,14.934079847895454,-17.069524448922735,189.81975289263158,0.011398942914069643
0.328,-0.3759245991186424,-0.36955064470242205,-4.958219929023693,15.08150368611064,14.987710363693298,-16.9507369709887,53.630515797843564,0.00637395441622035
0.329,-0.380864507385404,-0.40679369636631074,-4.93990826676162,15.064672511358136,15.467813052817538,-16.83117475250384,480.1026891242404,-0.02592918898090674
0.33,-0.3857859217883057,-0.37957110608053807,-4.9214144029016476,15.047961654821071,14.954071064366854,-16.710856537065055,-513.741988450684,0.00621481570776758
0.331,-0.39068866098339905,-0.38588172597901466,-4.902739195093376,15.031371853658825,14.957686899688388,-16.58980116224562,3.61583532153453,0.004806935004384373
0.332,-0.39557254449094426,-0.3787315749315013,-4.88388350754522,15.014903826102362,14.757503909595744,-16.468027556463483,-200.182990092644,0.01684096955944297
0.333,-0.40043739270192996,-0.396159784249313,-4.8648482109857065,14.998558271366495,14.931296309060844,-16.345554735867296,173.7923994650997,0.004277608452617004
0.334,-0.4052830268845545,-0.4059579101565794,-4.845634182624529,14.982335869565272,14.99314294698599,-16.222401801222475,61.846637925146496,-0.0006748832720249313
0.335,-0.41010926919066787,-0.4048848264596856,-4.826242306113386,14.966237281630502,14.882189902281988,-16.098587934770592,-110.95304470400248,0.005224442730982287
0.336,-0.41491594266217446,-0.43435802712647054,-4.8066734715065795,14.950263149233415,15.276190179700109,-15.974132397087004,394.0002774181203,-0.019442084464296083
0.337,-0.41970287123739586,-0.4093703388197005,-4.786928575221402,14.934414094709487,14.76531962676886,-15.849054523927819,-510.87055293124763,0.01033253241769541
0.338,-0.42446987975739414,-0.42122103102311936,-4.767008519998289,14.918690720986408,14.864456813597887,-15.723373723078637,99.13718682902575,0.003248848734274768
0.339,-0.4292167939722549,-0.43623750699869995,-4.746914214860756,14.903093611515233,15.023031142171572,-15.597109471174875,158.57432857368522,-0.0070207130264450645
0.34,-0.43394344054733,-0.4206877173905503,-4.726646575075113,14.887623330204674,14.664002688922533,-15.470281310559386,-359.0284532490383,0.01325572315677972
0.341,-0.43864964706943993,-0.42055625172121686,-4.706206522109961,14.872280421358605,14.565415628558283,-15.342908846069037,-98.5870603642506,0.018093395348223056
0.342,-0.4433352420530354,-0.45735925433915176,-4.685594983595473,14.857065409616727,15.106398278210719,-15.215011741878115,540.9826496524358,-0.014024012286116341
0.343,-0.4480000549463179,-0.4546633973332598,-4.664812893282457,14.841978799898431,14.960705317424122,-15.086609718295563,-145.69296078659718,-0.006663342386941895
0.34400000000000003,-0.45264391613731914,-0.44973126170574457,-4.643861191001214,14.827021077349848,14.7751403754827,-14.957722548583519,-185.56494194142186,0.002912654431574569
0.34500000000000003,-0.4572666569599393,-0.45543200654214366,-4.622740822620172,14.812192707294088,14.779139738030986,-14.828370055759876,3.9993625482868076,0.0018346504177956125
0.34600000000000003,-0.46186810969994363,-0.4658529162734761,-4.6014527400043255,14.797494135184703,14.870465822048384,-14.698572109384855,91.32608401739786,-0.003984806573532425
0.34700000000000003,-0.4664481076009171,-0.47619021567260894,-4.579997900973453,14.782925786562318,14.964196555176036,-14.568348622384875,93.7307331276517,-0.009742108071691844
0.34800000000000003,-0.4710064848701772,-0.4498018108115547,-4.5583772692601405,14.768488067014507,14.383071334234689,-14.437719547810701,-581.1252209413466,0.021204674058622516
0.34900000000000003,-0.4755430766846448,-0.46516920257534844,-4.536591814467593,14.75418136213883,14.561549764139325,-14.306704875677312,178.4784299046363,0.010373874109296344
0.35000000000000003,-0.48005771919667206,-0.4920000051537572,-4.514642512027248,14.740006037509119,14.969150445295833,-14.175324629711383,407.6006811565072,-0.011942285957085123
0.35100000000000003,-0.4845502495398282,-0.4980003293600765,-4.492530343156187,14.725962438644938,14.986823657169289,-14.043598864180495,17.673211873455926,-0.013450079820248243
0.352,-0.48902050583464257,-0.4719892209138829,-4.470256294814349,14.712050890984294,14.388974711265517,-13.911547660644175,-597.8489459038047,0.017031284920759695
0.353,-0.4934683271943041,-0.4835768393027383,-4.447821359661544,14.698271699859502,14.507503489570256,-13.779191124791978,118.52877830473919,0.009891487891565815
0.354,-0.4978935537303184,-0.4796838476576138,-4.42522653601428,14.684625150476311,14.333239655308166,-13.646549383190987,-174.2638342620902,0.01820970607270463
0.355,-0.5022960265581208,-0.4941945925768954,-4.402472827802387,14.671111507896203,14.5117568167325,-13.513642580107899,178.51716142433443,0.008101433981225372
0.356,-0.5066755878026462,-0.5153963427965094,-4.379561244525455,14.657731017021906,14.833671300631767,-13.38049087429738,321.9144838992666,-0.008720754993863208
0.357,-0.5110320806038553,-0.5084254258565255,-4.356492801209081,14.644483902586122,14.592029447290841,-13.247114435783303,-241.64185334092613,0.0026066547473298433
0.358,-0.5153653491222162,-0.5369659732878992,-4.333268518360931,14.631370369143431,15.080062588796078,-13.113533442691505,488.03314150523704,-0.021600624165682973
0.359,-0.5196752385441429,-0.5271564268465423,-4.309889421926616,14.618390601065425,14.772979099307754,-12.97976807800616,-307.08348948832383,-0.007481188302399433
0.36,-0.5239615950873883,-0.5245506849096869,-4.286356543245378,14.605544762539004,14.617737038438225,-12.845838526420295,-155.24206086952915,-0.00058908982229867
0.361,-0.5282242660063938,-0.5229967179124508,-4.262670919005601,14.592832997567871,14.484359960573038,-12.711764971133022,-133.37707786518737,0.005227548093943034
0.362,-0.532463099597594,-0.5397386127702997,-4.238833591200142,14.580255429977228,14.734237399032525,-12.577567590643213,249.87743845948685,-0.007275513172705698
0.363,-0.5366779452046755,-0.5379201874045911,-4.214845607081477,14.56781216342163,14.594162253309841,-12.443266555598242,-140.0751457226831,-0.0012422421999156745
0.364,-0.5408686532237922,-0.5362831812853336,-4.1907080191166814,14.555503281396023,14.458006403980214,-12.308882025607204,-136.15584932962742,0.004585471938458605
0.365,-0.5450350751087344,-0.5412681872311429,-4.166421884942224,14.543328847249937,14.4625563484852,-12.1744341460861,4.54994450498702,0.00376688787759155
0.366,-0.549177063376053,-0.5427971005348153,-4.1419882673186,14.531288904204878,14.393770680692302,-12.039943045058621,-68.78566779289835,0.006379962841237678
0.367,-0.5532944716101378,-0.5512046544248468,-4.117408234084782,14.51938347537481,14.473821408850306,-11.905428830068843,80.05072815800311,0.0020898171852910346
0.368,-0.5573871544682503,-0.560626501434485,-4.092682858112515,14.507612563789841,14.579100756372387,-11.770911584967791,105.27934752208158,-0.003239346966234776
0.369,-0.5614549676855107,-0.5535633980527705,-4.067813217260435,14.49597615242303,14.322286016585908,-11.636411366811927,-256.81473978647927,0.007891569632740172
0.37,-0.5654977680798388,-0.5650041739008244,-4.042800394328022,14.484474204220287,14.473459544543672,-11.501948202742085,151.1735279577645,0.000493594179014437
0.371,-0.5695154135568482,-0.5777763695794925,-4.017645477009405,14.47310666213346,14.66018949367808,-11.367542086826887,186.72994913440795,-0.008260956022644346
0.372,-0.5735077631146952,-0.5797670447871102,-3.992349557846983,14.461873449156474,14.6043643204404,-11.233212976986096,-55.82517323768061,-0.006259281672414993
0.373,-0.5774746768488801,-0.5774781613246865,-3.9669137341849074,14.450774468364598,14.450853906939583,-11.098980791876656,-153.51041350081638,-3.4844758064317153e-06
0.374,-0.5814160159570025,-0.5825120528917027,-3.9413391081223965,14.439809602956801,14.464991072555414,-10.964865407796509,14.137165615830215,-0.0010960369347001763
0.375,-0.5853316427434695,-0.5837617002825173,-3.9156267864668988,14.42897871630118,14.392749189285151,-10.830886655622152,-72.24188327026219,0.0015699424609521928
0.376,-0.5892214206241566,-0.5892263794738364,-3.8897778806871006,14.418281651983449,14.418397002895986,-10.69706431773021,25.64781361083488,-4.958849679764077e-06
0.377,-0.5930852141310224,-0.5913265234311191,-3.8637935068657865,14.407718233858514,14.366601187396448,-10.563418124934998,-51.795815499538335,0.0017586906999033593
0.378,-0.596922888916675,-0.598265778812866,-3.8376747856525464,14.39728826610505,14.428969830181554,-10.429967753463387,62.368642785106175,-0.001342889896191048
0.379,-0.6007343117588914,-0.6133186277702285,-3.8114228422163374,14.386991533283133,14.68856767553308,-10.296732821917232,259.5978453515248,-0.012584316011337113
0.38,-0.6045193505650892,-0.6003058149726407,-3.7850388061979023,14.376827800394889,14.27662025178213,-10.163732888244681,-411.94742375094825,0.004213535592448479
0.381,-0.6082778743767513,-0.5977409698719507,-3.75852381166204,14.366796812948136,14.115956762802323,-10.030987446752349,-160.66348897980717,0.010536904504800652
0.382,-0.612009753373801,-0.6076633240209753,-3.7318789970497406,14.356898297023019,14.252256351994955,-9.89851592511748,136.29958919263163,0.004346429352825692
0.383,-0.6157148588789312,-0.6176073184611888,-3.705105505130175,14.347131959341626,14.39320351690963,-9.766337681393011,140.9471649146744,-0.0018924595822576349
0.384,-0.6193930633618837,-0.6149285967967889,-3.6782044829525535,14.337497487340546,14.22872284448199,-9.634472001080141,-164.48067242763983,0.004464466565094839
0.385,-0.6230442404436816,-0.632701250867422,-3.651177081797844,14.327994549246387,14.567366946275694,-9.502938094158253,338.64410179370424,-0.009657010423740479
0.386,-0.626668264900812,-0.6456297966576372,-3.62402445713036,14.318622794154226,14.794825681470419,-9.371755092161038,227.45873519472482,-0.01896153175682525
0.387,-0.6302650126693612,-0.6296693101727407,-3.5967477685492164,14.309381852108938,14.29456666747106,-9.240942045288136,-500.25901399935924,0.0005957024966203895
0.388,-0.6338343608491008,-0.6431393371783206,-3.5693481797396553,14.30027133418945,14.534816759065762,-9.110517919488359,240.25009159470278,-0.009304976329219786
0.389,-0.637376187707525,-0.6299775882261918,-3.541826858424246,14.29129083259587,14.10620331876681,-8.980501593580215,-428.6134402989528,0.007398599481333216
0.39,-0.640890372683839,-0.6517312794014906,-3.514184976313958,14.282439920739453,14.559049218967553,-8.850911856416843,452.8459002007437,-0.01084090671765157
0.391,-0.6443767963928981,-0.6706619107136491,-3.486423709059113,14.273718153335427,14.956022514771341,-8.721767404026082,396.9732958037874,-0.026285114320751028
0.392,-0.6478353406290983,-0.6582305675132221,-3.458544236200215,14.265125066498637,14.533121371963933,-8.59308683678961,-422.9011428074077,-0.010395226884123763
0.393,-0.6512658883702169,-0.6354849209689266,-3.430547741118658,14.256660177841987,13.85583239739589,-8.464888656650515,-677.2889745680425,0.015780967401290317
0.394,-0.6546683237812042,-0.6584863570674094,-3.4024354109873225,14.248322986577671,14.347288831649406,-8.337191264315535,491.45643425351574,-0.003818033286205225
0.395,-0.6580425322179253,-0.6717367002849431,-3.374208436721052,14.240112973621159,14.599568314494515,-8.210012956512358,252.27948284510916,-0.013694168067017839
0.396,-0.6613884002308523,-0.6690219630707052,-3.3458680129270193,14.23202960169794,14.432496488206166,-8.083371923218508,-167.07182628834957,-0.007633562839852816
0.397,-0.6647058155687073,-0.6594968290181453,-3.317415337854979,14.224072315452974,14.08791611360242,-7.95728624496661,-344.5803746037456,0.00520898655056202
0.398,-0.6679946671820548,-0.6630260248009198,-3.2888516133474144,14.21624054156285,14.085697932749685,-7.831773890123017,-2.2181808527346174,0.004968642381134981
0.399,-0.6712548452268444,-0.6694875576949756,-3.260178044789574,14.20853368885064,14.161762081039667,-7.706852712210832,76.06414828998169,0.0017672875318688113
0.4,-0.6744862410679038,-0.6596475984098407,-3.2313958410594075,14.20095114840337,13.810179256674939,-7.582540447270247,-351.5828243647278,0.014838642658063117
0.401,-0.6776887472823812,-0.6706237218351003,-3.2025062144773937,14.193492293692186,14.005459316524702,-7.458854711183349,195.28005984976264,0.007065025447280779
0.402,-0.6808622576631375,-0.6810720567545522,-3.1735103807562717,14.186156480695072,14.191796615787451,-7.335812997114388,186.3372992627495,-0.00020979909141473712
0.403,-0.6840066672220881,-0.6780399981012546,-3.1444095589506715,14.178943048022202,14.018524831673549,-7.213432672870113,-173.27178411390227,0.005966669120833509
0.404,-0.6871218721934947,-0.6705760112584768,-3.115204971406648,14.171851317043838,13.728424196202791,-7.091730978363131,-290.1006354707573,0.01654586093501794
0.405,-0.6902077700372059,-0.6804947205812714,-3.0858978437111206,14.164880592020786,13.902078666458074,-6.970725023052182,173.65447025528255,0.009713049455934491
0.406,-0.6932642594418471,-0.6830266616151444,-3.056489404641222,14.158030160237345,13.879906426664295,-6.850431783441024,-22.172239793778893,0.010237597826702732
0.40700000000000003,-0.6962912403279606,-0.707119613172018,-3.0269808861135523,14.15129929213678,14.451269257524048,-6.730868100564891,571.3628308597526,-0.010828372844057329
0.40800000000000003,-0.699288613851094,-0.7007729657967936,-2.9973735231333496,14.144687241459248,14.185708951927722,-6.612050677532011,-265.5603055963256,-0.0014843519456996055
0.40900000000000003,-0.7022562824048375,-0.6949578394905196,-2.9676685537435703,14.138193245382169,13.936902910209437,-6.493996077079345,-248.80604171828557,0.0072984429143179656
0.41000000000000003,-0.7051941496238114,-0.7081585820775931,-2.937867218973888,14.131816524663027,14.214519638777576,-6.376720719142526,277.61672856813897,-0.002964432453781687
0.41100000000000003,-0.708102120386601,-0.6974134882423279,-2.907970762789608,14.125556283784539,13.829013373928689,-6.260240878487977,-385.5062648488868,0.010688632144273222
0.41200000000000003,-0.7109801008186415,-0.7050166811831611,-2.877980432040502,14.119411711102217,13.952730219433615,-6.144572682321936,123.71684550492634,0.005963419635480423
0.41300000000000003,-0.7138279982950511,-0.7047454636052258,-2.847897476409567,14.113381978994264,13.859057222519727,-6.029732107952768,-93.672996913888,0.009082534689825247
0.41400000000000003,-0.7166457214434128,-0.7187694303424206,-2.8177231483617056,14.107466244013763,14.167639325733358,-5.915734980501242,308.5821032136306,-0.0021237088990078297
0.41500000000000004,-0.7194331801465051,-0.6939694153098575,-2.7874587030923332,14.101663647043182,13.391238639825456,-5.802596970580609,-776.4006859079011,0.025463764836647713
0.41600000000000004,-0.7221902855449811,-0.709790123647888,-2.7571053984759137,14.095973313451113,13.745468349550602,-5.690333592069052,354.229709725146,0.012400161897093195
0.417,-0.7249169500399956,-0.7270712510876715,-2.726664495014426,14.090394353251254,14.152138987304172,-5.57896019985904,406.6706377535914,-0.0021543010476758636
0.418,-0.7276130872957813,-0.7267071572093108,-2.69613725578576,14.08492586126358,14.05891920762023,-5.468491987674184,-93.21977968394171,0.0009059300864705437
0.419,-0.7302786122421734,-0.70432658710255,-2.6655249463920514,14.079566917277711,13.344658206967871,-5.358943985868336,-714.261000652358,0.025952025139623337
0.42,-0.7329134410770813,-0.7363457188241732,-2.6348288349079496,14.074316586218401,14.173859551232342,-5.250331059309943,829.2013442644699,-0.0034322777470918537
0.421,-0.7355174912689102,-0.7267760838884715,-2.6040501918288266,14.069173918313158,13.81685740579844,-5.142667905243314,-357.00214543390064,0.008741407380438729
0.422,-0.7380906815589291,-0.7282861813011681,-2.573190290018923,14.064137949261923,13.780345521794086,-5.035969051235156,-36.511884004354975,0.009804500257760985
0.423,-0.7406329319635886,-0.7405670820802644,-2.5422504046594416,14.059207700408859,14.057282400198215,-4.930248853064256,276.93687840412883,6.584988332417955e-05
0.424,-0.7431441637767852,-0.7548155439454483,-2.5112318131965816,14.054382178916098,14.399487843845579,-4.825521492760387,342.2054436473637,-0.01167138016866306
0.425,-0.7456242995720747,-0.7437489353881105,-2.480135795289523,14.049660377939553,13.99452645389739,-4.721800976545509,-404.96138994818904,0.001875364183964114
0.426,-0.748073263204833,-0.7444794704599742,-2.4489636327583573,14.04504127680664,13.939161637569526,-4.619101132913528,-55.364816327863004,0.0035937927448587955
0.427,-0.750490979814365,-0.7391941938473624,-2.4177166095319715,14.04052384119595,13.708339514876224,-4.517435610688736,-230.82212269330228,0.011296785967002612
0.428,-0.7528773758259608,-0.7450484846970227,-2.386396011595884,14.036107023318865,13.80462337775365,-4.416817877086032,96.28386287742599,0.007828891128938156
0.429,-0.7552323789529009,-0.7549887818907774,-2.355003126940037,14.03178976210297,14.024527994628233,-4.3172612158937085,219.90461687458287,0.00024359706212337873
0.43,-0.7575559181984074,-0.7490201553677805,-2.3235392455065442,14.027570983377384,13.773729178772086,-4.218778725586958,-250.7988158561465,0.008535762830626828
0.431,-0.7598479238575448,-0.7544494980911126,-2.2920056591374003,14.023449600059841,13.86208507732496,-4.121383317542637,88.35589855287287,0.005398425766432218
0.432,-0.762108327519067,-0.7600478930693778,-2.260403661522152,14.019424512345575,13.957516370297403,-4.025087714266462,95.43129297244404,0.002060434449689193
0.433,-0.7643370620672125,-0.7637849662822258,-2.22873454814553,14.01549460789795,13.998841234921667,-3.929904447625532,41.32486462426318,0.0005520957849867118
0.434,-0.7665340616834476,-0.7689676635298925,-2.196999616235051,14.011658762040806,14.08542023421013,-3.8358458571430276,86.57899928846284,-0.0024336018464449745
0.435,-0.7686992618481562,-0.7618376565659639,-2.165200164708583,14.007915837952462,13.80061584743809,-3.7429240883444237,-284.8043867720393,0.006861605282192298
0.436,-0.7708325993422781,-0.7813746881425623,-2.133337494121884,14.004264686861376,14.327267369476617,-3.6511510910859357,526.6515220385268,-0.010542088800284215
0.437,-0.7729340122488942,-0.7792208480601724,-2.101412906616112,14.000704148243436,14.19332216571324,-3.5605386179398124,-133.94520376337647,-0.006286835811278161
0.438,-0.7750034399547595,-0.7749537105876445,-2.069427705865307,13.99723305002081,13.995711583622949,-3.4710982226258125,-197.61058209029142,4.9729367114989935e-05
0.439,-0.7770408231517834,-0.7916804869299052,-2.037383197023854,13.993850208762339,14.44717204562992,-3.382841258471103,451.46046200697003,-0.014639663778121925
0.44,-0.7790461038384573,-0.7834049178785377,-2.0052806866739172,13.990554429885474,14.124986997796222,-3.29577887686483,-322.1850478336969,-0.004358814040080387
0.441,-0.7810192253212301,-0.8011076212196634,-1.9731214827728634,13.98734450785963,14.614703749280352,-3.2099220258441363,489.7167514841292,-0.020088395898433215
0.442,-0.7829601322158308,-0.7897889822910216,-1.9409068946006591,13.984219226411064,14.196219669413559,-3.125281448566497,-418.4840798667931,-0.006828850075190759
0.443,-0.7848687704485381,-0.779184420824352,-1.9086382327072593,13.981177358729095,13.805683452116181,-3.0418676819685686,-390.53621729737705,0.005684349624186116
0.444,-0.7867450872573981,-0.7810811362308921,-1.8763168088599782,13.978217667673736,13.802931698270614,-2.9596910553593148,-2.751753845567248,0.005663951026506015
0.445,-0.788589031193389,-0.7891341611505637,-1.843943935990852,13.975338905984653,13.99231589234344,-2.8787616890824097,189.38419407282564,-0.0005451299571746937
0.446,-0.7904005521215329,-0.7927216872271943,-1.8115209281439901,13.972539816491436,14.045074314692265,-2.7990894932177213,52.75842234882506,-0.0023211351056613844
0.447,-0.7921796012219559,-0.8063478477639394,-1.7790491004229207,13.969819132325133,14.41687926698184,-2.720684166302334,371.8049522895758,-0.014168246541983565
0.448,-0.7939261309908938,-0.7756479797378562,-1.7465297689379309,13.967175577131025,13.400879133141116,-2.6435551941084157,-1016.0001338407243,0.018278151253037656
0.449,-0.7956400952416472,-0.7904804036250227,-1.713964250753404,13.96460786528261,13.803064299628108,-2.5677118484139783,402.18516648699205,0.005159691616624552
0.45,-0.7973214491054824,-0.7863869430678462,-1.6813538638351562,13.962114702096713,13.620289461736249,-2.493163185897984,-182.77483789185905,0.010934506037636198
0.451,-0.7989701490324802,-0.8077934200621509,-1.6486999269977738,13.959694784049793,14.239535779606406,-2.419918046919989,619.2463178701568,-0.008823271029670697
0.452,-0.8005861527923321,-0.8024385971788865,-1.6160037598519554,13.957346798995284,14.015962659822064,-2.347985054509394,-223.57311978434228,-0.001852444386554462
0.453,-0.802169419475084,-0.8203645874539605,-1.5832666827518576,13.955069426382003,14.537815852079648,-2.277372613280093,521.8531922575837,-0.018195167978876485
0.454,-0.8037199094918265,-0.7959149855440067,-1.550490016742449,13.952861337473614,13.706416749062464,-2.208088908389527,-831.3991030171827,0.007804923947819691
0.455,-0.8052375845753333,-0.7958861840481407,-1.5176750835068744,13.950721195569034,13.655170963805856,-2.140141904579451,-51.2457852566079,0.009351400527192655
0.456,-0.8067224077806472,-0.8256964596201136,-1.4848232053138306,13.948647656223828,14.56004201819894,-2.0735393452060435,904.871054393083,-0.018974051839466384
0.457,-0.8081743434856121,-0.8086955802766669,-1.4519357049649537,13.946639367472473,13.963275021741769,-2.0082887513552805,-596.766996457171,-0.0005212367910547839
0.458,-0.8095933573913543,-0.8032899230044205,-1.4190139057422257,13.944694970051547,13.744012278312654,-1.944397420926336,-219.26274342911415,0.006303434386933779
0.459,-0.8109794165227097,-0.8285997888002673,-1.3860591313553965,13.942813097623716,14.513078760494654,-1.8818724278304444,769.066482181999,-0.01762037227755762
0.46,-0.8123324892285991,-0.8305869673838062,-1.353072705889426,13.94099237700256,14.532983829399374,-1.8207206211560134,19.90506890471975,-0.01825447815520708
0.461,-0.8136525451823511,-0.8243034286862998,-1.3200559537519496,13.93923142837813,14.283595314292747,-1.760948624429659,-249.38851510662707,-0.010650883503948673
0.462,-0.8149395553819718,-0.8212318048319587,-1.2870101996207661,13.937528865543275,14.140747935263821,-1.7025628348559252,-142.8473790289252,-0.0062922494499868895
0.463,-0.8161934921503632,-0.8302220944351821,-1.2539367683913527,13.935883296120616,14.391798014631354,-1.6455694226582551,251.0500793675321,-0.014028602284818977
0.464,-0.8174143291354876,-0.8170980357196194,-1.2208369851244079,13.934293321790243,13.924088437074646,-1.5899743303737779,-467.7095775567071,0.0003162934158682392
0.465,-0.8186020413104811,-0.8161057987343009,-1.1877121749934243,13.932757538517945,13.852209184003257,-1.5357832722973086,-71.8792530713887,0.0024962425761801956
0.466,-0.8197566049737134,-0.8134164889630048,-1.1545636632322942,13.9312745367841,13.726884763413944,-1.4830017338454127,-125.32442058931348,0.006340116010708582
0.467,-0.8208779977487963,-0.8138579152585397,-1.121392775082949,13.929842901813082,13.703316117451646,-1.4316349710181697,-23.568645962297886,0.007020082490256702
0.468,-0.8219661985845393,-0.8069396601428986,-1.0882008357430353,13.92846121380316,13.445308222018456,-1.3816880099213336,-258.0078954331897,0.015026538441640664
0.46900000000000003,-0.823021187754853,-0.8113780360146163,-1.0549891703136285,13.927128048156906,13.55149962609569,-1.3331656462547414,106.19140407723461,0.011643151740236713
0.47000000000000003,-0.8240429468586,-0.8371617280265715,-1.0217591037469886,13.925841975711995,14.35601817029651,-1.2860724449108574,804.5185442008186,-0.01311878116797154
0.47100000000000003,-0.8250314588193943,-0.8300856347476727,-0.9885119607943567,13.924601562972441,14.089725038085364,-1.2404127395537756,-266.2931322111459,-0.005054175928278377
0.47200000000000003,-0.8259867078853481,-0.8365882150759396,-0.9552490659537963,13.923405372340179,14.271324718858867,-1.196190632262173,181.59968077350348,-0.010601507190591478
0.47300000000000003,-0.8269086796287662,-0.8376748508778187,-0.9219717434180825,13.922251962346968,14.27600210034472,-1.1534099932113406,4.677381485851835,-0.010766171249052419
0.47400000000000003,-0.8277973609457889,-0.8286103594838029,-0.8886813170226376,13.921139887886582,13.947721832681422,-1.112074460385415,-328.2802676632969,-0.000812998538013968
0.47500000000000003,-0.8286527400559824,-0.8285979704259195,-0.855379110193519,13.92006770044725,13.918276031517387,-1.0721874393322395,-29.445801164035476,5.476963006294184e-05
0.47600000000000003,-0.8294748065018779,-0.8245712380613659,-0.8220664458954584,13.919033948344328,13.758934595144808,-1.033752102921781,-159.34143637257833,0.004903568440512034
0.47700000000000004,-0.8302635511484578,-0.8461327344009983,-0.7887446465799569,13.918037176953105,14.443160135507773,-0.996771391223561,684.2255403629641,-0.01586918325254051
0.47800000000000004,-0.8310189661825913,-0.8433954011790386,-0.7554150341334354,13.917075928941795,14.326137091273285,-0.961248011309479,-117.02304423448763,-0.012376434996447203
0.47900000000000004,-0.8317410451124168,-0.8319721111896876,-0.7220789298254442,13.916148744504595,13.923737042605962,-0.9271844372005233,-402.4000486673223,-0.0002310660772708893
0.48,-0.8324297827666737,-0.83442436242718,-0.6887376542569337,13.915254161594838,13.980880583543685,-0.894582909756636,57.14354093772612,-0.0019945796605063534
0.481,-0.8330851752939823,-0.8361977631780735,-0.6553925273085865,13.914390716158136,14.016951496887845,-0.863445436701582,36.07091334415987,-0.003112587884091141
0.482,-0.8337072201620715,-0.8343393551253183,-0.6220448680892154,13.913556942365556,13.93437056736791,-0.8337737925803168,-82.58092951993483,-0.0006321349632468055
0.483,-0.8342959161569558,-0.8418934564606031,-0.5886959948842267,13.912751372846712,14.164128545066909,-0.8055695188442513,229.75797769899822,-0.007597540303647355
0.484,-0.83485126338206,-0.8278385412408467,-0.5553472251041535,13.911972538922813,13.681813727355662,-0.7788339238992137,-482.3148177112464,0.007012722141213235
0.485,-0.8353732632572932,-0.8318305751492117,-0.5219998752332582,13.911218970839554,13.794631639350808,-0.7535680832582159,112.81791199514569,0.0035426881080815476
0.486,-0.8358619185180715,-0.836739477955365,-0.4886552607782087,13.91048919799989,13.939462549623707,-0.7297728396640224,144.8309102728994,-0.0008775594372935469
0.487,-0.8363172332142883,-0.8430378919306578,-0.45531469621682813,13.909781749196565,14.132565815745297,-0.7074488033254056,193.1032661215893,-0.0067206587163695305
0.488,-0.8367392127092352,-0.8384809284428631,-0.4219794949469219,13.909095152844486,13.966689372971928,-0.6865963520787943,-165.87644277336884,-0.001741715733627921
0.489,-0.8371278636784705,-0.8643438747961064,-0.3886509692351826,13.90842793721275,14.822496882836823,-0.6672156317364397,855.8075098648949,-0.02721601111763595
0.49,-0.8374831941086367,-0.8472962207848518,-0.3553304301661757,13.90777863065644,14.234122732601564,-0.6493065563102363,-588.3741502352583,-0.009813026676215107
0.491,-0.8378052132962281,-0.8374319328724683,-0.3220191875914075,13.907145761848037,13.8948021786142,-0.6328688084025202,-339.32055398736486,0.0003732804237598765
0.492,-0.8380939318463067,-0.8531348670711258,-0.2887185500784773,13.906527860008481,14.408647197750534,-0.6179018395560121,513.8450191363346,-0.015040935224819179
0.493,-0.8383493616711669,-0.8363541364038692,-0.255429824860316,13.90592345513782,13.839966650953885,-0.604404870660602,-568.6805467966489,0.0019952252672976204
0.494,-0.8385715159889514,-0.8370971233153899,-0.22215431778451297,13.90533107824542,13.85656351599845,-0.592376892400992,16.596865044565575,0.0014743926735615346
0.495,-0.8387604093222142,-0.8525356282272081,-0.1888933332627329,13.90474926157965,14.36463281826279,-0.581816665770063,508.0693022643383,-0.013775218904993903
0.496,-0.8389160574964344,-0.8414217888809149,-0.15564817422022484,13.90417653885712,13.98728798952988,-0.5727227225289511,-377.3448287329085,-0.0025057313844804884
0.497,-0.8390384776384798,-0.8421767544500437,-0.12242014204542531,13.90361144549132,14.007757855717559,-0.565093365800351,20.469866187678303,-0.003138276811563881
0.498,-0.8391276881750195,-0.8345289470064023,-0.0892105365396573,13.903052518820694,13.751125480591307,-0.5589266706262919,-256.63237512625136,0.004598741168617127
0.499,-0.8391837088308864,-0.833064762370865,-0.056020655866927095,13.902498298336054,13.700518840629435,-0.5542204846396004,-50.60663996187205,0.006118946460021436
0.5,-0.8392065606273903,-0.8395695760849796,-0.022851796503821013,13.901947325907397,13.913976827844722,-0.5509724286572037,213.45798721528712,-0.00036301545758930516
0.501,-0.8391962658805798,-0.847709152974363,0.010294746810496282,13.901398146009972,14.184861778241023,-0.5491798974244233,270.88495039630067,-0.008512887093783155
0.502,-0.8391528481994557,-0.8405955709683743,0.04341768112417984,13.90084930594966,13.948685527424194,-0.5488400603130827,-236.17625081682883,-0.001442722768918604
0.503,-0.8390763324841332,-0.8397306048086655,0.07651571532249699,13.900299356087563,13.921980842185887,-0.5499498620959997,-26.704685238307466,-0.0006542723245322807
0.504,-0.8389667449239556,-0.8316221347514046,0.1095875601775125,13.899746850063826,13.657550230586375,-0.5525060237374646,-264.43061159951117,0.0073446101725510035
0.505,-0.8388241129955579,-0.8358808318098656,0.1426319283976646,13.899190345020607,13.801893266987419,-0.5565050432192464,144.34303640104304,0.002943281185692263
0.506,-0.8386484654608807,-0.8458740792204485,0.17564753467722957,13.89862840182417,14.138888312725289,-0.5619431964358768,336.99504573787,-0.007225613759567885
0.507,-0.838439832365135,-0.8519839042450357,0.20863309574567368,13.898059585286145,14.349993125205263,-0.5688165380259846,211.1048124799735,-0.01354407187990065
0.508,-0.8381982450347181,-0.841929363679426,0.24158733041688996,13.897482464383744,14.021222737069275,-0.5771209024008073,-328.7703881359875,-0.0037311186447078278
0.509,-0.8379237360750798,-0.845327668990282,0.27450895963831823,13.896895612479147,14.142899064758524,-0.5868519045968412,121.67632768924885,-0.007403932915202204
0.51,-0.8376163393685399,-0.8487351317256373,0.3073967065399468,13.89629760753777,14.266411559509944,-0.5980049413771837,123.51249475142001,-0.011118792357097451
0.511,-0.8372760900720566,-0.8384354720243525,0.3402492964831932,13.895687032345567,13.934036164728512,-0.6105751922031999,-332.3753947814311,-0.0011593819522959055
0.512,-0.8369030246149469,-0.8418137283590049,0.3730654571096632,13.89506247472526,14.057786208256488,-0.6245576203074421,123.75004352797514,-0.004910703744057991
0.513,-0.8364971806965571,-0.8354428118451248,0.4058439183897852,13.894422527751452,13.859625432292665,-0.6399469738074259,-198.16077596382246,0.001054368851432282
0.514,-0.8360585972838858,-0.8308255947076028,0.4385834126713187,13.893765789964629,13.721584436421654,-0.6567377868229585,-138.04099587101058,0.005233002576282979
0.515,-0.835587314609158,-0.8397173254557628,0.4712826747277353,13.893090865583988,14.02966697111508,-0.6749243806414285,308.0825346934259,-0.004130010846604854
0.516,-0.8350833741673516,-0.8118403966478743,0.5039404418064698,13.892396364719078,13.136791054846729,-0.6945008649097417,-892.8759162683511,0.023242977519477237
0.517,-0.8345468187136745,-0.8377616024015475,0.5365554536770398,13.891680903580214,13.997801058123047,-0.7154611388635601,861.0100032763174,-0.003214783687872971
0.518,-0.8339776922609955,-0.8229606021989224,0.5691264526790323,13.890943104687638,13.530610985359042,-0.7377988925760803,-467.19007276400464,0.011017090062073074
0.519,-0.8333760400772255,-0.8321594298080475,0.6016521837699549,13.890181597079383,13.850183889127301,-0.7615076082547745,319.57290376825904,0.0012166102691781309
0.52,-0.8327419086826526,-0.8215803179104572,0.6341313945729503,13.889395016517824,13.52491313751096,-0.7865805615594468,-325.27075161634014,0.011161590772195515
0.521,-0.8320753458472283,-0.8558345648253797,0.6665628354243727,13.88858200569487,14.680191810109056,-0.8130108229540411,1155.2786725980945,-0.023759218978151392
0.522,-0.831376400587807,-0.838891171562045,0.6989452594212227,13.887741214435795,14.135501412633038,-0.840791259074436,-544.6903974760171,-0.007514770974237964
0.523,-0.8306451231653386,-0.8281747335822945,0.7312774224684409,13.886871299901639,13.805981378427344,-0.869914534156635,-329.52003420569446,0.0024703895830439975
0.524,-0.8298815650820125,-0.8238569086425032,0.7635580833260571,13.885970926790186,13.689305120355101,-0.9003731114525237,-116.67625807224259,0.0060246564395093636
0.525,-0.8290857790783563,-0.8057205277602713,0.7957860036561943,13.88503876753543,13.13104717678355,-0.93215925475576,-558.2579435715504,0.023365251318085107
0.526,-0.8282578191302864,-0.8250324317808209,0.8279599480699243,13.884073502505617,13.778814142743157,-0.9652650298139775,647.7669659596058,0.0032253873494655087
0.527,-0.8273977404461125,-0.814599328462503,0.8600786841739751,13.88307382019967,13.468255236201399,-0.9996823059470472,-310.55890654175727,0.012798411983609457
0.528,-0.8265055994634952,-0.8188411962370428,0.8921409826172867,13.882038417442132,13.633115125465682,-1.0354027575374403,164.85988926428325,0.007664403226452427
0.529,-0.8255814538463578,-0.8161076995559173,0.9241456171374143,13.880965999576464,13.573962881343732,-1.0724178656680294,-59.152244121950254,0.009473754290440489
0.53,-0.8246253624817511,-0.8195247440684087,0.9560913646067771,13.879855280656772,13.71431867703059,-1.1107189196923883,140.35579568685807,0.005100618413342414
0.531,-0.8236373854766723,-0.8251981131903348,0.9879770050787515,13.878704983637864,13.92950153309635,-1.1502970189081196,215.18285606575895,-0.0015607277136624393
0.532,-0.8226175841548387,-0.8175263089100061,1.0198013218336055,13.877513840563651,13.712683077626629,-1.1911430742124196,-216.81845546972036,0.005091275244832518
0.533,-0.8215660210534144,-0.8323473493938999,1.0515631014242743,13.876280592753831,14.228257986868297,-1.2332478098198152,515.5749092416672,-0.010781328340485478
0.534,-0.8204827599196924,-0.8086691013687374,1.0832611337219744,13.875003990988883,13.495098365629168,-1.2766017649479267,-733.1596212391277,0.011813658550955017
0.535,-0.8193678657077308,-0.8295398463754907,1.1148942119616543,13.873682795693263,14.204761781691651,-1.3211952956204698,709.6634160624824,-0.010171980667759917
0.536,-0.8182214045749435,-0.81572934897906,1.146461132787282,13.872315777116867,13.791939769407243,-1.367018576395651,-412.82201228440806,0.0024920555958835313
0.537,-0.8170434438786466,-0.7958356642797454,1.1779606962969644,13.870901715514659,13.195710537996622,-1.4140616022082497,-596.229231410621,0.02120777959890119
0.538,-0.8158340521725587,-0.818068230414195,1.2093917060879,13.869439401324463,13.941495980165888,-1.4623141901957126,745.7854421692656,-0.0022341782416362703
0.539,-0.8145932992032575,-0.8143982518525763,1.2407529693011619,13.86792763534297,13.86165588693077,-1.511765981494051,-79.84009323511813,0.00019504735068118093
0.54,-0.8133212559065912,-0.8016908520041641,1.2720432966663084,13.866365228899726,13.49559887092632,-1.562406443243347,-366.05701600444866,0.01163040390242704
0.541,-0.8120179944040454,-0.8117555726375519,1.303261502545823,13.864751004029378,13.85633986012974,-1.6142248703481243,360.74098920341913,0.00026242176649349285
0.542,-0.810683587999066,-0.8187600077876307,1.3344064049793765,13.863083793641842,14.122853173119614,-1.6672103875361444,266.51331298987355,-0.00807641978856462
0.543,-0.8093181111733381,-0.8067365126672054,1.3654768257279168,13.861362441690634,13.77901037960927,-1.7213519512075948,-343.84279351034377,0.0025815985061327395
0.544,-0.8079216395830205,-0.8021003900079479,1.3964715903175782,13.859585803339154,13.674583226016363,-1.7766383514796757,-104.42715359290656,0.005821249575072707
0.545,-0.8064942500549371,-0.79939355985735,1.4273895280834115,13.85775274512496,13.632668287554447,-1.8330582141938834,-41.91493846191637,0.007100690197587197
0.546,-0.8050360205827242,-0.8127611444993449,1.458229472212935,13.855862145122092,14.102556530697637,-1.8906000028682257,469.8882431431897,-0.00772512391662077
0.547,-0.8035470303229346,-0.7860219695816543,1.4889902597895008,13.85391289310126,13.304031964467027,-1.9492520208324038,-798.5245662306088,0.01752506074128031
0.548,-0.8020273595910992,-0.7853596150557651,1.5196707318354783,13.851903890688023,13.329640734633161,-2.009002413236871,25.60877016613359,0.01666774453533405
0.549,-0.8004770898577439,-0.800294713698588,1.550269733355251,13.849834051518842,13.844071335318283,-2.0698391691809093,514.4306006851216,0.0001823761591560048
0.55,-0.7988963037443659,-0.7962103769527368,1.5807861133780272,13.847702301395042,13.7631328241115,-2.131750123799847,-80.93851120678323,0.002685926791629132
0.551,-0.7972850850193655,-0.8015701601613906,1.6112187250004602,13.845507578434619,13.980745139239376,-2.1947229604233343,217.6123151278764,-0.004285075142025132
0.552,-0.7956435185939363,-0.781502235086385,1.64156642542908,13.843248833221901,13.403007919451035,-2.2587452127176277,-577.7372197883408,0.01414128350755129
0.553,-0.7939716905179138,-0.8010211682457992,1.6718280760225315,13.840925028955038,14.062870060187235,-2.323804266863405,659.8621407361994,-0.007049477727885326
0.554,-0.7922696879755802,-0.7855287335390666,1.7020025423336196,13.838535141591283,13.628591536767681,-2.3898873637548945,-434.2785234195535,0.00674095443651355
0.555,-0.790537599281429,-0.7953345302584993,1.73208869415116,13.83607815999006,13.986240620995577,-2.456981601222097,357.6490842278958,-0.004796930977070319
0.556,-0.7887755138758873,-0.7957155597943872,1.7620854055416326,13.833553086053797,14.050614127258022,-2.5250739362636665,64.37350626244503,-0.00694004591849992
0.557,-0.7869835223209967,-0.779796874253847,1.7919915548906373,13.830958934866512,13.608697431320723,-2.594151187285121,-441.9166959372994,0.00718664806714963
0.558,-0.7851617162960525,-0.7718234947478981,1.8218060249441503,13.828294734830093,13.418362419680424,-2.6642000364187624,-190.3350116402985,0.013338221548154346
0.559,-0.7833101885932029,-0.7834113864200964,1.851527702849579,13.825559527798337,13.82868915603676,-2.735207031756559,410.32673635633506,-0.00010119782689357785
0.56,-0.7814290331130063,-0.7882033447437792,1.8811554801966146,13.822752369208631,14.032642907220659,-2.807158589705594,203.9537511838992,-0.006774311630772902
0.561,-0.7795183448599484,-0.7714035186238541,1.9106882530578815,13.819872328211325,13.571445277213636,-2.88004099730621,-461.19763000702244,0.00811482623609429
0.562,-0.7775782199379191,-0.7780733201500213,1.9401249220293795,13.816918487796768,13.832121693676662,-2.9538404145572628,260.67641646302576,-0.0004951002121022005
0.5630000000000001,-0.7756087555456483,-0.7725024304826733,1.969464392270721,13.813889944919959,13.718965341701598,-3.0285428768088707,-113.15635197506414,0.003106325062975047
0.5640000000000001,-0.7736100499721031,-0.7583813726844265,1.9987055735451584,13.810785810622852,13.350266062541737,-3.1041342971072083,-368.69927915986057,0.015228677287676613
0.5650000000000001,-0.7715822025918437,-0.7602659752691969,2.0278473802594035,13.807605210154227,13.465431114248492,-3.1806004686245615,115.1650517067554,0.01131622732264678
0.5660000000000001,-0.7695253138603405,-0.7747236869514982,2.0568887315032325,13.804347283087186,13.962805409281298,-3.2579270670414218,497.3742950328055,-0.005198373091157725
0.5670000000000001,-0.7674394853092517,-0.7446036834603,2.0858285510888828,13.801011183434198,13.119441605428317,-3.336099652987201,-843.3638038529799,0.022835801848951634
0.5680000000000001,-0.7653248195416614,-0.7652914713970104,2.1146657675902323,13.797596079759735,13.79658852711101,-3.4151036744631824,677.1469216826927,3.334814465107397e-05
0.5690000000000001,-0.7631814202272796,-0.755321773839438,2.1433993143817642,13.794101155290413,13.558515708789859,-3.4949244693223136,-238.0728183211518,0.007859646387841687
0.5700000000000001,-0.7610093920976023,-0.767482989579928,2.172028129677316,13.790525608022694,13.985842008366182,-3.575547267718804,427.32629957632327,-0.006473597482325656
0.5710000000000001,-0.7588088409410337,-0.7592554650191548,2.200551156568609,13.786868650828108,13.800251914757812,-3.656957194586141,-185.59009360837015,-0.0004466240781210674
0.5720000000000001,-0.7565798735979702,-0.7740797640375912,2.2289673430635597,13.783129511555952,14.311871379663764,-3.739139272155967,511.61946490595113,-0.01749989043962095
0.5730000000000001,-0.7543225979558458,-0.7364558808161878,2.257275642124368,13.779307433133521,13.253547341499933,-3.8220784224307636,-1058.3240381638293,0.017866717139657977
0.5740000000000001,-0.7520371229441404,-0.7383796372677878,2.2854750117053855,13.775401673663788,13.373603257525179,-3.905759469732928,120.05591602524557,0.01365748567635256
0.5750000000000001,-0.7497235585293496,-0.7618765668511533,2.31356441479076,13.771411506520561,14.134030422774766,-3.990167143227197,760.4271652495858,-0.012153008321803728
0.5760000000000001,-0.7473820157099177,-0.7624339976637154,2.341542819431853,13.76733622044109,14.215924019554773,-4.075286079471496,81.89359678000756,-0.015051981953797785
0.577,-0.7450126065111332,-0.7612232236153021,2.3694091987844335,13.763175119616157,14.245147623943613,-4.161100824932262,29.223604388842638,-0.016210617104168948
0.578,-0.7426154439799876,-0.7308578830389539,2.3971625311456415,13.758927523777537,13.416956539732032,-4.247595838620555,-828.1910842115796,0.01175756094103364
0.579,-0.7401906421799969,-0.7447861343816841,2.424801799990727,13.754592768282945,13.889297061127868,-4.334755494591391,472.3405213958354,-0.004595492201687226
0.58,-0.7377383161859873,-0.7383436494261242,2.452325994009553,13.750170204198353,13.76780761124061,-4.422564084592295,-121.4894498872584,-0.0006053332401369093
0.581,-0.7352585820788444,-0.7383861933744584,2.479734107142872,13.745659198377746,13.83663697577324,-4.511005820607039,68.82936453263072,-0.0031276112956140287
0.582,-0.7327515569402261,-0.7339631250975174,2.5070251386183684,13.741059133540242,13.776136197204668,-4.600064837504192,-60.50077856857244,-0.0012115681572912847
0.583,-0.7302173588472396,-0.7410991155445735,2.5341980929864647,13.736369408344647,14.052404166794128,-4.689725195595074,276.2679695894598,-0.01088175669733392
0.584,-0.7276561068670837,-0.727415024781396,2.5612519801558964,13.731589437461329,13.724665089153671,-4.77997088331783,-327.7390776404567,0.00024108208568776132
0.585,-0.7250679210516546,-0.7394478605243308,2.588185815429047,13.726718651641512,14.142419446653577,-4.870785819816703,417.75435749990527,-0.014379939472676158
0.586,-0.7224529224321176,-0.7231677075247182,2.6149986195370474,13.721756497783923,13.742153181650089,-4.9621538575888025,-400.2662650034875,-0.0007147850926005905
0.587,-0.719811233013443,-0.7167237633986177,2.641689418674635,13.716702438998793,13.629153952243806,-5.054058785130877,-112.99922940628261,0.0030874696148253246
0.588,-0.7171429757689082,-0.7124668780351849,2.6682572445347748,13.711555954669198,13.579599434676702,-5.146484329594969,-49.55451756710434,0.004676097733723218
0.589,-0.7144482746345652,-0.7167654689078301,2.694701134343037,13.706316540509768,13.771779658312681,-5.239414159429856,192.18022363597936,-0.002317194273264967
0.59,-0.7117272545036735,-0.7207643891303406,2.721020130891733,13.700983708622722,13.956520001621312,-5.332831887045586,184.74034330863083,-0.009037134626667142
0.591,-0.7089800412210997,-0.7073843177713408,2.7472132825738074,13.695556987551262,13.650943892050423,-5.42672107146025,-305.5761095708893,0.001595723449758883
0.592,-0.7062067615776833,-0.7110531937273041,2.773279643416487,13.690035922330242,13.825617722006147,-5.521065221019583,174.67382995572385,-0.004846432149620833
0.593,-0.7034075433045686,-0.6877491915603628,2.79921827311468,13.684420074534238,13.254436517241217,-5.615847796004658,-571.1812047649291,0.01565835174420567
0.594,-0.7005825150675045,-0.6929052925275432,2.8250282370641324,13.678709022322865,13.467536676697808,-5.711052211372802,213.1001594565907,0.007677222539961227
0.595,-0.6977318064611101,-0.6988837475554233,2.8507086063943334,13.67290236048349,13.70465917168119,-5.806661839374172,237.12249498338147,-0.001151941094313168
0.596,-0.6948555480031089,-0.69956700343634,2.8762584580011716,13.666999700471184,13.796681559091994,-5.902660012306882,92.02238741080384,-0.004711455433231108
0.597,-0.6919538711285296,-0.6989806954204971,2.901676874579342,13.661000670446047,13.853928791682085,-5.999030025137131,57.24723259009141,-0.007026824291967594
0.598,-0.689026908183875,-0.6983991648628022,2.9269629446545005,13.65490491530781,13.911580031254559,-6.095755138236569,57.651239572473706,-0.009372256678927186
0.599,-0.6860747924212599,-0.6896042794879251,2.9521157626151644,13.64871209672777,13.744554670168785,-6.192818580039727,-167.02536108577334,-0.003529487066665241
0.6,-0.6830976579925155,-0.6801499568193637,2.977134428744363,13.642421893178007,13.563100936808954,-6.290203549763618,-181.45373335983078,0.002947701173151764
0.601,-0.6800956399432645,-0.67494038636464,3.002018049251029,13.636033999957935,13.498144684561703,-6.387893220072272,-64.95625224725104,0.005155253578624501
0.602,-0.6770688742069634,-0.6713802930890934,3.026765736301136,13.629548129218133,13.478133347121517,-6.485870739801669,-20.01133744018622,0.005688581117869931
0.603,-0.6740174975989148,-0.6530306716112793,3.0513766080485802,13.622964009981523,13.073216602712051,-6.584119236610064,-404.9167444094653,0.020986825987635526
0.604,-0.670941647810249,-0.6779901917317555,3.0758497886658,13.616281388161799,13.8039618904286,-6.682621819724233,730.7452877165475,-0.007048543921506418
0.605,-0.6678414634018749,-0.6677119432322911,3.1001844083741426,13.609500026579225,13.606085516454154,-6.781361582573808,-197.87637397444496,0.00012952016958378136
0.606,-0.6647170837984009,-0.6367709154474225,3.1243796034739653,13.602619704973698,12.884673044143263,-6.880321605526873,-721.4124723108911,0.02794616835097843
0.607,-0.6615686492820264,-0.6802392970998508,3.1484345163744774,13.595640220015131,14.090155240575664,-6.979484958566928,1205.4821964323999,-0.018670647817824355
0.608,-0.6583963009864031,-0.6636111618928846,3.1723482956233218,13.58856138531118,13.724645169341613,-7.078834703950321,-365.5100712340499,-0.005214860906481487
0.609,-0.6552001808904673,-0.6535043368167093,3.196120095935891,13.581383031412232,13.53757464463917,-7.1783538989489415,-187.0705247024434,0.0016958440737580005
0.61,-0.6519804318122429,-0.6504365099631692,3.21974907822438,13.574105005813774,13.534412813110833,-7.278025598457916,-3.161831528336376,0.0015439218490736865
0.611,-0.6487371974026163,-0.6446585287903167,3.243234409626576,13.566727172956025,13.462596282216978,-7.377832857748956,-71.81653089385514,0.004078668612299582
0.612,-0.6454706221390819,-0.6478577042152486,3.2665752635343783,13.559249414220954,13.620189895874567,-7.47775873507095,157.59361365758892,-0.0023870820761667227
0.613,-0.6421808513194599,-0.6385196173706892,3.2897708196220554,13.551671627926567,13.459115582574258,-7.577786294387323,-161.07431330030926,0.003661233948770688
0.614,-0.6388680310555857,-0.6383402213484258,3.3128202638742312,13.543993729318565,13.530687076367034,-7.677898608001499,71.571493792776,0.000527809707159815
0.615,-0.635532308266972,-0.6278187470360896,3.335722788613605,13.536215650559352,13.343858329595168,-7.778078759212548,-186.82874677186572,0.00771356123088239
0.616,-0.6321738306744437,-0.6510997283214699,3.3584775925284003,13.528337340714366,14.007745558376424,-7.8783098449868305,663.8872287812554,-0.018925897647026277
0.617,-0.6287927467937441,-0.6376431392592266,3.3810838806995425,13.520358765735747,13.741604791907442,-7.97857497861898,-266.1407664689823,-0.008850392465482457
0.618,-0.6253892059291165,-0.6254114042827184,3.4035408646275673,13.512279908443418,13.512827981674164,-8.078857292328934,-228.77681023327747,-2.219835360188874e-05
0.619,-0.6219633581668572,-0.6322818474269221,3.4258477622592554,13.504100768503465,13.75956394447843,-8.179139939953117,246.73596280426557,-0.010318489260064814
0.62,-0.6185153543688432,-0.6289619762819743,3.4480037980139935,13.495821362403934,13.753061231699453,-8.279406099530817,-6.50271277897651,-0.010446621913131018
0.621,-0.6150453461660333,-0.6087679074964993,3.470008202809864,13.487441723427997,13.33579697616669,-8.379638975936743,-417.264255532762,0.006277438669534035
0.622,-0.6115534859519439,-0.6180532884019685,3.4918602140894563,13.47896190162448,13.636721628410237,-8.47982180351714,300.92465224354623,-0.0064998024500245175
0.623,-0.6080399268760985,-0.6016907630096666,3.513559075845405,13.470381963775829,13.31876947548415,-8.579937848651298,-317.95215292608754,0.006349163866431954
0.624,-0.6045048228374529,-0.597047063632322,3.5351040386456507,13.461701993363432,13.284821220367448,-8.679970412396543,-33.9482551167016,0.007457759205130912
0.625,-0.6009483284777944,-0.5978833774824807,3.5564943596584238,13.452922090530407,13.380393122780344,-8.779902833024877,95.57190241289595,0.003064950995313764
0.626,-0.5973705991751175,-0.5922900422939186,3.57772930267695,13.444042372041766,13.324735859010044,-8.87971848864133,-55.65726377029984,0.0050805568811989315
0.627,-0.5937717910369736,-0.5948177576763988,3.5988081381438763,13.435062971242026,13.45960324941943,-8.979400799740134,134.86739040938633,-0.0010459666394251371
0.628,-0.5901520608937982,-0.6042431384474534,3.6197301431754205,13.425984038010276,13.758201147574287,-9.078933231750241,298.597898154856,-0.014091077553655103
0.629,-0.586511566292213,-0.586812260723737,3.6404946015852353,13.416805738712686,13.423769967287107,-9.178299297589732,-334.431180287179,-0.00030069443152407467
0.63,-0.582850465488305,-0.5783081045437811,3.6611008039079955,13.407528256152478,13.303415746817183,-9.277482560207773,-120.35422046992383,0.004542360944523908
0.631,-0.5791689174408823,-0.5844629523996812,3.681548047422701,13.398151789517378,13.519751391429931,-9.376466635099945,216.3356446127478,-0.005294034958798822
0.632,-0.5754670818047066,-0.5764624379228718,3.7018356361757,13.388676554324562,13.411309138231266,-9.475235192816456,-108.44225319866564,-0.0009953561181651727
0.633,-0.5717451189237032,-0.5642528732560844,3.7219628810034244,13.379102782363073,13.211098901449542,-9.57377196148812,-200.21023678172315,0.007492245667618747
0.634,-0.5680031898241483,-0.5767841023651312,3.741929099554845,13.369430721633794,13.56785471806532,-9.672060729279508,356.75581661577706,-0.008780912540982932
0.635,-0.5642414562078347,-0.5578412548020847,3.7617336163136414,13.359660636286906,13.217902415819918,-9.77008534688828,-349.95230224540177,0.006400201405750071
0.636,-0.5604600804452147,-0.5418342266482925,3.7813757626200855,13.349792806556922,12.944523703551216,-9.867829729984123,-273.3787122687017,0.018625853796922186
0.637,-0.556659225568522,-0.5622048657588519,3.8008548766926396,13.339827528695233,13.462305720309828,-9.965277861688548,517.7820167586123,-0.005545640190329877
0.638,-0.5528390552648728,-0.5513738757299965,3.820170303649267,13.329765114900255,13.297829637431882,-10.062413794978298,-164.47608287794665,0.0014651795348762505
0.639,-0.5489997338693443,-0.5505042683507608,3.8393213955284575,13.319605893245134,13.352259315250844,-10.159221655120731,54.429677818962524,-0.001504534481416501
0.64,-0.5451414263580343,-0.5297391860637706,3.8583075113099627,13.30935020760307,12.982556364795094,-10.255685642064805,-369.70295045574954,0.015402240294263753
0.641,-0.541264298341099,-0.5381005271459298,3.8771280169352433,13.298998417570216,13.231591716992988,-10.351790032853359,249.03535219789296,0.0031637711951692255
0.642,-0.5373685160557714,-0.5283912189302942,3.8957822853276283,13.288550898386253,13.099693219046197,-10.447519183962584,-131.89849794679085,0.008977297125477252
0.643,-0.5334542463593592,-0.54035503772732,3.9142696964121826,13.27800804085255,13.424278219942032,-10.542857533703653,324.58500089583504,-0.006900791367960718
0.644,-0.529521656722224,-0.5296830507257307,3.9325896371352864,13.267370251248032,13.27074465494374,-10.637789604517778,-153.53356499829104,-0.00016139400350677992
0.645,-0.5255709152207401,-0.5256693668983351,3.9507415014839227,13.256637951242695,13.25868088768717,-10.732300005336981,-12.063767256570646,-9.845167759505438e-05
0.646,-0.5216021905302354,-0.5393614914516637,3.9687246905046725,13.245811577808825,13.617737222924362,-10.826373433870273,359.05633523719126,-0.01775930092142834
0.647,-0.5176156519179129,-0.5032075384170885,3.9865386123224194,13.234891583129917,12.944564607824539,-10.919994678907585,-673.1726150998221,0.014408113500824368
0.648,-0.5136114692357542,-0.5046174144731086,4.004182682158761,13.223878434507329,13.04310663513095,-11.013148622588176,98.5420273064114,0.008994054762645625
0.649,-0.5095898129134041,-0.5270812530297296,4.021656322350126,13.21277261426468,13.570701118816707,-11.1058202426495,527.5944836857565,-0.017491440116325575
0.65,-0.5055508539510385,-0.49810724681978286,4.038958962365603,13.201574619649993,13.054106216149851,-11.197994614686735,-516.5949026668559,0.007443607131255631
0.651,-0.501494763912214,-0.5028063612904495,4.056090038824466,13.19028496273566,13.216286212926825,-11.289656914332369,162.17999677697378,-0.0013115973782354634
0.652,-0.4974217149167006,-0.4929375613920295,4.073048995513414,13.178904170316155,13.091243863164063,-11.38079241950507,-125.0423497627614,0.004484153524671126
0.653,-0.4933318796332971,-0.4896673163733545,4.089835283403512,13.167432783803626,13.096326967453216,-11.47138651252888,5.083104289152369,0.003664563259942632
0.654,-0.4892254312726303,-0.5042151518952197,4.106448360666835,13.155871359121253,13.449815749849943,-11.5614246823732,353.4887823967271,-0.014989720622589369
0.655,-0.4851025435799375,-0.4872229843585524,4.122887692692822,13.144220466594545,13.184917952064257,-11.650892526708034,-264.89779778568567,-0.002120440778614914
0.656,-0.4809633908278332,-0.4660372269841277,4.139152752104321,13.132480690840444,12.853465269318164,-11.739775754101345,-331.45268274609276,0.014926163843705495
0.657,-0.47680814780905983,-0.4825567230220359,4.1552430187733576,13.120652630654394,13.229513994456212,-11.828060186049427,376.04872513804787,-0.005748575212976074
0.658,-0.47263698982922325,-0.4828653082783014,4.1711579798365825,13.108736898895273,13.301651774788727,-11.915731759120973,72.13778033251465,-0.010228318449078145
0.659,-0.4684500926995128,-0.48204589278951876,4.186897129710442,13.0967341223683,13.351819050129883,-12.002776526973236,50.16727534115613,-0.013595800090005944
0.66,-0.4642476327294068,-0.4764588340804848,4.202459970106036,13.084644941705893,13.311392314082163,-12.089180662407273,-40.42673604772059,-0.012211201351078027
0.661,-0.46002978671936307,-0.4566747473743887,4.217846010043687,13.072470011246525,13.011760499789222,-12.174930459368127,-299.63181429294013,0.003355039344974396
0.662,-0.45579673195349585,-0.43887088919623246,4.233054765867207,13.060209998911567,12.761299091414674,-12.260012334957437,-250.46140837454777,0.016925842757263384
0.663,-0.451548646192238,-0.447254226618806,4.248085761257862,13.047865586080173,12.971675464510298,-12.344412831394536,210.37637309562365,0.004294419573431992
0.664,-0.44728570766499,-0.44483064954418927,4.262938527248041,13.035437467462206,12.992204701544333,-12.428118617966888,20.529237034034846,0.0024550581208007023
0.665,-0.44300809506275535,-0.42067160492046907,4.277612602234626,13.022926350969247,12.642125961331734,-12.511116492959218,-350.07874021259835,0.022336490142286256
0.666,-0.4387159875307633,-0.44391037639998626,4.29210753199206,13.010332957583703,13.10083139819941,-12.59339338554355,458.705436867676,-0.005194388869222942
0.667,-0.43440956466107816,-0.4411502537424842,4.306422869685113,12.997658021226032,13.114156393942723,-12.67493635767103,13.324995743312572,-0.0067406890814060115
0.668,-0.4300890064851968,-0.42480445751963924,4.3205581758813505,12.984902288620098,12.89572594447441,-12.755732605933545,-218.43044946831273,0.005284548965557562
0.669,-0.4257544934666335,-0.4202691570403586,4.3345130185633,12.972066519156714,12.880462292265765,-12.835769463384494,-15.263652208645325,0.005485336426274896
0.67,-0.4214062064934932,-0.43155345765613723,4.348286973140313,12.95915148475537,13.129998204712443,-12.915034401343561,249.53591244667783,-0.010147251162644007
0.671,-0.41704432687103304,-0.4287441001009894,4.361879622460133,12.946157969724172,13.141487957795082,-12.993515031197944,11.489753082638988,-0.011699773229956374
0.672,-0.41266903631421287,-0.40975882367910565,4.375290556820154,12.933086770618035,12.885842159697074,-13.071199106137854,-255.64579809800824,0.0029102126351072256
0.673,-0.4082805169402345,-0.4058065536170837,4.38851937397838,12.91993869609512,12.880183504100529,-13.14807452291511,-5.658655596544543,0.0024739633231507917
0.674,-0.4038789512610704,-0.41694765672382256,4.401565679164085,12.906714566771578,13.118459846290047,-13.224129323541334,238.27634218951823,-0.013068705462752175
0.675,-0.3994645221759822,-0.4014870120065773,4.414429085088164,12.893415215074624,12.925391081807529,-13.299351696954176,-193.06876448251825,-0.0020224898305951197
0.676,-0.395037412964029,-0.4004640192129745,4.427109211953191,12.880041485093907,12.965253143460144,-13.373729980717286,39.86206165261482,-0.005426606248945461
0.677,-0.39059780727656584,-0.38599725734465035,4.439605687463162,12.8665942324313,12.79607069049794,-13.447252662606601,-169.18245296220377,0.004600549931915477
0.678,-0.3861458891297329,-0.3873134923663237,4.4519181468329485,12.853074324049043,12.870900678711346,-13.519908382257029,74.82998821340551,-0.0011676032365907842
0.679,-0.38168184289693546,-0.382542105756459,4.464046232797435,12.83948263811633,12.852459854839452,-13.591685932713204,-18.440823871893368,-0.0008602628595235789
0.68,-0.3772058533013151,-0.38074074664239904,4.475989595620363,12.82582006385433,12.878706544108962,-13.662574261999794,26.246689269509435,-0.003534893341083949
0.681,-0.37271810540821226,-0.36218256040710856,4.487747893102866,12.812087501379692,12.659255117119958,-13.732562474638499,-219.45142698900335,0.010535545001103734
0.682,-0.3682187846176206,-0.3543111844648981,4.499320790591704,12.79828586154653,12.599933304911776,-13.801639833161516,-59.32181220818217,0.013907600152722448
0.683,-0.3637080766566334,-0.367377848074314,4.510707960987193,12.78441606578696,12.837374748936911,-13.869795759569925,237.44144402513513,-0.0036697714176806276
0.684,-0.3591861675718826,-0.35072506897550815,4.52190908475083,12.770479045950175,12.651912942571343,-13.93701983678497,-185.46180636556804,0.008461098596374471
0.685,-0.35465324372197,-0.3622293337934218,4.532923849912616,12.75647574414009,12.863682683156576,-14.003301810085134,211.76974058523237,-0.007576090071451816
0.686,-0.3501094917698919,-0.34938959992793306,4.543751952078074,12.742407112551629,12.732467163737992,-14.0686315884615,-131.21551941858365,0.0007198918419588701
0.687,-0.345555098675457,-0.33805608049292196,4.55439309443496,12.728274113305616,12.627082783357004,-14.13299924601219,-105.38438038098786,0.007499018182535025
0.6880000000000001,-0.3409902516876973,-0.325848061651634,4.5648469877596805,12.714077718282354,12.514763180079647,-14.196395023262198,-112.31960327735625,0.015142190036063307
0.6890000000000001,-0.33641513833727393,-0.34024076224629285,4.575113350423391,12.69981890895388,12.750916436605927,-14.258809328474342,236.15325652627897,-0.0038256239090189432
0.6900000000000001,-0.33182994642887614,-0.33257061651132497,4.5851919083978006,12.685498676214952,12.695212372838732,-14.32023273892824,-55.70406376719456,-0.0007406700824488179
0.6910000000000001,-0.32723486403361546,-0.32527092548784503,4.595082395260673,12.671118020212777,12.645822593820935,-14.380656002174419,-49.389779017797466,0.0019639385457704255
0.6920000000000001,-0.3226300794814144,-0.33761109050795873,4.604784552201014,12.65667795017553,12.851920048465749,-14.440070037247565,206.0974546448138,-0.01498101102654431
0.6930000000000001,-0.3180157813533905,-0.31785672130000053,4.614298128023968,12.642179484239666,12.6401830228762,-14.498465935863791,-211.73702558954747,0.00015906005338994282
0.6940000000000001,-0.31339215847423507,-0.3201509388708236,4.623622879155397,12.627623649276067,12.712146520265122,-14.555834963598357,71.96349738892133,-0.0067587803965884884
0.6950000000000001,-0.3087593999045889,-0.30504460664091526,4.632758569646165,12.613011480715079,12.568003025291185,-14.612168560988792,-144.14349497393695,0.0037147932636736507
0.6960000000000001,-0.3041176949334128,-0.3154174052526089,4.641704971176116,12.598344022370407,12.736529679367626,-14.667458344671758,168.52665407644082,-0.011299710319196134
0.6970000000000001,-0.29946723307035505,-0.31923587781346446,4.650461863057749,12.58362232626196,12.825051049473362,-14.721696108447091,88.52137010573627,-0.019768644743109416
0.6980000000000001,-0.2948082040381155,-0.2944253625004736,4.659029032239581,12.568847452437641,12.564394620827617,-14.774873824318746,-260.65642864574534,0.0003828415376418782
0.6990000000000001,-0.2901407977648063,-0.28753467175119196,4.66740627330922,12.554020468794112,12.5243031872857,-14.826983643528635,-40.09143354191732,0.0026061260136143
0.7000000000000001,-0.2854652043763102,-0.2909545271666969,4.675593388496124,12.539142450896593,12.60160034677663,-14.878017897519413,77.29715949093034,-0.005489322790386694
0.7010000000000001,-0.2807816141886361,-0.2718931453395706,4.683590187674058,12.524214481797669,12.427246953248613,-14.92796909892391,-174.3533935280171,0.008888468849065504
0.7020000000000001,-0.27609021770027287,-0.2788219816127175,4.691396488363251,12.5092376518552,12.539160103728829,-14.976829942469294,111.91315048021612,-0.0027317639124446024
0.7030000000000001,-0.2713912055845406,-0.2774481570491375,4.699012115732247,12.494213058549322,12.559831979723144,-15.024593305877687,20.671875994315396,-0.006056951464596867
0.704,-0.26668476868194113,-0.261907346733584,4.70643690259945,12.479141806298573,12.429294232807347,-15.071252250749012,-130.53774691581148,0.004777421948357107
0.705,-0.26197109799250673,-0.2776530066422156,4.713670689434378,12.464025006275198,12.631064821837057,-15.116800023374566,201.77058902970995,-0.015681908649708882
0.706,-0.25725038466814815,-0.2640249314755552,4.720713324358594,12.448863776219637,12.518570897708214,-15.161230055561248,-112.4939241288433,-0.0067745468074070616
0.707,-0.2525228200050018,-0.25273053719505223,4.727564663146354,12.433659240254217,12.435730866420599,-15.204535965420263,-82.84003128761512,-0.0002077171900504159
0.708,-0.2477885954357769,-0.23929960367556036,4.7342245692249385,12.418412528696143,12.33679311683947,-15.24671155807411,-98.93774958112891,0.008488991760216533
0.709,-0.2430479025221022,-0.24467507529472374,4.740692913674692,12.403124777869737,12.418790002486276,-15.28775082640621,81.99688564680578,-0.0016271727726215384
0.71,-0.23830093294687346,-0.23521617905571227,4.74696957522875,12.387797129917999,12.358964388308157,-15.327647951737688,-59.82561417811811,0.0030847538911611956
0.711,-0.233547878506601,-0.24010283372644392,4.753054440272474,12.372430732613516,12.433716222911261,-15.36639730448286,74.7518346031039,-0.006554955219842926
0.712,-0.22878893110375842,-0.22577172036795742,4.758947402842579,12.357026739168761,12.329954310119085,-15.40399344475496,-103.76191279217642,0.0030172107358010015
0.713,-0.22402428273913247,-0.2073896087482458,4.764648364625958,12.341586308045777,12.199929268874875,-15.440431122984322,-130.02504124420955,0.01663467399088667
0.714,-0.21925412550417425,-0.22611778630736243,4.770157234958212,12.3261106027653,12.386451029595145,-15.475705280476149,186.52176072026967,-0.006863660803188167
0.715,-0.21447865157335239,-0.1908165173342743,4.775473930821874,12.31060079171539,12.121298844217515,-15.509811049911448,-265.15218537762996,0.023662134239078085
0.716,-0.20969805319650806,-0.21613641725011648,4.78059837684433,12.295058047959488,12.34917658958626,-15.542743755901256,227.8777453687455,-0.0064383640536084235
0.717,-0.2049125226912126,-0.20474115099808787,4.785530505295452,12.279483549044098,12.278097796506847,-15.574498915389867,-71.07879307941361,0.00017137169312472192
0.718,-0.20012225243512768,-0.19838916216434666,4.790270256084911,12.263878476805935,12.250245468769323,-15.605072238162876,-27.852327737523527,0.0017330902707810264
0.719,-0.19532743485836848,-0.18508438874904312,4.79481757675921,12.248244017178743,12.171328692867133,-15.634459627191788,-78.91677590218997,0.010243046109325362
0.72,-0.19052826243587007,-0.20289849569751334,4.799172422498406,12.232581359999692,12.328647761802925,-15.662657179051465,157.31906893579136,-0.012370233261643285
0.721,-0.18572492767975754,-0.2067303883518948,4.803334756112533,12.216891698815449,12.379615907320044,-15.68966118424342,50.968145517119325,-0.021005460672137263
0.722,-0.1809176231317198,-0.17485754106017914,4.8073045480377345,12.201176230687924,12.158617969591617,-15.715468127524446,-220.99793772842682,0.0060600820715406515
0.723,-0.17610654135538772,-0.1681521515276818,4.81108177633209,12.185436155999751,12.131382941334696,-15.740074688173067,-27.235028256921343,0.007954389827705945
0.724,-0.1712918749287166,-0.1650550353036831,4.8146664266711445,12.1696726782595,12.12826491609004,-15.763477740250664,-3.1180252446549845,0.006236839625033505
0.725,-0.16647381643637343,-0.14016875013530866,4.818058492343144,12.153887003906668,11.994665550812112,-15.785674352832402,-133.5993652779289,0.026305066301064776
0.726,-0.16165255846212948,-0.15960304540391151,4.82125797424397,12.138080342116512,12.125083700516402,-15.80666179015644,130.41814970429033,0.0020495130582179628
0.727,-0.1568282935812577,-0.15428939354722332,4.82426488087178,12.122253904604664,12.106661968584106,-15.826437511847757,-18.421731932296108,0.0025389000340343593
0.728,-0.15200121435293634,-0.14270884380733406,4.82707922832135,12.10640890543168,12.05235199520828,-15.844999172983876,-54.309973375826054,0.009292370545602288
0.729,-0.1471715133126582,-0.1434832656516144,4.8297010402781195,12.090546560807466,12.069385994573452,-15.862344624213875,17.033999365171567,0.0036882476610438043
0.73,-0.14233938296464627,-0.12570245209587586,4.8321303480119475,12.074668088895628,11.986643189865987,-15.878471911838332,-82.74280470746469,0.016636930868770418
0.731,-0.1375050157742757,-0.1498876232381285,4.834367190370564,12.058774709617808,12.129020044481905,-15.893379277819975,142.37685461591798,-0.012382607463852773
0.732,-0.13266860416050297,-0.13642258000857196,4.836411613772735,12.042867644458005,12.062807439276527,-15.907065159803224,-66.21260520537747,-0.003753975848069009
0.733,-0.12783034048830183,-0.16227739154157,4.83826367220113,12.026948116266938,12.224209054146568,-15.919528191066235,161.40161487004065,-0.03444705105326818
0.734,-0.12299041706110694,-0.11486625716842142,4.839923427194893,12.011017349066439,11.972873585175872,-15.930767200499574,-251.33546897069593,0.008124159892685525
0.735,-0.11814902611326501,-0.12187295215574133,4.84139094784193,11.995076567853966,12.012719948310274,-15.940781212472999,39.84636313440145,-0.00372392604247631
0.736,-0.11330635980249412,-0.10406673505811206,4.8426663107708885,11.979126998407217,11.939481866879209,-15.949569446748413,-73.2380814310644,0.00923962474438206
0.737,-0.10846261020235126,-0.08692116260991224,4.8437496001428615,11.963169867088906,11.880090511890973,-15.957131318311113,-59.39135498823584,0.021541447592439016
0.738,-0.10361796929470847,-0.10367702035840382,4.8446409076427885,11.947206400651716,11.94744802810212,-15.963466437190377,67.3575162111461,-5.905106369535005e-05
0.739,-0.0987726289622379,-0.10131805371757409,4.84534033247057,11.931237826043452,11.941291316512004,-15.968574608264063,-6.156711590115544,-0.0025454247553361883
0.74,-0.09392678098090601,-0.09892258661580228,4.845847981331892,11.915265370212463,11.934282873220061,-15.972455830988608,-7.008443291942606,-0.004995805634896273
0.741,-0.08908061701247726,-0.09745941357212871,4.846163968428757,11.899290259913313,11.930142267564879,-15.97511029915033,-4.14060565518248,-0.008378796559651456
0.742,-0.08423432859702752,-0.09053798393960527,4.84628841544973,11.88331372151276,11.905060495130115,-15.976538400552798,-25.081772434763373,-0.006303655342577746
0.743,-0.07938810714546762,-0.0729953926243701,4.846221451559892,11.867336980796075,11.848108144796823,-15.976740716684645,-56.952350333291996,0.006392714521097519
0.744,-0.07454214393207712,-0.07417376385217511,4.845963213390508,11.851361262773727,11.850279870393123,-15.975718022348318,2.1717255963000763,0.00036838007990200794
0.745,-0.06969663008704871,-0.06903385814989454,4.845513845028409,11.835387791488435,11.833572836883173,-15.973471285292362,-16.707033509950605,0.0006627719371541642
0.746,-0.06485175658904363,-0.0665844759108183,4.844873498005082,11.819417789822694,11.823913238680412,-15.970001665740696,-9.65959820276118,-0.0017327193217746646
0.747,-0.06000771425775815,-0.05086407611105614,4.844042331285477,11.803452479306697,11.783441431362606,-15.965310515996478,-40.471807317805606,0.009143638146702012
0.748,-0.055164693746501625,-0.05022495243109334,4.843020511256528,11.787493079926772,11.77721689540691,-15.959399379925188,-6.224535955695382,0.004939741315408286
0.749,-0.050322885534786234,-0.05174070152348814,4.8418082117153896,11.771540809934338,11.774397219233824,-15.952269992434154,-2.8196761730860915,-0.0014178159887019088
0.75,-0.045482479920928846,-0.03883535877704442,4.840405613857388,11.75559688565537,11.744533633761385,-15.943924278968069,-29.863585472439144,0.0066471211438844215
0.751,-0.04064366701466516,-0.04216146612881766,4.838812906263688,11.739662521300467,11.74214337581113,-15.934364354903252,-2.390257950255046,-0.0015177991141525028
0.752,-0.03580663672977648,-0.04733576856174578,4.837030284888681,11.723738928775507,11.742660139858408,-15.923592524959673,0.5167640472780728,-0.011529131831969302
0.753,-0.030971578776729392,-0.016418401933844674,4.835057953047085,11.707827317492933,11.694213683205035,-15.911611282573901,-48.44645665337306,0.01455317684288472
0.754,-0.026138682655328628,-0.021485741184578272,4.832896121400766,11.691928894183688,11.687554810724743,-15.898423309245402,-6.658872480292282,0.004652941470750356
0.755,-0.021308137647383346,-0.03088076458785291,4.83054500794528,11.676044862709857,11.685906273198192,-15.884031473831328,-1.6485375265506959,-0.009572626940469562
0.756,-0.01648013280938721,-0.005691879879618276,4.828004837996133,11.660176423878008,11.655454858806378,-15.868438831848408,-30.451414391814396,0.010788252929768935
0.757,-0.011654856965212452,-0.008205113094082261,4.82527584417476,11.644324775253281,11.642972406330415,-15.851648624726877,-12.482452475962791,0.0034497438711301905
0.758,-0.006832498698818222,-0.02247609451826177,4.822358266394229,11.628491110974242,11.637541376078584,-15.833664279039539,-5.431030251830999,-0.015643595819443547
0.759,-0.0020132463469735564,0.014086240518648915,4.819252351844666,11.61267662156857,11.61651331206326,-15.814489405672205,-21.02806401532396,0.016099486865622473
0.76,0.002802712008004844,0.006137581069501021,4.815958354978401,11.59688249376952,11.597471012492122,-15.794127799049207,-19.042299571138326,0.0033348690614961774
0.761,0.007615188545499683,0.01652968602999448,4.812476537494839,11.581109910333288,11.585358566259504,-15.772583436232779,-12.112446232617192,0.008914497484494799
0.762,0.01242399571382474,0.01440240015553353,4.808807168325058,11.565360049857233,11.566407677980694,-15.749860476054423,-18.950888278810734,0.001978404441708788
0.763,0.017228946237440868,0.015733646433092753,4.804950523616125,11.549634086599031,11.548661161558103,-15.725963258201858,-17.746516422590716,-0.0014952998043481134
0.764,0.022029853124156017,0.006548294867602023,4.80090688671515,11.53393319029674,11.525199887998168,-15.700896302291767,-23.46127355993486,-0.015481558256553994
0.765,0.026826529672309068,0.03654236373050739,4.796676548153051,11.518258525989856,11.530411594689225,-15.674664306883912,5.211706691056857,0.009715834058198326
0.766,0.03161878947793713,0.03191995263949534,4.792259805628064,11.502611253841357,11.50298897403312,-15.647272148498814,-27.422620656105654,0.00030116316155821116
0.767,0.0364064464419261,0.033541301664538545,4.787656963988971,11.486992528960753,11.483036585732046,-15.618724880603452,-19.952388301073025,-0.0028651447773875584
0.768,0.04118931477714415,0.04469855128888004,4.782868335218053,11.471403501228197,11.477352915253558,-15.589027732556104,-5.683670478488162,0.003509236511735889
0.769,0.045967209015557946,0.04674824590489584,4.777894238413791,11.455845315119653,11.457274713946266,-15.558186108544092,-20.078201307292414,0.0007810368893378949
0.77,0.050739944015331225,0.05749646872877716,4.772734999773278,11.440319109533183,11.454754432361266,-15.526205586469999,-2.520281584999393,0.006756524713445931
0.771,0.0555073349679056,0.051797144305035424,4.767390952574378,11.424826017616333,11.41696744228646,-15.493091916850332,-37.786990074806646,-0.003710190662870179
0.772,0.06026919740506321,0.05990452528600738,4.761862437157609,11.409367166594688,11.408502115387563,-15.458851021644904,-8.465326898896556,-0.00036467211905583374
0.773,0.06502534720597097,0.04363590159333018,4.756149800907762,11.393943677601598,11.348065732085315,-15.423488993089762,-60.43638330224782,-0.021389445612640792
0.774,0.06977560060420623,0.06554259690948899,4.750253398235261,11.378556665509096,11.367249998740181,-15.387012092501706,19.18426665486626,-0.00423300369471724
0.775,0.07451977419476348,0.08127691784979699,4.744173590557248,11.363207238760062,11.383987505852879,-15.349426749034834,16.7375071126976,0.006757143655033514
0.776,0.07925768494104189,0.09262499184020702,4.737910746278415,11.347896499201596,11.393249472954755,-15.310739558465514,9.261967101876314,0.01336730689916513
0.777,0.08398915018181345,0.08034937988020874,4.731465240771564,11.332625541919722,11.32081844532597,-15.270957281874331,-72.43102762878443,-0.0036397703016047096
0.778,0.08871398763817136,0.08750056645587792,4.7248374563579105,11.317395455075339,11.313174768642758,-15.230086844383095,-7.643676683212412,-0.0012134211822934307
0.779,0.0934320154204585,0.10926653555243014,4.718027782287132,11.302207319741536,11.365562961093529,-15.188135333803032,52.38819245077048,0.015834520131971647
0.78,0.09814305203517563,0.0948851482852066,4.711036614717146,11.287062209742224,11.274648866844585,-15.145109999311401,-90.91409424894428,-0.00325790374996904
0.781,0.10284691639186927,0.11018699452534492,4.703864356693633,11.271961191492156,11.302827107088486,-15.10101825006771,28.178240243901673,0.00734007813347565
0.782,0.10754342780999858,0.12432658692512993,4.696511418129309,11.25690532383833,11.333720678958233,-15.055867653826382,30.89357186974692,0.01678315911513135
0.783,0.11223240602578151,0.11263020380150918,4.688978215782932,11.24189565790282,11.243661327091,-15.009665935510341,-90.05935186723227,0.00039779777572766393
0.784,0.11691367119901956,0.1291828789428687,4.681265173238056,11.226933236927037,11.286533995429698,-14.96242097578282,42.87266833869726,0.01226920774384913
0.785,0.12158704391990109,0.11448211427940413,4.673372720881535,11.212019096117467,11.178911414209248,-14.914140809569432,-107.62258122045044,-0.0071049296404969535
0.786,0.12625234521578285,0.12832906228296895,4.665301295881769,11.197154262492868,11.207590254946473,-14.864833624599783,28.678840737224906,0.0020767170671860914
0.787,0.13090939655794956,0.13013583652322833,4.657051342166694,11.182339754732999,11.178353734193031,-14.814507759869144,-29.236520753441273,-0.0007735600347212234
0.788,0.1355580198683511,0.13670715333296968,4.648623310401528,11.167576583028865,11.17375236997743,-14.763171704133882,-4.601364215600863,0.0011491334646186022
0.789,0.14019803752631735,0.15149506946258776,4.640017657966265,11.152865748934516,11.217911699382073,-14.710834094348257,44.15932940464269,0.01129703193627042
0.79,0.14482927237525026,0.16872800729131507,4.631234848932913,11.138208245220417,11.28612642063783,-14.657503714099462,68.21472125575661,0.023898734916064823
0.791,0.14945154772929276,0.14279686207692024,4.622275354042495,11.123605055728401,11.085215822011367,-14.603189492016,-200.91059862646236,-0.006654685652372511
0.792,0.15406468737997456,0.14831349240784358,4.6131396506817905,11.109057155228257,11.074729963129583,-14.547900500144095,-10.485858881784429,-0.0057511949721309645
0.793,0.1586685156028344,0.163642399206301,4.603828222859842,11.094565509275922,11.12621016475185,-14.491645952334764,51.48020162226703,0.004973883603466588
0.794,0.16326285716401862,0.15271139268633313,4.594341561184208,11.080131074073353,11.014320728135663,-14.434435202568707,-111.88943661618634,-0.010551464477685487
0.795,0.1678475373268556,0.17281769431231922,4.584680162836977,11.065754796330065,11.099176428803544,-14.376277743288313,84.85570066788021,0.004970156985463621
0.796,0.17242238185840614,0.1781414172413155,4.574844531550539,11.051437613126332,11.09101249172419,-14.317183203733208,-8.163937079354248,0.005719035382909351
0.797,0.17698721703598924,0.17421215025350845,4.5648351775831095,11.03718045177815,11.017942585358554,-14.257161348181668,-73.06990636563519,-0.0027750667824807964
0.798,0.18154186965368327,0.18685380033900315,4.554652617694021,11.022984229703905,11.061611734701891,-14.196222074245313,43.669149343337175,0.005311930685319888
0.799,0.18608616702880204,0.17059299356212482,4.544297375118772,11.00884985429278,10.89976916833295,-14.134375411124722,-161.84256636894096,-0.015493173466677222
0.8,0.19061993700834587,0.1982187477431461,4.533769979543831,10.994778222774944,11.053101891440823,-14.071631517836636,153.3327231078728,0.007598810734800227
0.801,0.19514300797542708,0.17969466660831135,4.523070967081219,10.98077022209353,10.866467957827329,-14.008000681412724,-186.6339336134944,-0.015448341367115728
0.802,0.19965520885566992,0.1926907121951595,4.512200880242838,10.9668267287784,10.912889501464338,-13.94349331513034,46.421543637009634,-0.006964496660510412
0.803,0.2041563691235845,0.19859439081110195,4.501160267914578,10.952948608821764,10.90873098499297,-13.87811995663668,-4.158516471369108,-0.005561978312482556
0.804,0.20864631880891468,0.2046349663458721,4.4899496853301875,10.939136717555582,10.906412723588296,-13.81189126618132,-2.3182614046728367,-0.0040113524630425775
0.805,0.21312488850295958,0.22171255870779547,4.478569694044906,10.92539189953088,10.999102854241803,-13.744818024703065,92.69013065350676,0.008587670204835899
0.806,0.21759190936486844,0.21840841677473505,4.467020861908873,10.911714988398895,10.918742097325177,-13.676911131984326,-80.36075691662596,0.0008165074098666085
0.807,0.22204721312790873,0.21807284605694296,4.455303763040301,10.89810680679413,10.863579009000722,-13.608181604764624,-55.16308832445555,-0.003974367070965768
0.808,0.22649063210570716,0.23192545179903234,4.443418977798426,10.884568166219307,10.933746603955232,-13.538640574823901,70.16759495451014,0.005434819693325174
0.809,0.23092199919846337,0.2467347652571613,4.431367092756223,10.871099866932223,11.020191584994926,-13.468299287083596,86.44498103969404,0.015812766058697924
0.81,0.23534114789913627,0.235403037320725,4.4191487006729036,10.857702697834569,10.858277781628345,-13.397169097654427,-161.91380336658042,6.188942158873883e-05
0.811,0.23974791229960246,0.24340589275458208,4.406764400466182,10.844377436362677,10.879263866072698,-13.325261471891281,20.986084444352553,0.003657980454979608
0.812,0.2441421270967868,0.25653909973285915,4.394214797184319,10.831124848380231,10.953644764655836,-13.252587982446329,74.38089858313816,0.012396972636072354
0.8130000000000001,0.24852362759876473,0.25120189586801694,4.381500501977947,10.81794568807296,10.84436462564797,-13.179160307270621,-109.2801390078665,0.0026782682692522005
0.8140000000000001,0.2528922497308364,0.24005377864919838,4.3686221320716685,10.804840697845332,10.679917693540418,-13.104990227628122,-164.44693210755176,-0.01283847108163802
0.8150000000000001,0.25724783004157187,0.2821506906333815,4.355580310735439,10.791810608219231,11.056958836475495,-13.03008962610086,377.04114293507695,0.024902860591809618
0.8160000000000001,0.2615902057088276,0.28367379261394965,4.3423756672557285,10.778856137734671,11.016543548408855,-12.954470484560332,-40.41528806664015,0.022083586905122094
0.8170000000000001,0.26591921454573403,0.2460705348434418,4.329008836906467,10.765977992852525,10.565381825670833,-12.878144882146003,-451.16172273802096,-0.019848679702292236
0.8180000000000001,0.2702346950066538,0.2698431215051577,4.315480460919773,10.753176867859317,10.749002416790162,-12.80112499320829,183.62059111932876,-0.00039157350149608716
0.8190000000000001,0.2745364861931103,0.2787093135641631,4.30179118645647,10.740453444774046,10.786023366742121,-12.72342308527108,37.02094995195889,0.004172827371052856
0.8200000000000001,0.27882442785968664,0.2884817339443482,4.287941666576386,10.727808393257101,10.835952594722329,-12.645051516944505,49.92922798020767,0.00965730608466154
0.8210000000000001,0.28309836041989506,0.2897884210096301,4.273932560208442,10.715242370521239,10.790895795423005,-12.566022735862603,-45.056799299324226,0.006690060589735045
0.8220000000000001,0.28735812495201557,0.2846361764286516,4.25976453212053,10.702756021244657,10.672023276362564,-12.486349276581876,-118.8725190604404,-0.002721948523364014
0.8230000000000001,0.29160356320490477,0.2810651995824521,4.245438252889185,10.690349977486157,10.571224017039887,-12.406043758499408,-100.79925932267733,-0.010538363622452673
0.8240000000000001,0.29583451760377383,0.29686408043147033,4.230954398869041,10.678024858602447,10.690070127373072,-12.325118883710573,118.8461103331856,0.0010295628276964792
0.8250000000000001,0.3000508312559359,0.3103851892145567,4.2163136521620865,10.665781271167532,10.790305366121789,-12.243587434914716,100.23523874871634,0.010334357958620784
0.8260000000000001,0.3042523479565226,0.29335617966053473,4.2015167005867164,10.653619808894263,10.52508512625536,-12.161462273269308,-265.2202398664281,-0.010896168295987892
0.8270000000000001,0.3084389121941692,0.298167021211137,4.1865642376465715,10.641541052557999,10.518546239556304,-12.078756336263652,-6.538886699056328,-0.010271890983032198
0.8280000000000001,0.3126103691566684,0.31236408950517314,4.1714569624991835,10.629545569922447,10.626507340672855,-11.995482635551724,107.961101116551,-0.00024627965149523836
0.8290000000000001,0.3167665647365928,0.2973916860948971,4.156195579924415,10.61763391566764,10.382752301598455,-11.911654254808113,-243.75503907440054,-0.01937487864169574
0.8300000000000001,0.3209073455368855,0.3183043726963955,4.140780800292698,10.605806631320089,10.572963534110377,-11.827284347550204,190.21123251192213,-0.0026029728404899843
0.8310000000000001,0.3250325588764186,0.3206672301262532,4.125213339533082,10.594064245185113,10.53842549815154,-11.742386134976357,-34.53803595883717,-0.004365328750165398
0.8320000000000001,0.32914205279551967,0.33364967261432105,4.109493919101073,10.58240727228134,10.64138039142178,-11.6569729037721,102.95489327024035,0.004507619818801397
0.833,0.333235676061466,0.3262180078862042,4.0936232659462854,10.570836214277412,10.479486568240215,-11.57105800392877,-161.89382318158258,-0.007017668175261755
0.834,0.33731327817394585,0.32849206370668066,4.077602112479898,10.55935155943087,10.443419007065271,-11.484654846542597,-36.06756117494388,-0.008821214467265191
0.835,0.34137470937048775,0.3374327955272716,4.061431196541916,10.547953782529259,10.495135593790346,-11.397776901610257,51.71658672507458,-0.003941913843216101
0.836,0.345419820631856,0.34492056009869737,4.045111261368242,10.536643344833434,10.529840034920255,-11.310437695824405,34.704441129909085,-0.0004992605331586492
0.837,0.34944846368741356,0.34280188002895245,4.028643055557557,10.525420694023076,10.434598623914795,-11.222650810358559,-95.24141100546038,-0.0066465836584611295
0.838,0.3534604910204516,0.35358168663966444,4.012027333038014,10.514286264144436,10.515977725129211,-11.134429878639551,81.37910121441642,0.00012119561921284992
0.839,0.3574557558734853,0.3649579544020197,3.9952648530337407,10.503240475560304,10.610220889317675,-11.04578858413241,94.24316418846415,0.007502198528534401
0.84,0.3614341122535165,0.37328531115710234,3.9783563800311623,10.492283734902202,10.664159066637444,-10.956740658102149,53.938177319768194,0.01185119890358581
0.841,0.36539541493726163,0.38244451038646593,3.961302683745136,10.48141643502482,10.733091234098966,-10.867299877382663,68.93216746152214,0.01704909544920432
0.842,0.3693395194763465,0.36150467158894134,3.9441045390849037,10.470638954962691,10.357611197872858,-10.777480062127864,-375.4800362261076,-0.007834847887405192
0.843,0.3732662822024664,0.36906860545494885,3.9267627261198643,10.4599516598891,10.398442668683662,-10.68729507359123,40.83147081080437,-0.004197676747517527
0.844,0.37717556023251153,0.3523468558736985,3.9092780300451655,10.449354901077246,10.09181670932917,-10.596758811853846,-306.6259593544928,-0.024828704358812986
0.845,0.38106721147365863,0.4000604538094969,3.8916512411471174,10.438849015863651,10.73170282014454,-10.505885213595079,639.8861108153694,0.018993242335838274
0.846,0.38494109462842707,0.3776939870606363,3.8738831547684294,10.428434327613825,10.319337724647134,-10.414688249825943,-412.3650954974046,-0.007247107567790778
0.847,0.38879706919970036,0.38846331241578436,3.855974571273272,10.41811114569017,10.412990480575381,-10.323181923654445,93.65275592824665,-0.0003337567839160129
0.848,0.3926349954957125,0.39786071887178687,3.8379262960121645,10.407879765422166,10.489420698616135,-10.231380268004742,76.4302180407536,0.005225723376074329
0.849,0.3964547346349992,0.3828692196251221,3.8197391392866913,10.397740468078787,10.188751253828558,-10.139297343378928,-300.66944478757637,-0.013585515009877092
0.85,0.40025614855131325,0.4048952693282312,3.8014139163140452,10.38769352084319,10.461423308375778,-10.046947235597514,272.67205454721983,0.004639120776917988
0.851,0.4040390999985047,0.4037751870467379,3.782951447191405,10.377739176789667,10.373530922497533,-9.954344053522135,-87.89238587824492,-0.00026391295176675687
0.852,0.4078034525553648,0.38954315561408315,3.7643525568601413,10.367877674862843,10.08047902224359,-9.861501926824445,-293.0519002539424,-0.01826029694128169
0.853,0.41154907063043467,0.414469126269613,3.7456180750698596,10.358109239859145,10.405720588388911,-9.768435003698173,325.2415661453207,0.002920055639178376
0.854,0.41527581946677694,0.4272210457703331,3.726748836342277,10.348434082410527,10.547085842161362,-9.675157448617355,141.36525377245044,0.011945226303556168
0.855,0.41898356514671187,0.4003055444094995,3.707745679934936,10.33885239897046,10.036789228605583,-9.581683440067934,-510.2966135557785,-0.018678020737212336
0.856,0.4226721745965166,0.43074432226615317,3.688609449804757,10.329364371802162,10.465345886007468,-9.488027168297108,428.556657401884,0.008072147669636534
0.857,0.42634151559108807,0.42843366561390134,3.6693409945714306,10.319970168969116,10.35527014969518,-9.394202833046705,-110.07573631228763,0.002092150022813244
0.858,0.4299914567585687,0.43473968655416495,3.649941167480651,10.310669944327802,10.391717994345683,-9.300224641313193,36.44784465050318,0.004748229795596261
0.859,0.43362186758493587,0.43803697351132953,3.6304108263671937,10.30146383752273,10.377429513737145,-9.206106805072167,-14.288480608538366,0.004415105926393645
0.86,0.4372326184185537,0.450271978930151,3.6107508336178373,10.292351973983681,10.520783817839366,-9.111863539049025,143.35430410222105,0.013039360511597247
0.861,0.44082358047468784,0.4385871002948719,3.5909620561341304,10.283334464925222,10.244511693876625,-9.017509058459439,-276.2721239627408,-0.0022364801798159142
0.862,0.44439462583998285,0.453130499698872,3.5710453652950087,10.27441140734845,10.4291799562349,-8.923057576771143,184.66826235827565,0.00873587385888915
0.863,0.4479456274769021,0.44384647991496656,3.5510016369192594,10.265582884045006,10.193424480217569,-8.828523303444413,-235.7554760173313,-0.0040991475619355355
0.864,0.4514764592281299,0.45875579353089174,3.530831751227837,10.256848963603279,10.387638688373535,-8.733920441727605,194.21420815596574,0.007279334302761858
0.865,0.45498699582093594,0.44684717284812,3.510536592806033,10.248209700416895,10.103308699068242,-8.639263186383417,-284.32998930529305,-0.008139822972815956
0.866,0.45847711287150145,0.4573937059191913,3.4901170505654977,10.239665134695398,10.220078691331326,-8.544565721496866,116.76999226308372,-0.0010834069523101492
0.867,0.4619466868892076,0.4792568098577879,3.4695740177061207,10.23121529247718,10.552813356800234,-8.44984221821754,332.7346654689084,0.017310122968580335
0.868,0.46539559528088537,0.469851770841016,3.4489083916777648,10.222860185644603,10.305125834460958,-8.35510683257823,-247.68752233927648,0.004456175560130621
0.869,0.46882371635502723,0.4672415649278277,3.428121074141863,10.214599811941373,10.185366102513708,-8.260373703230073,-119.75973194724955,-0.0015821514271995363
0.87,0.4722309293259601,0.4607828478311141,3.407212970932873,10.206434154992085,9.99559536743088,-8.165656949287836,-189.77073508282754,-0.011448081494845995
0.871,0.4756171143179797,0.46771579428584914,3.386184992019596,10.19836318432399,10.051235506976072,-8.070970668095256,55.64013954519171,-0.00790132003213057
0.872,0.4789821523694461,0.4809186110219228,3.3650380514663576,10.190386855390953,10.227078257365683,-7.976328933036569,175.842750389611,0.0019364586524767103
0.873,0.4823259254368401,0.4917199478139088,3.343773067394056,10.1825051095996,10.363122990296871,-7.881745791353367,136.04473293118767,0.009394022377068737
0.874,0.4856483163987812,0.48990894989224154,3.3223909619410765,10.174717874337647,10.2567637370907,-7.787235261952574,-106.35925320617002,0.0042606334934603175
0.875,0.4889492090600053,0.4941906116118524,3.3008926612240734,10.167025063004393,10.268741829028015,-7.692811333253502,11.978091937313796,0.005241402551847132
0.876,0.4922284881553039,0.49181093946849463,3.2792790952986253,10.159426575043398,10.15131604265516,-7.598487960995826,-117.42578637285374,-0.00041754868680925845
0.877,0.49548603935342367,0.5090062350514905,3.2575511981197596,10.1519222959773,10.419999150963344,-7.504279066097297,268.68310830818285,0.013520195698066785
0.878,0.498721749260926,0.49481384632694,3.2357099075023523,10.144512097444792,10.06787184257523,-7.410198532507906,-352.12730838811416,-0.003907902933985993
0.879,0.5019355054260074,0.4964382962580797,3.2137561650814024,10.137195837239735,10.028861737334033,-7.316260205056935,-39.01010524119638,-0.005497209167927697
0.88,0.5051271963422795,0.5140081570054937,3.1916909162721834,10.129973359352405,10.308630983714988,-7.222477887330214,279.7692463809544,0.008880960663214149
0.881,0.5082967114525098,0.5089327989130463,3.169515110230274,10.122844494012858,10.135616688587989,-7.1288653395473744,-173.01429512699846,0.0006360874605365271
0.882,0.5114439411523213,0.5086583426324325,3.147229699811469,10.115809057736413,10.059718212570672,-7.035436276444429,-75.89847601731663,-0.0027855985198887733
0.883,0.5145687767938528,0.5088077452479878,3.1248356415315715,10.108866853371232,9.992490312655079,-6.942204365181226,-67.22789991559347,-0.005761031545865016
0.884,0.5176711106893789,0.515102183371269,3.102333895526068,10.10201767014798,10.049647189797254,-6.849183223252453,57.15687714217483,-0.0025689273181099077
0.885,0.5207508361148886,0.5269864664289619,3.079725425509693,10.095261283731599,10.22422350564938,-6.756386416380877,174.57631585212658,0.006235630314073263
0.886,0.5238078473136245,0.5273453347124096,3.0570111987358746,10.08859745627511,10.161996542269526,-6.663827456488747,-62.22696337985484,0.003537487398785124
0.887,0.5268420394995805,0.5147457325490017,3.0341921859560728,10.082025936475503,9.833324431938316,-6.571519799607017,-328.67211033120975,-0.012096306950578875
0.888,0.5298533088609595,0.5341166406377374,3.0112693613790076,10.075546459631667,10.165084633825266,-6.479476843836096,331.7602018869505,0.004263331776777945
0.889,0.5328415525635892,0.5346317302285525,2.9882437026297786,10.06915874770434,10.10687972095205,-6.387711927327899,-58.20491287321689,0.0017901776649632795
0.89,0.535806668754298,0.5258048994598946,2.965116190708878,10.062862509378094,9.853271709037081,-6.2962383262448185,-253.6080119149682,-0.010001769294403393
0.891,0.5387485565642491,0.5464769017787124,2.9418878099511,10.056657440125338,10.222210124689399,-6.20506925275599,368.93841565231753,0.007728345214463301
0.892,0.5416671161122335,0.5388629300517886,2.918559547984346,10.050543222272292,9.990733275636831,-6.114217853046,-231.4768490525674,-0.002804186060444815
0.893,0.5445622485079218,0.5412078252617643,2.8951323956883304,10.044519525066963,9.972626713623072,-6.023697205328915,-18.10656201375947,-0.003354423246157573
0.894,0.547433855855075,0.5553919531075145,2.871607347153185,10.038586004749094,10.211825098978494,-5.933520317869423,239.19838535542206,0.007958097252439553
0.895,0.5502818412547129,0.5634887985746971,2.8479853996379676,10.032742304622051,10.323096617031249,-5.84370012704305,111.27151805275471,0.013206957319984227
0.896,0.553106108808242,0.5462204239260368,2.8242675535290727,10.026988055126665,9.877569822631946,-5.7542494953857215,-445.5267943993025,-0.006885684882205213
0.897,0.5559065636205405,0.5602891729161416,2.8004548122985495,10.021322873917006,10.117884118758443,-5.665181209659309,240.31429612649703,0.004382609295601064
0.898,0.5586831118030028,0.5499223669729505,2.7765481824623257,10.015746365938057,9.8240350304085,-5.576507978949152,-293.84908834994377,-0.008760744830052304
0.899,0.5614356604765411,0.5845781768827574,2.752548673538341,10.010258123505288,10.533774392846542,-5.488242432768686,709.7393624380423,0.02314251640621621
0.9,0.5641641177745458,0.5592264327975032,2.728457298004593,10.00485772638612,9.895365348869255,-5.400397119167621,-638.4090439772864,-0.004937684977042638
0.901,0.5668683928458029,0.5788183393174373,2.7042750712570927,9.999544741883255,10.269792179397234,-5.3129845028649925,374.4268305279782,0.011949946471634432
0.902,0.5695483958573707,0.5630752200194449,2.6800030115677353,9.994318724919856,9.849597323921644,-5.226016963399971,-420.19485547558907,-0.006473175837925802
0.903,0.5722040379974128,0.5803170793569548,2.655642140042089,9.98917921812654,10.173749732538383,-5.139506793314652,324.15240861673817,0.008113041359541887
0.904,0.5748352314779899,0.5970239947725403,2.631193480577098,9.98412575193025,10.497386771019706,-5.053466196290657,323.63703848132246,0.02218876329455045
0.905,0.5774418895378086,0.552032132795679,2.606658059818708,9.979157844644861,9.412649260312529,-4.967907285388762,-1084.7375107071757,-0.025409756742129638
0.906,0.5800239264449281,0.5756789500779743,2.582036907119412,9.97427500256361,9.875154532288839,-4.882842081251226,462.5052719763097,-0.004344976366953784
0.907,0.5825812574994238,0.5875864057429012,2.5573310544957164,9.969476720053283,10.085086554319059,-4.798282510327212,209.93202203021946,0.005005148243477446
0.908,0.5851137990360094,0.5841851978901906,2.5325415365855353,9.964762479650162,9.943329402196524,-4.714240403121295,-141.75715212253502,-0.0009286011458187039
0.909,0.5876214684266149,0.5809367612073387,2.5076693906055096,9.960131752157702,9.805939522004667,-4.630727492459741,-137.38988019185592,-0.006684707219276136
0.91,0.5901041840829231,0.6116256388440119,2.482715656308254,9.95558399674591,10.466098641155694,-4.547755411792309,660.1591191510264,0.02152145476108875
0.911,0.5925618654588626,0.5933568794958531,2.457681375939534,9.951118661052444,9.969729222340344,-4.465335693465633,-496.36941881534955,0.0007950140369905319
0.912,0.594994433053058,0.5785501947313826,2.4325675941953744,9.946735181285376,9.565806991410868,-4.383479767067655,-403.92223092947575,-0.016444238321675374
0.913,0.5974018084112371,0.605943275859432,2.407375358179101,9.942432982327631,10.1453191409127,-4.302198957745418,579.512149501832,0.008541467448194808
0.914,0.5997839141285954,0.5825678128170225,2.3821057173583187,9.938211477843033,9.536410267370334,-4.22150448459746,-608.9088735423663,-0.01721610131157287
0.915,0.6021406738521172,0.6136491620898146,2.356759723521823,9.934070070384026,10.210259165762952,-4.1414074590075955,673.8488983926179,0.011508488237697354
0.916,0.6044720122828536,0.5986945044709995,2.3313384307364546,9.930008151500957,9.792794911394234,-4.061918883069282,-417.46425436871846,-0.005777507811854158
0.917,0.6067778551781575,0.6082262517476883,2.3058428953038903,9.926025101852966,9.960762315082714,-3.9830496479904554,167.9674036884807,0.0014483965695307373
0.918,0.6090581293538749,0.6216677005932323,2.280274175717378,9.922120291320418,10.228451592849956,-3.9048105325480975,267.6892777672408,0.012609571239357353
0.919,0.6113127626864934,0.6124914799352339,2.2546333326184147,9.918293079118907,9.94676726621392,-3.8272122015108323,-281.68432663603556,0.0011787172487405493
0.92,0.6135416841152468,0.5996308718975183,2.228921428753371,9.914542813914764,9.581419670111629,-3.7502652041432327,-365.34759610229065,-0.013910812217728498
0.921,0.6157448236441768,0.5987853924480997,2.2031395289300613,9.910868833942077,9.504285710948107,-3.673979972687036,-77.13395916352177,-0.016959431196077155
0.922,0.6179221123441511,0.6297479810886185,2.1772886999742638,9.9072704671212,10.198518204877946,-3.598366820876109,694.2324939298381,0.011825868744467465
0.923,0.6200734823548373,0.6274778075765478,2.151370010686193,9.903747031178707,10.08608354066963,-3.5234359424940465,-112.43466420831528,0.007404325221710515
0.924,0.6221988668866342,0.6140413042381927,2.12538453179692,9.900297833768803,9.701233703604874,-3.4491974099033484,-384.84983706475583,-0.00815756264844148
0.925,0.6242982002225589,0.6328933644584357,2.099333335924754,9.896922172596156,10.110219482910578,-3.375661172647426,408.98577930570355,0.008595164235876817
0.926,0.6263714177200904,0.6313379499536009,2.0732174975315716,9.893619335540116,10.016919397588136,-3.3028370560401754,-93.30008532244163,0.00496653223351055
0.927,0.6284184558129695,0.6348954729797551,2.0470380928791125,9.890388600780327,10.051904795315005,-3.2307347597893,34.98539772686901,0.006477017166785605
0.928,0.6304392520129547,0.6078502126416002,2.0207961999852273,9.887229236923673,9.335088638784686,-3.1593638566533855,-716.8161565303184,-0.022589039371354435
0.929,0.6324337449115348,0.6294128233605003,1.9944928985800914,9.884140503132588,9.808895833554942,-3.0887337910847634,473.80719477025536,-0.0030209215510345055
0.93,0.6344018741815972,0.6434059693323346,1.96812927006238,9.881121649254649,10.108231183386668,-3.0188538779398755,299.33534983172524,0.00900409515073746
0.931,0.6363435805790526,0.6436780978604764,1.9417063974554083,9.878171915953471,10.063490341649178,-2.9497333011772042,-44.74084173748945,0.007334517281423742
0.932,0.6382588059444159,0.6470729758103677,1.9152253653632376,9.87529053484088,10.09891864993446,-2.8813811125907307,35.42830828528129,0.008814169865951831
0.933,0.6401474932043426,0.615574941680064,1.8886872599267512,9.872476728610302,9.26339769652335,-2.813806230578919,-835.5209534111083,-0.024572551524278667
0.934,0.6420095863731223,0.6437002186008134,1.8620931687796989,9.869729711171406,9.912636087777118,-2.747017438895938,649.238391253767,0.0016906322276910586
0.935,0.643845030554127,0.6487669835490257,1.8354441810047142,9.867048687785912,9.992632999878346,-2.681023385493475,79.99691210122776,0.004921952994898723
0.936,0.6456537719412163,0.6711730156324256,1.8087413870893048,9.864432855204615,10.527757591122173,-2.6158325812968286,535.1245912438264,0.025519243691209267
0.937,0.6474357578200981,0.6378981866344394,1.7819858788818184,9.861881401805523,9.619899151857624,-2.5514533990929067,-907.8584392645485,-0.009537571185658723
0.9380000000000001,0.6491909365696454,0.6458982497821539,1.7551787495473856,9.859393507733138,9.775219144599427,-2.487894072384478,155.31999274180373,-0.0032926867874915468
0.9390000000000001,0.6509192576631693,0.6512778222991488,1.728321093523842,9.85696834503885,9.86618501237662,-2.4251626942888294,90.96586777719287,0.00035856463597946144
0.9400000000000001,0.6526206716696469,0.6614816168717462,1.7014140064776304,9.854605077822404,10.084452143364445,-2.3632672164453083,218.26713098782395,0.008860945202099346
0.9410000000000001,0.6542951302549066,0.6498618472455976,1.6744585852596856,9.85230286237443,9.738176738656135,-2.302215447974376,-346.27540470830957,-0.0044332830093089665
0.9420000000000001,0.6559425861827679,0.6674150627770046,1.6474559278613032,9.85006084731999,10.149745258964606,-2.242015054440216,411.56852030847057,0.011472476594236652
0.9430000000000001,0.6575629933161379,0.6496839275845185,1.6204071333699948,9.84787817376316,9.644566604613086,-2.1826735568293287,-505.17865435151907,-0.007879065731619386
0.9440000000000001,0.6591563066180632,0.6618250000574935,1.59331330192533,9.845753975432592,9.915340492684093,-2.1241983305682055,270.77388807100687,0.002668693439430226
0.9450000000000001,0.660722482152738,0.6554485354854391,1.5661755346747686,9.843687378827997,9.70666932391519,-2.066596604594295,-208.67116876890339,-0.005273946667298817
0.9460000000000001,0.6622614770864674,0.6638433056658665,1.5389949337294828,9.841677503367649,9.883083858272464,-2.009875460348809,176.4145343572741,0.0015818285793989934
0.9470000000000001,0.6637732496885876,0.6568650753418068,1.511772602120174,9.839723461536693,9.659638715773054,-1.9540418309560437,-223.44514249940931,-0.006908174346780783
0.9480000000000001,0.6652577593323405,0.6492849032543393,1.4845096437528824,9.83782435903644,9.42336017685695,-1.8991025002534911,-236.27853891610485,-0.015972856078001228
0.9490000000000001,0.6667149664957054,0.6776458979269587,1.457207163364794,9.835979294934459,10.126049266476404,-1.845064101980043,702.6890896194539,0.010930931431253383
0.9500000000000001,0.6681448327621854,0.6711789952334666,1.429866266480046,9.834187361815529,9.914402099735334,-1.7919331189304444,-211.64716674106978,0.0030341624712812115
0.9510000000000001,0.6695473208215509,0.663960849641726,1.402488059365531,9.83244764593342,9.685398338087767,-1.7397158821079728,-229.00376164756665,-0.0055864711798249275
0.9520000000000001,0.6709223944705376,0.6729316456095549,1.3750736489867033,9.830759227363417,9.884057859764619,-1.6884185700032361,198.6595216768519,0.002009251139017235
0.9530000000000001,0.672270018613501,0.6821716976098766,1.3476241429633893,9.829121180155658,10.093848586828786,-1.6380472077592856,209.79072706416682,0.009901678996375587
0.9540000000000001,0.6735901592630266,0.6638153785085548,1.320140649525602,9.827532572489165,9.569484937402692,-1.588607666493047,-524.363649426094,-0.009774780754471815
0.9550000000000001,0.6748827835404959,0.673779229972732,1.2926242774693628,9.825992466826625,9.796614192250324,-1.5401056625403697,227.12925484763227,-0.001103553567763905
0.9560000000000001,0.6761478596766084,0.6815394944655908,1.2650761361125313,9.824499920069817,9.968993975666221,-1.4925467568076556,172.37978341589672,0.00539163478898243
0.9570000000000001,0.6773853570118591,0.6826469089414264,1.2374973352506469,9.823053983715742,9.964305400960543,-1.4459363540755277,-4.688574705678401,0.005261551929567302
0.9580000000000001,0.6785952459969719,0.6752421977915465,1.2098889851127805,9.821653704013348,9.732047916790076,-1.4002797023930924,-232.2574841704659,-0.0033530482054254106
0.9590000000000001,0.6797774981932893,0.6587077092518913,1.1822521963174015,9.820298122120901,9.263620834938694,-1.3555818924473328,-468.4270818513823,-0.021069788941397955
0.96,0.6809320862731175,0.6933613409763737,1.1545880798282593,9.818986274263898,10.156160445157756,-1.3118478570035563,892.5396102191604,0.012429254703256218
0.961,0.6820589840200278,0.6853419257288874,1.126897746910283,9.817717191893584,9.906328424371756,-1.2690823703138676,-249.83202078599987,0.003282941708859518
0.962,0.6831581663291133,0.6832888377879899,1.0991823090854993,9.81648990184598,9.820014448581158,-1.2272900476038018,-86.31397579059723,0.00013067145887655094
0.963,0.6842296092072023,0.6814443175775398,1.0714428780889715,9.815303426501396,9.740219420958205,-1.186475344583826,-79.79502762295347,-0.0027852916296625704
0.964,0.685273289773027,0.687907338864127,1.043680565824761,9.81415678394446,9.885553999349005,-1.1466425569359728,145.3345783908001,0.0026340490911000154
0.965,0.6862891862573489,0.68203319694598,1.0158964843219123,9.813048988124587,9.6980964139822,-1.107795819873303,-187.45758536680574,-0.004255989311368903
0.966,0.6872772780030394,0.6770303759115353,0.9880917456904647,9.811979049016879,9.536026351865189,-1.069939107708251,-162.07006211701,-0.0102469020915041
0.967,0.6882375454651168,0.6808398717240155,0.9602674620774913,9.810945972783397,9.611027501747243,-1.033076233481367,75.00114988205368,-0.007397673741101294
0.968,0.68916997021074,0.6832016391586911,0.9324247456231672,9.809948761934889,9.648269480333461,-0.9972108485083453,37.2419785862181,-0.005968331052048863
0.969,0.6900745349191568,0.6839510219932672,0.9045647084168689,9.808986415492763,9.64290341180507,-0.9623464421260053,-5.366068528390495,-0.0061235129258896265
0.97,0.6909512233816101,0.6793640560685303,0.8766884624533059,9.808057929151477,9.49463734238242,-0.928486341285506,-148.26606942265016,-0.011587167313079705
0.971,0.6918000205011988,0.6981633079583573,0.8487971195886878,9.807162295441163,9.981750390367468,-0.8956337103143142,487.1130479850474,0.006363287457158517
0.972,0.6926209122926957,0.6795228816724453,0.8208917914969263,9.806298503890568,9.45153791419623,-0.8637915505946836,-530.2124761712377,-0.013098030620250342
0.973,0.6934138858823216,0.7000111521393538,0.7929735896258764,9.805465541190209,9.986924060614829,-0.8329627003593743,535.3861464185985,0.0065972662570322575
0.974,0.6941789295074752,0.6840323488538635,0.7650436251536157,9.80466239135577,9.528626691990583,-0.8031498344394095,-458.29736862424534,-0.010146580653611667
0.975,0.69491603251642,0.6984406749653636,0.7371030089447662,9.803888035891674,9.900828952315363,-0.7743554640953221,372.2022603247798,0.0035246424489435964
0.976,0.6956251853679268,0.7093657258779174,0.7091528515068584,9.803141453954845,10.184213483280708,-0.7465819368288606,283.3845309653442,0.013740540509990507
0.977,0.6963063796308736,0.6983391066937773,0.68119426294674,9.802421622518589,9.85838096924742,-0.7198314362568681,-325.8325140332869,0.0020327270629036725
0.978,0.6969596079838006,0.689651500450585,0.6532283529270314,9.801727516536607,9.601700183201043,-0.6941059819816076,-256.6807860463773,-0.007308107533215692
0.979,0.6975848642144232,0.6980676322337056,0.6252562306226288,9.80105810910709,9.81435792198127,-0.6694074295161556,212.65773878022623,0.0004827680192824114
0.98,0.6981821432191004,0.6996635005527216,0.597279004677257,9.800412371636881,9.841286526897079,-0.6457374702097951,26.928604915809704,0.0014813573336212049
0.981,0.6987514410022605,0.6814133816452718,0.5692977831600741,9.799789274005681,9.327442253229433,-0.6230976312000536,-513.8442736676452,-0.017338059356988685
0.982,0.6992927546757828,0.6932159222856381,0.5413136735223283,9.799187784730238,9.63215377412121,-0.6014892754429013,304.71152089177673,-0.006076832390144627
0.983,0.6998060824583369,0.7014361775131842,0.5133277825540706,9.798606871128563,9.843694344379678,-0.5809136016754479,211.5405702584672,0.0016300950548473788
0.984,0.7002914236746778,0.6955993613422429,0.48534121634092314,9.798045499484072,9.668761447775974,-0.5613716444905492,-174.93289660370323,-0.004692062332434909
0.985,0.7007487787548987,0.7015458538773649,0.45735508022090554,9.79750263520969,9.819565823298465,-0.5428642743812162,150.80437552249023,0.0007970751224661459
0.986,0.7011781492336401,0.7085179091638357,0.42937047874132156,9.796977243011838,10.00121549351836,-0.5253921978525256,181.6496702198956,0.0073397599301956665
0.987,0.7015795377492557,0.7092451751082618,0.40138851561570654,9.796468287054301,10.009945276507285,-0.5089559575370828,8.729782988924121,0.007665637359006042
0.988,0.7019529480429366,0.7110099389171551,0.3734102936808384,9.795974731122,10.048581175554803,-0.49355593230160366,38.63589904751837,0.009056990874218527
0.989,0.7022983849577904,0.7081838246058815,0.34543691485381295,9.795495538784522,9.959356789130682,-0.4791923374778406,-89.22438642412081,0.005885439648091066
0.99,0.7026158544378796,0.6997365618374122,0.31746948008918585,9.79502967355952,9.71532703309921,-0.4658652250011386,-244.02975603147127,-0.0028792926004674074
0.991,0.7029053635272158,0.7027212848934221,0.2895090893361824,9.794576099075844,9.789468661050275,-0.45357448367688846,74.14162795106442,-0.0001840786337936238
0.992,0.7031669203687118,0.7004553042375075,0.26155684149597697,9.794133779236478,9.719004679288444,-0.4423198393652683,-70.46398176183105,-0.0027116161312043005
0.993,0.7034005342030908,0.7002682452534803,0.23361383437904382,9.793701678381137,9.706914373915264,-0.4321008553418437,-12.090305373179778,-0.0031322889496105317
0.994,0.7036062153677534,0.7018095717697345,0.20568116466258077,9.79327876144864,9.743436641849472,-0.42291693249651985,36.52226793420784,-0.0017966435980189333
0.995,0.7037839752956013,0.6865369445515167,0.17775992784800734,9.792863994138925,9.319539329212141,-0.41476730971545805,-423.89731263733097,-0.017247030744084593
0.996,0.7039338265138199,0.700602072147606,0.14985121821853922,9.7924563430747,9.70008536112115,-0.40765106422391284,380.5460319090092,-0.00333175436621386
0.997,0.7040557826426167,0.7038150058559992,0.12195612879684037,9.792054775962772,9.785363527553672,-0.4015671119290687,85.27816643252166,-0.0002407767866175342
0.998,0.7041498583939194,0.6944101878573229,0.09407575130275465,9.791658261754929,9.522780351204297,-0.396514207842813,-262.5831763493751,-0.009739670536596504
0.999,0.7042160695700306,0.7039758832975517,0.06621117611111843,9.791265770808437,9.784589410269891,-0.3924909464920745,261.80905906559434,-0.00024018627247885844
1.0,0.7042544330622402,0.7094096929422541,0.03836349220965575,9.79087627504607,9.934731798454315,-0.3894957623664652,150.1423881844238,0.005155259880013882
1.0010000000000001,0.7042649668493972,0.7026209499951812,0.01053378715695788,9.790488748115685,9.744833060408437,-0.38752693038546226,-189.89873804585685,-0.0016440168542160097
1.002,0.7042476899964377,0.7250139890757625,-0.017276852959451437,9.790102165549273,10.375971268598896,-0.386582566411775,631.1382081905282,0.020766299079324792
1.0030000000000001,0.7042026226528728,0.6781380764374249,-0.045067343564963246,9.789715504921546,9.078510172695674,-0.3866606277274087,-1297.4610959030763,-0.02606454621544797
1.004,0.7041297860512332,0.702066257517531,-0.07283660163964162,9.7893277460079,9.732049977320829,-0.3877589136465076,653.5398046252263,-0.002063528533702125
1.0050000000000001,0.7040292025054733,0.685775152708989,-0.10058354575989131,9.788937870941893,9.288162870187666,-0.3898750660056294,-443.88710713311326,-0.018254049796484272
1.006,0.7039008954093333,0.7137006095361452,-0.1283070961400332,9.788544864372069,10.062763719596715,-0.39300656982454996,774.6008494091346,0.009799714126811873
1.0070000000000001,0.7037448892346595,0.7302862473013645,-0.15600617467378594,9.788147713618194,10.539444382396992,-0.39715075387469767,476.68066280022356,0.026541358066705024
1.008,0.7035612095296838,0.6785411386388456,-0.18367970497565245,9.787745408826861,9.10515767176215,-0.4023047913328526,-1434.2867106349997,-0.025020070890838266
1.0090000000000001,0.7033498829172616,0.7046290838189877,-0.21132661242220918,9.78733694312639,9.822888994516122,-0.40846570047214925,717.7313227538914,0.0012792009017260201
1.01,0.7031109370930684,0.7083018388133839,-0.23894582419329718,9.786921312781095,9.931540724895163,-0.41563034529445986,108.65173037905282,0.005190901720315565
1.0110000000000001,0.7028444008237552,0.6998201715644856,-0.26653626931311314,9.786497517344792,9.702764203376972,-0.42379543630310934,-228.77652151816469,-0.0030242292592695466
1.012,0.702550303945064,0.7080667850370869,-0.29409687869119855,9.786064559813616,9.939668025934253,-0.4329575311761147,236.9038225573069,0.00551648109202287
1.0130000000000001,0.7022286773599007,0.6797989089167542,-0.3216265851633262,9.785621446778046,9.173734423198646,-0.4431130355690982,-765.933602735522,-0.022429768443146467
1.014,0.7018795530363684,0.7103998325408292,-0.3491243235322816,9.78516718857416,10.022689386222035,-0.4542582038862264,848.9549630234834,0.00852027950446081
1.0150000000000001,0.7015029640057598,0.7052228744665957,-0.37658903060853854,9.784700799434109,9.887993989938742,-0.46638914005114884,-134.695396283278,0.003719910460835912
1.016,0.701098944360509,0.7013272092737863,-0.40401964525082645,9.784221297635737,9.790540305622601,-0.47950179837208395,-97.45368431615205,0.00022826491327730832
1.0170000000000001,0.7006675292521024,0.6947917039316683,-0.4314151084065892,9.783727705651357,9.621876562559331,-0.4935919843802594,-168.66374306325116,-0.005875825320434092
1.018,0.7002087548889501,0.7065926957742954,-0.4587743631523324,9.783219050295687,9.960495646869111,-0.508655355670129,338.61908430981737,0.006383940885345349
1.0190000000000001,0.6997226585342162,0.6948687961544643,-0.48609635473385887,9.782694362872855,9.64907659897203,-0.5246874228319598,-311.419047897046,-0.004853862379751919
1.02,0.6992092785036098,0.7014405013125002,-0.5133800306063901,9.782152679322497,9.843840899369845,-0.5416835503577744,194.7643003978358,0.002231222808890469
1.0210000000000001,0.6986686541631353,0.6935677994058782,-0.5406243404745726,9.78159304036497,9.641413155327646,-0.5596389575277527,-202.427744042176,-0.005100854757257041
1.022,0.6981008259268029,0.6756326853418091,-0.5678282363323671,9.781014491645506,9.171759120795238,-0.5785487194636119,-469.6540345324591,-0.02246814058499382
1.0230000000000001,0.6975058352543001,0.697192706037592,-0.5949906725028197,9.780416083877506,9.771795559598592,-0.5984077679990207,600.0364388032867,-0.0003131292167081452
1.024,0.6968837246486224,0.6989055993314713,-0.6221106056777131,9.779796872984738,9.835503113186356,-0.6192108927685069,63.70755358777016,0.0020218746828489635
1.025,0.6962345376536653,0.7037783822471892,-0.6491869949570971,9.779155920242555,9.987631177182697,-0.6409527421826766,152.12806399635858,0.007543844593524018
1.026,0.6955583188517765,0.6867975014088274,-0.6762188018886952,9.778492292418095,9.53943928203773,-0.6636278244602778,-448.19189514491734,-0.008760817442949105
1.027,0.6948551138612694,0.6945242979021728,-0.7032049905071883,9.777805061909344,9.768732351423175,-0.6872305087508579,229.2930693854704,-0.00033081595909658176
1.028,0.694124969333896,0.7002964459130829,-0.7301445273733718,9.777093306883206,9.946961814067079,-0.7117550261384054,178.22946264388366,0.006171476579186898
1.029,0.6933679329522828,0.6948222483637418,-0.7570363816131858,9.776356111412397,9.816206936326775,-0.7371954708084161,-130.75487774031754,0.0014543154114590718
1.03,0.6925840534273262,0.7050087156723239,-0.7838795249566168,9.775592565611264,10.11835638829638,-0.7635458011332474,302.14945196957103,0.012424662244997726
1.031,0.6917733804955497,0.7116899052148257,-0.8106729317764698,9.774801765770421,10.326554325652026,-0.7907998408427375,208.19793735566867,0.01991652471927595
1.032,0.6909359649164227,0.6818496604294852,-0.8374155791270077,9.773982814490253,9.527764842319398,-0.8189512801681786,-798.7894833325389,-0.009086304486937534
1.033,0.6900718584696403,0.6708628378710889,-0.864106446782459,9.773134820813231,9.257108030056939,-0.8479936770218188,-270.65681226248864,-0.019209020598551334
1.034,0.6891811139523648,0.6977474230743332,-0.8907445172753907,9.772256900355002,10.00677564858024,-0.8779204582296529,749.6676185232168,0.008566309121968383
1.035,0.6882637851764298,0.7035582373693776,-0.9173287759349457,9.771348175434305,10.191539780381639,-0.908724920696713,184.76413180141984,0.015294452192947757
1.036,0.6873199269655049,0.6965429298839145,-0.943858210924942,9.770407775201594,10.022346623694629,-0.940400232710914,-169.19315668699102,0.009223002918409553
1.037,0.686349595152223,0.6944888750502198,-0.9703318132818353,9.769434835766429,9.99128441151898,-0.9729394351651877,-31.062212175653283,0.008139279897996779
1.038,0.6853528465752705,0.6791663509606026,-0.996748576952539,9.768428500323616,9.60179815258736,-1.0063354428133664,-389.48625893157543,-0.006186495614667907
1.039,0.6843297390764385,0.6771942165634288,-1.0231074988321058,9.76738791927799,9.575617857219402,-1.0405810456255438,-26.180295367960625,-0.007135522513009587
1.04,0.6832803314976372,0.6921642543361238,-1.049407578801264,9.76631225036794,10.007512424505178,-1.0756689100492878,431.89456728572713,0.008883922838486581
1.041,0.6822046836778735,0.6730891428723511,-1.0756478197638106,9.765200658787606,9.521337811251174,-1.111591580334803,-486.17461325405765,-0.009115540805522333
1.042,0.6811028564501896,0.6629695837189301,-1.1018272276838597,9.764052317307652,9.282959790513049,-1.1483414799542402,-238.3780207380983,-0.018133272731259534
1.043,0.6799749116385667,0.6699995779444339,-1.1279448116229422,9.762866406394785,9.49704941673755,-1.1859109128664613,214.0896262245247,-0.009975333694132801
1.044,0.6788209120547898,0.7037434221053632,-1.1539995837769597,9.761642114329819,10.441795509207308,-1.2242920649665479,944.7460924696527,0.024922510050573398
1.045,0.6776409214952768,0.6968748706583999,-1.1799905595129856,9.760378637324344,10.282231342154903,-1.2634770054749112,-159.56416705242285,0.019233949163123158
1.046,0.6764350047378709,0.6695703941994371,-1.2059167574059186,9.759075179636016,9.576688781961266,-1.30345768832818,-705.5425601935577,-0.006864610538433735
1.047,0.6752032275385959,0.6679137266812839,-1.2317771992749817,9.757730953682376,9.564471225809143,-1.3442259536393664,-12.21755615212451,-0.0072895008573119705
1.048,0.6739456566283758,0.6762598005022253,-1.2575709102200678,9.75634518015326,9.81802171362304,-1.3857735291153972,253.5504878138682,0.002314143873849563
1.049,0.6726623597097179,0.6651687091327206,-1.2832969186579317,9.754917088121726,9.55702681087536,-1.4280920315350443,-260.9949027477082,-0.007493650576997223
1.05,0.6713534054533596,0.6844543193922957,-1.308954256358224,9.75344591515347,10.104060064779837,-1.4711729682552743,547.0332539044157,0.013100913938936072
1.051,0.6700188634948803,0.6692357916996563,-1.3345419584793683,9.751930907414833,9.731229756689881,-1.5150077386376637,-372.83030808999683,-0.0007830717952239815
1.052,0.668658804431276,0.6577957780681566,-1.3600590636042806,9.750371319779212,9.46594291929711,-1.559587635620474,-265.28683739274203,-0.010863026363119428
1.053,0.6672732998175,0.6803622942784543,-1.385504613775926,9.748766415932009,10.096950165714732,-1.604903847203687,631.0072464176922,0.013088994460954202
1.054,0.6658624221629673,0.6600310600689417,-1.4108776545327157,9.747115468473991,9.594496544867734,-1.6509474580175265,-502.45362084694165,-0.005831362094025524
1.055,0.6644262449280236,0.6666388812715076,-1.4361772349437414,9.745417759023152,9.803552947892829,-1.6977094508394686,209.05640302511756,0.0022126363434839835
1.056,0.6629648425203798,0.6628382515637041,-1.4614024076438443,9.743672578314976,9.740359654481871,-1.745180708175198,-63.19329341095074,-0.00012659095667571046
1.057,0.6614782902915113,0.6583345245772274,-1.4865522288685202,9.741879226301121,9.65997765098389,-1.7933520138555537,-80.3820034979896,-0.0031437657142838926
1.058,0.6599666645330227,0.6632159630215755,-1.511625758488657,9.740037012246512,9.824904068813268,-1.842214054608604,164.92641782935922,0.00324929848855281
1.059,0.6584300424729775,0.651505098187435,-1.5366220600451044,9.738145254824857,9.559086393870981,-1.891757421654816,-265.81767494231644,-0.006924944285542565
1.06,0.6568685022721945,0.6384237398781503,-1.5615402007830759,9.736203282212506,9.264606785242075,-1.941972612351961,-294.47960862887334,-0.018444762394044294
1.061,0.6552821230205081,0.6332023762713495,-1.5863792516863782,9.734210432180678,9.172641559574398,-1.9928500318275866,-91.96522566768675,-0.022079746749158687
1.062,0.6536709847329967,0.6410050394065084,-1.6111382875114713,9.732166052186104,9.408476668628332,-2.044379994574186,235.83510905390727,-0.012665945326488215
1.063,0.6520351683461754,0.644450757534686,-1.635816386821354,9.73006949945993,9.53597224319602,-2.096552726174039,127.49557456770316,-0.0075844108114894605
1.064,0.650374755714156,0.6501451026074089,-1.660412632019277,9.727920141095005,9.722024662674535,-2.1493583649245807,186.05241947849342,-0.0002296531067471314
1.065,0.6486898296047737,0.6492427982538774,-1.6849261093822787,9.725717354131493,9.739884501139729,-2.202786963511727,17.859838465195757,0.0005529686491037205
1.066,0.6469804736956791,0.6525408257375902,-1.7093559090945478,9.723460525640776,9.8660920198862,-2.2568284907169556,126.2075187464565,0.005560352041911123
1.067,0.6452467725703985,0.6464454626422922,-1.7337011252806047,9.721149052807657,9.75171203288016,-2.311472833119055,-114.37998700605172,0.001198690071893687
1.068,0.6434888117143602,0.635554344412844,-1.7579608560383064,9.718782343010853,9.518458467298078,-2.3667097968047557,-233.2535655820559,-0.007934467301516236
1.069,0.6417066775108886,0.6346177413662034,-1.782134203471671,9.716359813901786,9.537763749780373,-2.4225291090669288,19.305282482296697,-0.007088936144685246
1.07,0.639900457237165,0.6187123913877511,-1.8062202737235205,9.713880893481608,9.187484123192798,-2.4789204201773885,-350.279626587536,-0.02118806584941388
1.071,0.6380702390601571,0.6363788583342097,-1.830218177007942,9.711345020176537,9.668795603321263,-2.5358733050708793,481.3114801285178,-0.0016913807259474314
1.072,0.6362161120325146,0.6410646983542434,-1.8541270276425654,9.708751642911366,9.830996686714034,-2.5933772651711706,162.20108339275325,0.0048485863217288105
1.073,0.634338166088434,0.6396347352989958,-1.8779459440806558,9.706100221181288,9.839294197051094,-2.651421730078596,8.2975103370613,0.0052965692105618805
1.074,0.6324364920394909,0.6312222420583308,-1.9016740489430208,9.703390225121904,9.673102430626972,-2.7099960593837125,-166.19176642410332,-0.0012142499811602057
1.075,0.6305111815704412,0.6287693622421596,-1.9253104690497307,9.700621135577482,9.6573243813926,-2.769089544422343,-15.778049234373942,-0.0017418193282815707
1.076,0.6285623272349895,0.6379253239991723,-1.9488543354516505,9.6977924441674,9.931862346513624,-2.828691410082129,274.53796512099285,0.00936299676418284
1.077,0.6265900224515277,0.6267439043197485,-1.9723047834617842,9.694903653350831,9.698710663084093,-2.888790816568232,-233.15168342955675,0.0001538818682207282
1.078,0.6245943614988413,0.6319726060511658,-1.995660952686426,9.691954276489602,9.874961581569735,-2.9493768612294247,176.25091848562295,0.007378244552324542
1.079,0.6225754395117852,0.6284004512807756,-2.0189219870561237,9.688943837909246,9.832782451408132,-3.0104385803557676,-42.17913016160789,0.005825011768990426
1.08,0.6205333524769288,0.6226649220018211,-2.042087034856447,9.685871872958254,9.738180056894043,-3.0719649509922675,-94.60239451407844,0.002131569524892371
1.081,0.6184681972281701,0.6315324170074345,-2.065155248758564,9.682737928065482,10.005084789038502,-3.133944892772078,266.9047321444885,0.013064219779264299
1.082,0.6163800714423205,0.6106530906277132,-2.0881257858496207,9.679541560795753,9.540830283934481,-3.196367269728384,-464.2545051039693,-0.005726980814607332
1.083,0.6142690736346577,0.6106803079541547,-2.1109978076629297,9.676282339903604,9.589507666672048,-3.2592208921489174,48.677382737572856,-0.0035887656805029576
1.084,0.6121353031544498,0.6040554836144739,-2.1337704802079562,9.6729598453852,9.478990495047528,-3.322494518403829,-110.51717162450821,-0.008079819539975809
1.085,0.6099788601804497,0.6020070023152609,-2.156442974000112,9.669573668528402,9.478857794846153,-3.3861768567984285,-0.13270020137491698,-0.007971857865188713
1.086,0.6077998457163594,0.623359741840703,-2.1790144640903457,9.666123411960978,10.04426181513046,-3.450256567424148,565.4040202842434,0.015559896124343654
1.087,0.6055983615862648,0.6231915211031489,-2.201484130094537,9.662608689696967,10.089336756656794,-3.514722264011283,45.07494152633881,0.017593159516884123
1.088,0.6033745104300421,0.6036035564657048,-2.2238511562226884,9.659029127181167,9.664486101358063,-3.579562515799495,-424.85065529868257,0.00022904603566273243
1.089,0.6011283956987342,0.6068108037282594,-2.2461147313079146,9.655384361331766,9.790874357781709,-3.6447658494012103,126.3882564236593,0.005682408029525186
1.09,0.598860121649899,0.6106133474519236,-2.2682740488352313,9.651674040581101,9.932271133368555,-3.7103207506650193,141.39677558683078,0.01175322580202464
1.091,0.5965697933429288,0.6046444453981535,-2.2903283069701375,9.647897824914537,9.839356050587357,-3.7762156665639424,-92.91508278120865,0.008074652055224757
1.092,0.5942575166343418,0.6063110164248142,-2.3122767085869955,9.644055385907489,9.929702514009719,-3.8424390070481707,90.34646342235197,0.01205349979047239
1.093,0.5919233981730446,0.5792937315218898,-2.3341184612972037,9.640146406760522,9.34816241304041,-3.9089791469670843,-581.5401009693738,-0.012629666651154864
1.094,0.5895675453955674,0.5831737530425624,-2.3558527774771614,9.63617058233261,9.488160776752848,-3.975824427911334,139.99836371242256,-0.0063937923530050945
1.095,0.5871900665212714,0.5917166144247115,-2.3774788742960293,9.632127619172493,9.737463490175045,-4.042963160117097,249.30271342222537,0.004526547903440088
1.096,0.5847910705475281,0.5991444397156456,-2.398995973743279,9.62801723554813,9.963454758860877,-4.110383624363223,225.99126868580612,0.014353369168117422
1.097,0.5823706672448721,0.5834092428602354,-2.4204033026560334,9.623839161474283,9.647738420128615,-4.178074073847071,-315.71633873229666,0.0010385756153634038
1.098,0.5799289671521258,0.5713446048701513,-2.4417000927461956,9.619593138738193,9.424511536399457,-4.246022736090538,-223.2268837291328,-0.008584362281974517
1.099,0.5774660815714985,0.5739209857836023,-2.4628855806273684,9.615278920923375,9.534707863697529,-4.314217814817667,110.19632729808363,-0.0035450957878961774
1.1,0.5749821225636569,0.5683763016367507,-2.4839590078415608,9.61089627343151,9.461809562557722,-4.382647491864233,-72.89830113979862,-0.006605820926906233
1.101,0.5724772029427712,0.5638939551467066,-2.5049196208856794,9.606444973502438,9.413913562250602,-4.451299929073116,-47.89600030712465,-0.00858324779606459
1.102,0.5699514362715333,0.5849632685307513,-2.525766671237809,9.601924810232266,9.94415108906053,-4.520163270171906,530.2375268098675,0.015011832259217971
1.103,0.56740493685615,0.5611489084760246,-2.5464994153832734,9.597335584589565,9.45797154182788,-4.5892256427002565,-486.1795472327038,-0.006256028380125369
1.104,0.5648378197413095,0.5650420346807382,-2.567117114840486,9.592677109429687,9.597231701820691,-4.658475159878606,139.26015999279647,0.00020421493942865453
1.105,0.562250200705123,0.5838744450268518,-2.58761903618658,9.587949209507165,10.077167327012594,-4.727899922521317,479.93562519195575,0.021624244321728787
1.106,0.5596421962540402,0.5714893809517907,-2.60800445108282,9.583151721486246,9.847671424689075,-4.797488020919616,-229.49590232349334,0.011847184697750441
1.107,0.5570139236177404,0.5603754333280633,-2.628272636299799,9.578284493949491,9.652427235645913,-4.867227536754726,-195.24418904318372,0.0033615097103229055
1.108,0.5543655007439979,0.548246670393437,-2.648422873742412,9.57334738740453,9.44017293019587,-4.937106544961267,-212.2543054500199,-0.006118830350560977
1.109,0.5516970462935233,0.5558000636136683,-2.6684544504746124,9.56834027428888,9.658036814747787,-5.007113115649275,217.8638845519414,0.004103017320144931
1.11,0.5490086796347794,0.5652254892213544,-2.6883666587439463,9.563263038972902,9.919937185516234,-5.077235315978257,261.90037076841844,0.01621680958657498
1.111,0.5463005208387736,0.5525309312155946,-2.7081587960058644,9.558115577760857,9.69325357428138,-5.147461212045457,-226.6836112348792,0.006230410376821042
1.112,0.5435726906738257,0.556188157043809,-2.7278301649478114,9.552897798890083,9.826759502645558,-5.217778870774126,133.50592836416303,0.012615466369983223
1.113,0.5408253106003127,0.5418062143068283,-2.7473800735130935,9.547609622528293,9.568571818929803,-5.288176361789354,-258.1876837157839,0.000980903706515551
1.114,0.5380585027653881,0.5432212402856234,-2.7668078349245198,9.54225098076898,9.652442419491713,-5.358641759313443,83.87060056190116,0.005162737520235223
1.115,0.5352723899976803,0.5332627834433127,-2.7861127677078197,9.536821817624965,9.494435118004489,-5.429163144015092,-158.00730148724148,-0.0020096065543676518
1.116,0.5324670958019655,0.5367360727543492,-2.805294195714835,9.531322089020053,9.621419806395618,-5.49972860491188,126.98468839111499,0.004268976952383665
1.117,0.529642744353819,0.5426472381783377,-2.824351448146484,9.52575176277884,9.801006905970947,-5.570326241212342,179.58709957534882,0.013004493824518711
1.118,0.5267994604942434,0.5124881535986197,-2.8432838595754992,9.520110818614647,9.22651843322351,-5.640944164193584,-574.4884727473722,-0.01431130689562382
1.119,0.5239373697242745,0.5233121848625198,-2.862090769968938,9.514399248115582,9.501475503159776,-5.711570499064678,274.9570699362956,-0.0006251848617546371
1.12,0.5210565981995641,0.5234592413756832,-2.8807715247104633,9.508617054728774,9.558154550523586,-5.782193386808743,56.67904736380334,0.0024026431761191808
1.121,0.5181572727249417,0.5124463793353076,-2.8993254746223944,9.50276425374274,9.386585832364245,-5.8528009860339125,-171.5687181593595,-0.005710893389634184
1.122,0.5152395207489542,0.5121591902276602,-2.917751975987529,9.496840872267901,9.43437165323211,-5.923381474838507,47.785820867860075,-0.0030803305212939625
1.123,0.5123034703583834,0.5201725627216647,-2.936050390570734,9.490846949215282,9.651221097544639,-5.993923052619365,216.84944431255184,0.007869092363281297
1.124,0.5093492502727431,0.5293657382748168,-2.954220085640304,9.48478253527336,9.895188836471533,-6.064413941921032,243.96773892686707,0.02001648800207367
1.125,0.506376989838754,0.5126715296767025,-2.9722604339890895,9.478647692883097,9.605263693058053,-6.134842390263628,-289.92514341351233,0.006294539837948497
1.1260000000000001,0.5033868190247986,0.5066479429019765,-2.990170813955389,9.472442496211144,9.537460459098872,-6.205196671952962,-67.80323395917294,0.003261123877177762
1.127,0.5003788684153551,0.48486441658873375,-3.0079506094436104,9.466167031121238,9.16444316779458,-6.275465089906618,-373.0172913043328,-0.015514451826621334
1.1280000000000001,0.49735326920541034,0.5166287229436336,-3.025599209944697,9.459821395143784,9.84562350045779,-6.345635977453412,681.180332663134,0.019275453738223217
1.129,0.494310153194854,0.4950795454751862,-3.0431160105563193,9.453405697443664,9.468431751601974,-6.415697700120404,-377.19174885585784,0.0007693922803321727
1.1300000000000001,0.49124965278285115,0.49091136502588617,-3.0605004120028303,9.446920058786215,9.440361646502645,-6.485638657448334,-28.070105099326582,-0.00033828775696498315
1.131,0.48817190096219615,0.47698786932762716,-3.0777518206549854,9.440364611501456,9.227292142047514,-6.555447284759097,-213.06950445515443,-0.011184031634569006
1.1320000000000001,0.4850770313136467,0.48450866862816433,-3.0948696485494254,9.433739499446535,9.42286168865882,-6.625112054921445,195.56954661128444,-0.0005683626854823957
1.133,0.4819651780002388,0.4710038429611507,-3.1118533134079227,9.427044877966383,9.22085279956542,-6.6946214801522075,-202.00888909342135,-0.010961335039088072
1.1340000000000001,0.4788364757615824,0.47954658824754426,-3.128702238656389,9.420280913852647,9.433714625454156,-6.76396411373581,212.86182588871154,0.0007101124859618726
1.135,0.47569105990813876,0.4803542144029155,-3.145415853443644,9.41344778530086,9.501448865782727,-6.833128551786416,67.73424032857847,0.004663154494776734
1.1360000000000001,0.4725290663154788,0.47284142382244193,-3.1619935926599463,9.40654568186585,9.412374543291282,-6.902103435010076,-89.07432249143524,0.0003123575069631168
1.137,0.4693506314185235,0.472147172541492,-3.178434896955284,9.39957480441545,9.451546904055599,-6.970877450401147,39.17236076432116,0.0027965411229684857
1.1380000000000001,0.4661558922057661,0.4576376206448261,-3.194739212757425,9.39253536508247,9.23720508318458,-7.039439332979569,-214.3418208709944,-0.008518271560939969
1.139,0.46294498621347635,0.4772425860948183,-3.210905992289726,9.38542758721496,9.650770435354708,-7.107777867510379,413.56535217017347,0.014297599881341952
1.1400000000000001,0.45971805151988765,0.4531858119846745,-3.226934693588702,9.378251705324784,9.260540749043741,-7.175881890175262,-390.2296863109232,-0.006532239535213168
1.141,0.4564752267393663,0.43829208930562946,-3.2428247805213535,9.371007965034487,9.049857412030809,-7.243740290297396,-210.68333701295583,-0.01818313743373682
1.1420000000000001,0.45321665101656405,0.451341614955756,-3.258575722802249,9.363696623022488,9.330217358236414,-7.311342011998789,280.35994620557386,-0.0018750360608080605
1.143,0.4499424640205537,0.4423050469092824,-3.274186996010368,9.35631794696661,9.22180577167423,-7.378676055877165,-108.41158656219591,-0.00763741711127128
1.1440000000000001,0.446652805938948,0.43655503001586127,-3.2896580816056975,9.348872215485958,9.172829368365894,-7.44573148065264,-48.97640330833027,-0.010097775923086734
1.145,0.4433478174720024,0.4397990397026268,-3.304988466945589,9.341359718081133,9.279495222993933,-7.512497404825069,106.66585462805077,-0.003548777769375598
1.1460000000000001,0.44002763982670157,0.4429396635001897,-3.3201776453008676,9.33378075507283,9.384534636892454,-7.5789630083029635,105.0394138985087,0.002912023673488114
1.147,0.43669241471082987,0.42487418836383767,-3.3352251158716952,9.326135637538798,9.125147280275058,-7.6451175340324085,-259.387356617424,-0.01181822634699219
1.1480000000000001,0.43334228432702665,0.43196683369994143,-3.3501303838031946,9.318424687249218,9.294931278936616,-7.710950289579799,169.78399866153867,-0.0013754506270852412
1.149,0.42997739136682583,0.44424463965491245,-3.364892960200821,9.310648236600446,9.556850310581956,-7.776450648771416,261.9190316453683,0.014267248288086641
1.1500000000000001,0.4265978790046803,0.4334253001211994,-3.379512362145492,9.302806628547204,9.418710138608576,-7.84160805324241,-138.140171973364,0.0068274211165190515
1.151,0.42320389089197186,0.4216841225359254,-3.39398811270847,9.294900216533184,9.269554399971401,-7.906412014019537,-149.15573863719132,-0.0015197683560464596
1.1520000000000001,0.41979557115100585,0.42107295315651516,-3.408319740965996,9.286929364420097,9.308131452341636,-7.970852113087901,38.577052370230135,0.00127738200550929
1.153,0.4163730643689922,0.41517420535211047,-3.422506782013679,9.278894446415169,9.259216272386182,-8.034918004927505,-48.91517995545952,-0.0011988590168817376
1.154,0.41293651559201155,0.41245870836005666,-3.4365487769806347,9.270795846997128,9.263011101634945,-8.09859941804092,3.794829248763483,-0.00047780723195490414
1.155,0.40948607031896816,0.4168098542415171,-3.450445273043378,9.262633960840647,9.382088009639089,-8.161886156480946,119.07690800413117,0.00732378392254898
1.156,0.4060218744955287,0.4050966351232653,-3.464195823439467,9.2544091927393,9.239595335386033,-8.224768101346314,-142.49267425307158,-0.0009252393722633691
1.157,0.4025440745080478,0.37849968234362286,-3.477799987480898,9.246121957527029,8.875425096076821,-8.287235212272037,-364.17023930917134,-0.024044392164424964
1.158,0.39905281717748053,0.3988376830891748,-3.4912573305672496,9.237772679998114,9.234384376798882,-8.349277528914456,358.9592807221007,-0.00021513408830575907
1.159,0.39554824975328196,0.38665344830099413,-3.5045674241985805,9.229361794825731,9.092025681098612,-8.410885172382976,-142.35869570025454,-0.008894801452287852
1.16,0.3920305199072939,0.3985432403748376,-3.5177298459880744,9.220889746479003,9.322522706628138,-8.472048346728656,230.49702552955205,0.006512720467543749
1.161,0.38849977572761946,0.3823966022023502,-3.530744179674436,9.212356989138671,9.119485702101276,-8.532757340331543,-203.03700452683987,-0.0061031735252692326
1.162,0.3849561657124854,0.3864403365374111,-3.543610015134038,9.203763986611332,9.226363094555637,-8.593002527339522,106.87739245437311,0.0014841708249256952
1.163,0.3813998387640926,0.40317263136279935,-3.556326948392814,9.195111212242264,9.53230296339725,-8.652774369068084,305.9398688415782,0.021772792598706722
1.164,0.3778309441824547,0.3673620513221568,-3.5688945816379025,9.1863991488269,9.03240675849477,-8.712063415362792,-499.8962049025355,-0.010468892860297887
1.165,0.3742496316592257,0.36300323184990646,-3.5813125232290397,9.177628288520904,9.013961813939284,-8.770860305997275,-18.444944555483,-0.01124639980931924
1.166,0.370656051271516,0.3565408325460769,-3.5935803877096992,9.168799132748903,8.966185173800758,-8.829155772000163,-47.77664013853127,-0.014115218725439136
1.167,0.36705035347569803,0.34310176434912665,-3.6056977958179814,9.159912192111904,8.82420467911667,-8.886940636999796,-141.9804946840718,-0.02394858912657138
1.168,0.3634326891012008,0.34464794935313964,-3.6176643744972496,9.150967986293361,8.888414588556547,-8.944205818542272,64.20990943988333,-0.018784739748061184
1.169,0.3598032093442943,0.36344865242673047,-3.6294797569065134,9.14196704396397,9.194010918730758,-9.000942329391748,305.59633017417684,0.003645443082436215
1.17,0.3561620657618637,0.3497814239366329,-3.6411435824305607,9.132909902685148,9.043997152267229,-9.057141278821845,-150.01376646354512,-0.006380641825230785
1.171,0.35250941026517385,0.3338278148667229,-3.6526554966898366,9.123797108811276,8.870703453844301,-9.112793873871539,-173.29369842290825,-0.018681595398450924
1.172,0.3488453951136238,0.3340189725495379,-3.664015151550068,9.114629217390672,8.91478086771741,-9.16789142060459,44.07741387311278,-0.014826422564085888
1.173,0.34517017290849217,0.35134271465755573,-3.675222205131636,9.105406792065324,9.190270681781387,-9.222425325347672,275.4898140639466,0.006172541749063566
1.174,0.3414838965866735,0.33373118662931134,-3.6862763218186934,9.096130404969426,8.992800646851158,-9.276387095898286,-197.47003493025028,-0.007752709957362186
1.175,0.33778671941440547,0.3341182929417719,-3.697177172268032,9.08680063662671,9.038146760984606,-9.329768342714928,45.34611413344284,-0.00366842647263356
1.176,0.33407879498098775,0.33738337914267874,-3.7079244334176926,9.077418075846591,9.121217470721732,-9.382560780119675,83.07070973713442,0.00330458416169097
1.177,0.33036027719249245,0.343924249644363,-3.71851778849532,9.067983319619145,9.248517664322872,-9.434756227445718,127.30019360112618,0.013563972451870573
1.178,0.32663132026546615,0.3460415622108683,-3.7289569270262697,9.058496973008968,9.316226757237837,-9.486346610177776,67.70909291497276,0.019410241945402144
1.179,0.3228920787206247,0.33321653166839127,-3.739241544841454,9.04895964904788,9.182672308791332,-9.537323961087196,-133.55444844649006,0.010324452947766573
1.18,0.31914270737653977,0.32057879795108474,-3.749371344084937,9.03937196862654,9.057506340751083,-9.587680421340394,-125.1659680402635,0.001436090574544966
1.181,0.3153833613433185,0.3172250598395092,-3.759346033221274,9.029734560384963,9.052732198906096,-9.637408241577106,-4.774141844986167,0.001841698496190692
1.182,0.31161419601627594,0.3296358965369553,-3.7691653270425967,9.020048060601974,9.248162591273985,-9.686499782988633,195.4303923679108,0.01802170052067935
1.183,0.3078353670696005,0.3221213503389215,-3.7788289466754437,9.01031311308361,9.18795713187168,-9.734947518364123,-60.20545940229775,0.014285983269320953
1.184,0.3040470304500132,0.30094199795039245,-3.7883366195873354,9.000530369050484,8.963450056176754,-9.782744033126178,-224.5070756949515,-0.003105032499620735
1.185,0.3002493423704201,0.30482668730500156,-3.7976880795930947,8.990700487024142,9.04537102283723,-9.829882026341608,81.92096666046716,0.004577344934581476
1.186,0.2964424593035592,0.2993119582466882,-3.806883066860913,8.980824132712435,9.01456863924247,-9.876354311707303,-30.802383594764233,0.0028694989431289624
1.187,0.2926265379756411,0.29315027788325165,-3.8159213279181587,8.97090197889389,8.976957863446154,-9.922153818544999,-37.610775796310904,0.0005237399076105654
1.188,0.28880173535998416,0.28380132504021544,-3.8248026156569357,8.960934705301165,8.904416410717014,-9.967273592724979,-72.54145272914857,-0.005000410319768703
1.189,0.28496820867064476,0.2717034546359985,-3.8335266893393802,8.950922998503536,8.805166456260883,-10.011706797628861,-99.24995445611938,-0.013264754034646282
1.19,0.28112611535604204,0.2757859002448361,-3.842093314602708,8.940867551788495,8.882162553397986,-10.055446715041327,76.99609713711158,-0.005340215111205941
1.191,0.27727561309257803,0.2618341390506552,-3.8505022634640027,8.930769065042428,8.76644707542073,-10.098486746066726,-115.71547797724284,-0.015441474041922799
1.192,0.2734168597782533,0.2856544909514136,-3.8587533143247508,8.920628244630446,9.05567816694208,-10.140820411981721,289.2310915213815,0.012237631173160303
1.193,0.26955001352627816,0.27491571708864,-3.8668462519751214,8.910445803275344,8.968112751199227,-10.182441355102156,-87.56541574284334,0.0053657035623618345
1.194,0.26567523265868015,0.25361560993170684,-3.8747808675979893,8.900222459935726,8.776606619257857,-10.22334333961794,-191.50613194139132,-0.012059622726973293
1.195,0.26179267569990744,0.27575097315080194,-3.882556958772705,8.889958939683329,9.038066055565109,-10.26352025239774,261.45943630722275,0.013958297450894486
1.196,0.2579025013704288,0.26681983749423643,-3.890174329478607,8.879655973579538,8.972018208190693,-10.302966103790112,-66.04784737442255,0.00891733612380763
1.197,0.2540048685803305,0.23491881564960715,-3.897632790098282,8.86931429855115,8.685115437447486,-10.341675028389119,-286.9027707431754,-0.01908605293072335
1.198,0.25009993642290995,0.2685140705521187,-3.9049321574205673,8.85893465726535,9.047440703926537,-10.379641285799934,362.32526647909054,0.01841413412920872
1.199,0.24618786416826666,0.25428699001007227,-3.9120722546433,8.848517798004009,8.928528881154362,-10.416859261340505,-118.9118227721613,0.008099125841805624
1.2,0.24226881125689084,0.2629105547155932,-3.9190529113758092,8.838064474537216,9.043900658011816,-10.453323466792952,115.37177685746718,0.020641743458702393
1.201,0.23834293729324968,0.22603171824619178,-3.925873963641157,8.827575445996166,8.714726031910576,-10.48902854105016,-329.17462610120344,-0.01231121904705791
1.202,0.23441040203937155,0.23971748632140405,-3.93253525387812,8.817051476745345,8.866719997651595,-10.523969250820997,151.99396574103548,0.005307084282032511
1.203,0.23047136540842864,0.23470215292924046,-3.939036630942921,8.806493336254098,8.845341092382617,-10.558140491246704,-21.378905268975952,0.004230787520811825
1.204,0.22652598745831792,0.2285445084424545,-3.9453779501107014,8.795901798967554,8.814033631072471,-10.59153728654394,-31.307461310149062,0.002018520984136581
1.205,0.2225744283852412,0.2242868099564419,-3.951559073076743,8.785277644176944,8.800382026536338,-10.624154790610518,-13.651604536131039,0.0017123815712006979
1.206,0.21861684851728375,0.22915031109797698,-3.957579867957433,8.774621655889339,8.867722396546297,-10.655988287604501,67.34037000996582,0.01053346258069324
1.207,0.21465340830799276,0.1997092100108224,-3.963440209290977,8.763934622696848,8.641703181797975,-10.687033192491313,-226.01921474829604,-0.01494419829717036
1.208,0.2106842683299549,0.1982632788804535,-3.969139978037855,8.753217337645237,8.652951371798833,-10.717285051610403,11.248190000859099,-0.012420989449501403
1.209,0.20670958926837388,0.19276750288632843,-3.974679061581027,8.74247059810206,8.632532203656735,-10.746739543177952,-20.419168142095703,-0.013942086382045448
1.21,0.202729531914648,0.19715288934260222,-3.9800573537258823,8.731695205624266,8.687676743659436,-10.775392477793133,55.14454000270671,-0.005576642572045757
1.211,0.19874425715994806,0.19268965022940487,-3.9852747546999368,8.720891965825373,8.674110466373191,-10.80323979889286,-13.56627728624308,-0.00605460693054318
1.212,0.1947539259887958,0.1984276669942321,-3.990331171152275,8.71006168824213,8.738573935904443,-10.830277583243841,64.46346953125826,0.0036737410054362997
1.213,0.19075869947264304,0.19342349627584987,-3.995226516152742,8.699205186200802,8.719413546393145,-10.856502041328042,-19.160389511295136,0.0026647968032068297
1.214,0.18675873876345217,0.18707203055113764,-3.9999607091908804,8.688323276683,8.690635095511011,-10.881909517800992,-28.778450882137435,0.0003132917876854694
1.215,0.18275420508727755,0.1759879040358055,-4.0045336761746135,8.677416780191155,8.62950267135612,-10.906496491845274,-61.13242415488455,-0.006766301051472059
1.216,0.17874525973784888,0.17432608510790018,-4.0089453494286795,8.666486520613608,8.635687750334492,-10.930259577547119,6.185078978373297,-0.004419174629948713
1.217,0.17473206407015607,0.18425671485128192,-4.01319566769281,8.655533325089353,8.723026471747398,-10.953195524255221,87.33872141289555,0.009524650781125868
1.218,0.1707147794940364,0.17835105145835056,-4.017284576119658,8.644558023872458,8.697174101237112,-10.975301216895161,-25.85237051028884,0.007636271964314161
1.219,0.16669356746776393,0.16770305728044163,-4.021212026272475,8.63356145019621,8.640224814636735,-10.996573676248289,-56.94928660037031,0.0010094898126777095
1.22,0.1626685894916414,0.15944297152468478,-4.024977976122537,8.62254444013693,8.602035227724915,-11.017010059278576,-38.189586911823824,-0.0032256179669566043
1.221,0.1586400071015951,0.174170113162077,-4.0285823900463145,8.611507832477574,8.713531442543987,-11.036607659356434,111.4962148190592,0.015530106060481925
1.222,0.1546079818627727,0.14866650938003942,-4.032025238822397,8.600452468571078,8.564884446570964,-11.055363906496751,-148.64699597303894,-0.005941472482733276
1.223,0.15057267536314453,0.15705921024027966,-4.035306499628168,8.589379192203493,8.628768091613303,-11.073276367584484,63.883645042331196,0.006486534877135137
1.224,0.1465342492071083,0.158070344298039,-4.03842615603622,8.578288849456925,8.647651393980958,-11.090342746568282,18.883302367657198,0.011536095090930707
1.225,0.14249286500909777,0.13983796598704903,-4.041384198010534,8.567182288572313,8.55238657024056,-11.106560884611483,-95.26482374038636,-0.0026548990220487383
1.226,0.13844868438719538,0.14670309294855463,-4.044180621902397,8.556060359812044,8.602521705554624,-11.12192876026974,50.13513531406863,0.00825440856135925
1.227,0.1344018689567493,0.12324498081208422,-4.046815430446077,8.54492391532246,8.488182827617775,-11.136444489583397,-114.33887793683581,-0.011156888144665074
1.228,0.13035258032399505,0.14047846477117396,-4.049288632754245,8.533773808996251,8.587906691553625,-11.150106326208942,99.72386393586096,0.010125884447178905
1.229,0.1263009800796819,0.1282973818120431,-4.051600244313153,8.522610896334752,8.53264395344019,-11.162912661498936,-55.26273811342989,0.001996401732361177
1.23,0.12224722979270435,0.10638037929269467,-4.053750286977559,8.511436034310204,8.43983007861316,-11.174862024548204,-92.81387482704018,-0.015866850500009674
1.231,0.11819149100373894,0.12488678157408188,-4.055738788965407,8.50025008122796,8.532375242181281,-11.185953082243572,92.54516356811168,0.006695290570342951
1.232,0.11413392521888668,0.10521119548263741,-4.057565784852258,8.48905389658868,8.450421161347581,-11.19618463927985,-81.95408083370928,-0.008922729736249267
1.233,0.11007469390332121,0.12289304573914431,-4.059231315565477,8.477848340950523,8.536794799051032,-11.20555563815806,86.3736377034413,0.01281835183582309
1.234,0.10601395847494305,0.09922409400903574,-4.060735428378169,8.466634275791373,8.439126927189285,-11.21406515914991,-97.6678718617575,-0.0067898644659073115
1.235,0.10195188029804018,0.10030459766758203,-4.062078176902869,8.455412563371112,8.44883598044791,-11.221712420260488,9.709053258623946,-0.0016472826304581593
1.236,0.0978886206769552,0.1007183560159354,-4.063259621084993,8.444184066593959,8.455277604200068,-11.228496777153651,6.441623752158775,0.0028297353389802045
1.237,0.09382434084975916,0.09050013677269969,-4.0642798271960325,8.4329496488709,8.420854800429781,-11.234417723057888,-34.422803770283096,-0.0033242040770594624
1.238,0.08975920198193264,0.09235496123702916,-4.065138867826516,8.421710173982245,8.431041382080414,-11.239474888656176,10.186581650633698,0.0025957592550965164
1.239,0.08569336516005394,0.0801600632717699,-4.0658368218787135,8.410466505940285,8.392351496704709,-11.243668041959864,-38.68988537570062,-0.005533301888284036
1.24,0.08162699138549483,0.08834526077096902,-4.06637377455911,8.399219508852152,8.421760093890594,-11.246997088132815,29.408597185888084,0.006718269385474187
1.241,0.0775602415681242,0.07761507876480117,-4.0667498173706225,8.387970046782813,8.388138015202735,-11.249462069338634,-33.62207868785539,5.48371966769713e-05
1.242,0.07349327652001962,0.07560410354143154,-4.066965048104584,8.37671898361829,8.382931283304137,-11.251063164523956,-5.2067318985985676,0.0021108270214119295
1.243,0.06942625694918714,0.041900454305840835,-4.067019570832481,8.365467182929091,8.304979198624528,-11.251800689198177,-77.95208467960018,-0.027525802643346302
1.244,0.0653593434532897,0.07697358275726973,-4.066913495897445,8.354215507833874,8.386846170177508,-11.25167509521674,81.86697155298907,0.011614239303980027
1.245,0.06129269651338418,0.061611066500427136,-4.066646939905513,8.342964820863406,8.34373719378744,-11.250686970468493,-43.108976390062786,0.0003183699870429528
1.246,0.05722647648766755,0.03940026742967807,-4.066220025716632,8.331715983824743,8.297715422920446,-11.24883703866253,-46.02177086699984,-0.017826209057989484
1.247,0.053160843605232114,0.054115581952284955,-4.065632882435437,8.32046985766579,8.322491565536398,-11.246126158953373,24.776142615949297,0.0009547383470528422
1.248,0.049095957959830336,0.05376788599563835,-4.064885645401779,8.309227302340126,8.318713422797284,-11.242555325663872,-3.778142739113893,0.0046719280358080125
1.249,0.045031979503649316,0.05573930644986233,-4.063978456181022,8.297989176672214,8.319287607399264,-11.238125667912158,0.5741846019801568,0.010707326946213016
1.25,0.04096906804109522,0.03014184841985339,-4.062911462554092,8.286756338222947,8.271558459905451,-11.232838449267035,-47.72914749381833,-0.010827219621241831
1.2510000000000001,0.03690738322258793,0.05237781443986608,-4.061684818507292,8.27552964315562,8.30279502754027,-11.226695067326986,31.236567634815472,0.015470431217278155
1.252,0.032847084538366045,0.031253549854046214,-4.060298684221882,8.264309946102264,8.262293653348484,-11.219697053356015,-40.50137419179036,-0.0015935346843198289
1.2530000000000001,0.02878833131230263,0.05273571582812697,-4.058753226063418,8.253098100030455,8.291634714664756,-11.211846071809362,29.341061316268394,0.023947384515824347
1.254,0.024731282695731775,0.02326877756056229,-4.057048616570853,8.241894956110537,8.240509257047622,-11.203143919917835,-51.1254576171399,-0.0014625051351694872
1.2550000000000001,0.020676097661286367,0.02747334892146818,-4.055185034445407,8.23070136358334,8.237161688555796,-11.193592527197538,-3.3475684918254505,0.006797251260181816
1.256,0.01662293499674717,0.012956837844099279,-4.0531626645391965,8.219518169628367,8.217377604011396,-11.183193954972026,-19.784084544401683,-0.0036660971526478914
1.2570000000000001,0.012571953298903538,0.0014132552734293004,-4.050981697843631,8.208346219232507,8.205265783065618,-11.17195039586072,-12.111820945776651,-0.011158698025474237
1.258,0.008523310967425961,0.019489913197471034,-4.048642331477577,8.197186355059271,8.203250435156914,-11.159864173235334,-2.0153479087048343,0.010966602230045072
1.2590000000000001,0.004477166198750674,0.013540623520464243,-4.046144768675287,8.186039417318582,8.189262898574547,-11.146937740688756,-13.987536582364724,0.00906345732171357
1.26,0.0004336769799765817,0.015819162527743312,-4.043489218774092,8.174906243637126,8.17984218730393,-11.133173681455943,-9.42071127061898,0.01538548554776673
1.2610000000000001,-0.00360699891722529,0.004962691294270905,-4.040675897201871,8.16378766892931,8.164016996366588,-11.118574707817075,-15.825190937340144,0.008569690211496195
1.262,-0.007644703942689567,-0.013376471129657872,-4.037705025464278,8.152684525268807,8.155062872563613,-11.103143660502468,-8.954123802975209,-0.005731767186968304
1.2630000000000001,-0.01167928077382131,-0.02830386169620223,-4.034576831131742,8.141597641760741,8.15471835282291,-11.086883508065526,-0.34451974070389163,-0.01662458092238092
1.264,-0.01571057232164755,-0.022216514648515113,-4.031291547826242,8.130527844414532,8.13539852261989,-11.069797346209498,-19.319830203020768,-0.0065059423268675615
1.2650000000000001,-0.019738421736855395,-0.026488616956523346,-4.027849415207846,8.11947595601738,8.125635409043689,-11.051888397151544,-9.763113576201095,-0.006750195219667952
1.266,-0.023762672415816418,-0.03191466919858427,-4.024250678961022,8.108442796008461,8.117402057900147,-11.033160008919296,-8.233351143542418,-0.008151996782767847
1.2670000000000001,-0.02778316800659714,-0.021959256409255355,-4.0204955907807225,8.097429180353807,8.091710820736967,-11.01361565465453,-25.691237163177018,0.005823911597341786
1.268,-0.031799752414955376,-0.028521756810755687,-4.01658440835824,8.086435921421927,8.082532815773684,-10.993258931879524,-9.178004963284481,0.00327799560419969
1.2690000000000001,-0.03581226981032221,-0.038509958548698334,-4.012517395366836,8.075463827860167,8.079421504453503,-10.972093561759877,-3.1113113201804836,-0.0026976887383761195
1.27,-0.03982056463176936,-0.038094737998449986,-4.008294821447148,8.064513704471818,8.06185940653355,-10.950123388349553,-17.562097919954823,0.0017258266333193746
1.2710000000000001,-0.043824481593961725,-0.0452807734860724,-4.003916962192361,8.053586352094012,8.056147776188217,-10.927352377805732,-5.7116303453324235,-0.0014562918921106772
1.272,-0.047823865693094894,-0.045696049469989335,-3.9993840991331653,8.042682567476422,8.038754599296146,-10.903784617589451,-17.393176892072898,0.0021278162231055577
1.2730000000000001,-0.05181856221281738,-0.0442979961441486,-3.9946965197224853,8.031803143160769,8.017534637771643,-10.879424315653807,-21.219961524500633,0.007520566068668775
1.274,-0.05580841673013737,-0.04621393394707554,-3.9898545173199844,8.020948867361158,8.001627109523916,-10.854275799610846,-15.90752824772854,0.009594482783061823
1.2750000000000001,-0.059793275121313716,-0.0666527193770468,-3.98485839117635,8.01012052384528,8.027241311807726,-10.828343515877137,25.614202283807305,-0.006859444255733075
1.276,-0.06377298356773108,-0.07884101122602419,-3.979708446417355,7.999318891816464,8.04173670694183,-10.801632028816677,14.495395134104959,-0.015068027658293119
1.2770000000000001,-0.06774738856175877,-0.05347326082547202,-3.9744049940277004,7.988544745796627,7.9543896170974415,-10.774146019836728,-87.34708984437844,0.014274127736286751
1.278,-0.07171633691259341,-0.07057118752856535,-3.9689483508346353,7.977798855510128,7.974582539531352,-10.745890286499638,20.192922433912578,0.001145149384028058
1.2790000000000001,-0.07567967575208477,-0.06462244081704537,-3.9633388394913607,7.96708198576853,7.936459495801094,-10.716869741597357,-38.12304373025395,0.011057234935039404
1.28,-0.07963725254054499,-0.09606838063470416,-3.9575767884602135,7.956394896356319,8.013382816587475,-10.68708941221086,76.92332078638978,-0.016431128094159163
1.281,-0.08358891507254063,-0.08688889761692284,-3.951662531995632,7.945738341917556,7.9568431037424,-10.656554438763344,-56.53971284508153,-0.003299982544382213
1.282,-0.08753451148266753,-0.08726372476938642,-3.9455964101269063,7.935113071843509,7.9341787550860365,-10.625270074046789,-22.664348656360595,0.00027078671328110537
1.283,-0.09147389025130824,-0.10588873834291225,-3.939378768640711,7.924519830161278,7.980676937843477,-10.593241682231636,46.49818275744601,-0.014414848091604014
1.284,-0.09540690021037167,-0.10056588174997654,-3.933009959063426,7.913959355423407,7.933916089603839,-10.560474737870251,-46.76084823963321,-0.00515898153960487
1.285,-0.09933339054901491,-0.09208867208795826,-3.9264903386432395,7.903432380598536,7.876058066537323,-10.526974824871083,-57.85802306652259,0.007244718461056651
1.286,-0.10325321081934695,-0.09246764096844842,-3.9198202703320386,7.892939632963064,7.851270934624791,-10.492747635471922,-24.787131912528682,0.010785569850898534
1.287,-0.10716621094211404,-0.09122542843357855,-3.913000122767089,7.882481833993881,7.820056231348666,-10.457798969182974,-31.21470327612907,0.015940782508535496
1.288,-0.11107224121236654,-0.11970807858782403,-3.906030270252503,7.87205969926216,7.9113995735037745,-10.422134731721044,91.34334215509864,-0.008635837375457488
1.289,-0.11497115230510703,-0.12898441640042496,-3.8989110927404926,7.861673938328227,7.929154670173244,-10.385760933933064,17.755096669471016,-0.014013264095317939
1.29,-0.11886279528091945,-0.11365798232483551,-3.891642975812419,7.851325254637531,7.827436328110315,-10.348683690696525,-101.71834206291679,0.005204812956083936
1.291,-0.12274702159157908,-0.11334251169929063,-3.8842263106596286,7.841014345417724,7.797187254744615,-10.310909219806597,-30.24907336570393,0.009404509892288436
1.292,-0.12662368308564315,-0.12469334788759433,-3.8766614940640833,7.830741901576868,7.821165895981252,-10.272443840856127,23.97864123663405,0.0019303351980488176
1.293,-0.13049263201402192,-0.14350719926293853,-3.8689489283787815,7.8205086076027825,7.890898413606899,-10.233293974085456,69.73251762565503,-0.013014567248916623
1.294,-0.1343537210355299,-0.12653262333800963,-3.861089021507975,7.810315141463542,7.770038912664301,-10.193466139240215,-120.85950094258438,0.007821097697520266
1.295,-0.13820680322241707,-0.13028111990008176,-3.8530821868871796,7.800162174509144,7.758158120114121,-10.152966954398046,-11.880792550181129,0.007925683322335316
1.296,-0.14205173206588007,-0.13651808417733682,-3.8449288434629807,7.79005037137437,7.759622237393866,-10.111803134774,1.4641172797443285,0.005533647888543254
1.297,-0.1458883614815527,-0.15075917726950003,-3.8366294156726375,7.779980389882826,7.808501878938952,-10.069981491544588,48.87964154509211,-0.004870815787947311
1.298,-0.1497165458149762,-0.1466760190062289,-3.8281843334234824,7.769952880952205,7.752164112466566,-10.027508930620321,-56.33776647237978,0.0030405268087473182
1.299,-0.15353613984704834,-0.1456290910931728,-3.8195940320721204,7.759968488500768,7.71327511241746,-9.984392451437785,-38.889000049110955,0.007907048753875537
1.3,-0.15734699879945177,-0.16293461927281952,-3.8108589524034273,7.750027849355059,7.7853533767926635,-9.940639145708197,72.07826437519574,-0.005587620473367761
1.301,-0.16114897834006112,-0.1795860592408558,-3.8019795406093477,7.740131593158875,7.864136450342356,-9.896256196184616,78.78307354970084,-0.018437080900794683
1.302,-0.16494193458832862,-0.16165618135464863,-3.7929562482674966,7.730280342283491,7.709097786434922,-9.851250875383855,-155.03866390741592,0.0032857532336800074
1.303,-0.16872572412064818,-0.16391729415127246,-3.7837895323195605,7.720474711739168,7.688902031660568,-9.805630544322597,-20.195754774356537,0.004808429969375717
1.304,-0.17250020397569768,-0.1723650575421075,-3.7744798550495045,7.710715309087932,7.709795317660911,-9.759402651236648,20.893286000340233,0.00013514643359016464
1.305,-0.17626523165975927,-0.16737401271169805,-3.76502768406158,7.701002734357666,7.64069211320191,-9.712574730265544,-69.1032044590086,0.008891218948061228
1.306,-0.18002066515201742,-0.18588699632034938,-3.7554334922581445,7.691337579957508,7.733708492772818,-9.665154400158471,93.01637957089805,-0.0058663311683319576
1.307,-0.1837663629098347,-0.18458918830486085,-3.745697757817278,7.68172043059456,7.687703232828854,-9.61714936294733,-46.00525994396927,-0.0008228253950261498
1.308,-0.1875021838740049,-0.19055411407464354,-3.735820964170218,7.672151863191953,7.69492699059915,-9.568567402607364,7.223757770295238,-0.003051930200638618
1.309,-0.1912279874739835,-0.18551391675724754,-3.7258035999785917,7.662632446808222,7.620139262158226,-9.519416383731105,-74.78772844093243,0.005714070716735954
1.31,-0.19494363363309497,-0.17898683916160865,-3.715646159111468,7.653162742558071,7.5353841796452405,-9.469704250150812,-84.75508251297576,0.015956794471486326
1.311,-0.19864898277371718,-0.20116106095326547,-3.7053491406222117,7.6437433035344755,7.663568458565355,-9.419439023595544,128.18427892012875,-0.0025120781795483003
1.312,-0.20234389582244233,-0.1817940040056235,-3.6949130487251547,7.634374674732181,7.478553512751437,-9.368628802294943,-185.01494581389784,0.02054989181681881
1.313,-0.2060282342152144,-0.19073849243060395,-3.684338392772076,7.625057392972568,7.5053102565681185,-9.317281759612328,26.75674381668475,0.01528974178461046
1.314,-0.20970185990244292,-0.20179489252095517,-3.673625687228499,7.615791986829933,7.551566692927221,-9.265406142635157,46.25643635909708,0.007906967381487735
1.315,-0.21336463535409272,-0.2074946132603161,-3.6627754516497997,7.606578976559156,7.5578141872243325,-9.213010270777033,6.247494297112488,0.005870022093776642
1.316,-0.21701642356474987,-0.19930819262845226,-3.6517882106571347,7.5974188740247985,7.451894074906007,-9.160102534357506,-105.92011231831368,0.01770823093629761
1.317,-0.22065708805866305,-0.22246213153272,-3.640664493913181,7.5883121826316104,7.604100578045073,-9.106691393188093,152.2065031390828,-0.0018050434740569492
1.318,-0.22428649289476074,-0.225406047564288,-3.6294048360977005,7.579259397256486,7.589197208194418,-9.05278537512455,-14.903369850653656,-0.0011195546695272496
1.319,-0.22790450267164367,-0.23853019102936504,-3.618009776882916,7.570261004181848,7.668092267424714,-8.99839307463779,78.89505923030507,-0.010625688357721364
1.32,-0.23151098253255237,-0.22678269258593026,-3.6064798609087134,7.561317481030488,7.518543693777617,-8.943523151359933,-149.54857364708045,0.0047282899466221115
1.321,-0.23510579817031002,-0.22165756725140345,-3.5948156377576623,7.5524292967018685,7.4311780638862,-8.888184328619708,-87.36562989142612,0.013448230918906567
1.322,-0.2386888158322399,-0.23336473501581026,-3.583017661929859,7.543596911309882,7.49398732002699,-8.832385391986719,62.809256140783,0.0053240808164296185
1.323,-0.24225990232505748,-0.23802901729322107,-3.571086492817593,7.5348207761220936,7.494709772126267,-8.776135187788192,0.7224520992768731,0.004230885031836423
1.324,-0.24581892501973732,-0.24782593725852742,-3.5590226946798413,7.526101333500462,7.54565797989152,-8.719442621631934,50.9482077652473,-0.002007012238790107
1.325,-0.2493657518563539,-0.24766986536259059,-3.546826836616582,7.5174390168435465,7.500800522111065,-8.662316656915081,-44.85745778045974,0.0016958864937633197
1.326,-0.2529002513488968,-0.26715100440196793,-3.534499492542941,7.508834250530218,7.6551239355541565,-8.604766313328405,154.3234134430738,-0.014250753053071092
1.327,-0.25642229259006,-0.24593399655144346,-3.522041241163162,7.50028744986486,7.396284293013161,-8.546800665357956,-258.8396425410241,0.010488296038616533
1.328,-0.25993174525600443,-0.26403139153973587,-3.5094526659444107,7.491799021024095,7.534200095495541,-8.488428840765394,137.91580248236423,-0.004099646283731439
1.329,-0.26342847961109483,-0.2744746126551692,-3.4967343550904038,7.483369361005013,7.600654787574179,-8.42966001908163,66.45469207864551,-0.011046133044074381
1.33,-0.2669123665126097,-0.2744268042543087,-3.4838869015148726,7.474998857574929,7.555295185541851,-8.370503430084497,-45.3596020323224,-0.007514437741699044
1.331,-0.27038327741542456,-0.278628802998782,-3.47091090281486,7.466687889222668,7.556045178427017,-8.310968352260417,0.7499928851660558,-0.008245525583357468
1.332,-0.27384108437666843,-0.26528829270407983,-3.4578069612438487,7.458436825111382,7.367418124362265,-8.25106411128651,-188.627054064731,0.008552791672588595
1.333,-0.27728566006035316,-0.26670402781050706,-3.4445756836847257,7.450246025032898,7.3366212406032645,-8.190800078483385,-30.796883759004086,0.010581632249846117
1.334,-0.28071687774197573,-0.29429415155234123,-3.431217681622584,7.442115839363628,7.596221464822326,-8.130185669270595,259.6002242190328,-0.013577273810365505
1.335,-0.2841346113130931,-0.27487171645239794,-3.417733571117359,7.434046609022003,7.331836653425089,-8.069230341624767,-264.3848113972662,0.009262894860695144
1.336,-0.2875387352858694,-0.27865788391361124,-3.404123972776307,7.426038665427486,7.326783843447998,-8.007943594517286,-5.052809977090223,0.008880851372258134
1.337,-0.2909291247975957,-0.29672258808977753,-3.390389511726319,7.418092330461116,7.485295229298515,-7.946334966369761,158.51138585053417,-0.005793463292181854
1.338,-0.2943056556151818,-0.3091708189490462,-3.376530817586081,7.410207916427638,7.5872839441655024,-7.884414033477505,101.98871486697594,-0.014865163333864393
1.339,-0.29766820413961986,-0.30512254041663256,-3.36254852443807,7.402385726019175,7.491081983861066,-7.822190408463214,-96.20196030444721,-0.007454336277012717
1.34,-0.3010166474104203,-0.30735475059626,-3.3484432708004004,7.394626052280488,7.4707388760211035,-7.759673738687134,-20.343107839960016,-0.006338103185839743
1.341,-0.3043508631100188,-0.3009261118360662,-3.334215699598508,7.3869291785757945,7.346011316850883,-7.69687370469363,-124.72755917023412,0.003424751273952598
1.342,-0.3076707295681555,-0.3112474648456391,-3.3198664581366852,7.37929537855717,7.422992194173746,-7.633800018624015,76.98087732285445,-0.003576735277483593
1.343,-0.31097612576622496,-0.3312588388493154,-3.3053961980694604,7.371724916134518,7.628853130609553,-7.570462422652469,205.86093643582927,-0.020282713083090407
1.344,-0.3142669313415978,-0.3119308822913805,-3.2908055753728274,7.364218045447135,7.335342962168416,-7.506870687382872,-293.51016844110416,0.0023360490502172854
1.345,-0.3175430265919131,-0.332885444759172,-3.276095250315323,7.356775010836844,7.553755449410984,-7.443034610290944,218.41248724259196,-0.015342418167258886
1.346,-0.32080429247934206,-0.31174965563665,-3.261265887428955,7.349396046822719,7.236338814806568,-7.378964014125522,-317.4166346043803,0.00905463684269206
1.347,-0.32405061063482204,-0.33611909826067177,-3.246318155479985,7.342081378077385,7.499348588671575,-7.314668745333819,263.009773865036,-0.012068487625849724
1.348,-0.3272818633622616,-0.3342110123483841,-3.2312527274395606,7.334831219404934,7.425307515166294,-7.250158672451157,-74.04107350527293,-0.0069291489861224385
1.349,-0.33049793364271585,-0.3390406799944517,-3.2160702804542054,7.327645775720393,7.440548099664529,-7.185443684540438,15.240584498236744,-0.008542746351735827
1.35,-0.333698705138532,-0.33912443805283154,-3.2007714958161633,7.320525242030813,7.392584381931947,-7.1205336895801,-47.96371773257665,-0.005425732914299525
1.351,-0.3368840621974656,-0.3239039752853519,-3.1853570589335995,7.313469803417922,7.144164908850386,-7.055438612891152,-248.4194730815881,0.012980086912113673
1.352,-0.34005388985676627,-0.3315338106425594,-3.1698276593006622,7.306479635022402,7.193532268995969,-6.990168395519802,49.36736014557732,0.008520079214206881
1.353,-0.3432080738472337,-0.3371906783518219,-3.1541839904674003,7.299554902029722,7.218738073023481,-6.924732992680482,25.2058040275146,0.006017395495411771
1.354,-0.3463465005972432,-0.3431535532150836,-3.138426750009545,7.2926957596575885,7.2492391533946705,-6.859142372133142,30.5010803711864,0.003192947382159595
1.355,-0.3494690572367414,-0.36494693141285073,-3.1225566394981525,7.285902353144975,7.504171433394816,-6.793406512613842,254.93228000017396,-0.015477874176109336
1.356,-0.35257563160121047,-0.3577822170637333,-3.1065743644691106,7.279174817742746,7.352181048327332,-6.7275354022289235,-151.99038506746717,-0.005206585462522837
1.357,-0.35566611223560296,-0.36118373371543666,-3.0904806343925095,7.272513278705873,7.35058789184496,-6.661539036873165,-1.5931564823727462,-0.005517621479833714
1.358,-0.35874038839824485,-0.3685152489648231,-3.0742761626418793,7.265917851287236,7.406240381994655,-6.59542741863639,55.65249014968908,-0.009774860566578223
1.359,-0.3617983500647081,-0.35670743886004347,-3.0579616664632945,7.259388640733013,7.187185592170817,-6.529210554223397,-219.0547898238623,0.005090911204664666
1.36,-0.36483988793165245,-0.37225081376650215,-3.0415378669443482,7.252925742279657,7.360751654442803,-6.462898453356125,173.56606227196647,-0.0074109258348497
1.361,-0.36786489342063544,-0.37496297091092967,-3.0250054889829943,7.24652924115246,7.350607175369802,-6.396501127196252,-10.14447907300143,-0.007098077490294249
1.362,-0.3708732586818917,-0.3813170452366734,-3.0083652612562637,7.240199212565699,7.395264810899656,-6.330028586761571,44.657635529848584,-0.010443786554781722
1.363,-0.37386487659808054,-0.3944402032757187,-2.9916179161888516,7.233935721724354,7.545975661216074,-6.263490841345032,150.7108503164349,-0.02057532667763816
1.364,-0.37683964078800214,-0.3708871456991886,-2.974764189921579,7.227738823827414,7.139882763241886,-6.196897896940001,-406.092897974143,0.005952495088813526
1.365,-0.3797974456102819,-0.366489013463616,-2.957804822279729,7.221608564072761,7.025560662823995,-6.130259754653089,-114.32210041790307,0.01330843214666588
1.366,-0.38273818616702315,-0.3809906829765476,-2.9407405567412623,7.215544977663607,7.189200661746456,-6.0635864091533875,163.63999892244274,0.0017475031904755475
1.367,-0.38566175830742805,-0.39542815364309036,-2.9235721404049073,7.209548089816527,7.360127319126256,-5.996887847079968,170.9266573798189,-0.009766395335662292
1.368,-0.38856805863138616,-0.41561921758890075,-2.9063003239581326,7.203617915771035,7.6330285692714455,-5.930174045492009,272.90125014515854,-0.027051158957514563
1.369,-0.3914569844930312,-0.38972779366224064,-2.8889258616449975,7.1977544608007324,7.171090391018295,-5.863454970302939,-461.9381782532017,0.0017291908307905327
1.37,-0.3943284340042651,-0.38216548120946026,-2.871449511233888,7.191957720226012,7.005531575234722,-5.796740574720793,-165.55881578355448,0.012162952794804827
1.371,-0.3971823060382502,-0.39421001217208423,-2.8538720339851316,7.186227679428315,7.139796114999481,-5.730040797696567,134.26453976477384,0.0029722938661659805
1.372,-0.4000185002328687,-0.3907470879985395,-2.836194194618502,7.180564313865943,7.035846033134141,-5.6633655623716805,-103.95008186532797,0.009271412234329215
1.373,-0.4028369169941493,-0.3880551055299218,-2.818416761280607,7.1749675890914055,6.944200115888945,-5.596724774537876,-91.64591724520609,0.014781811464227525
1.374,-0.40563745749966146,-0.3943685169446769,-2.8005405055121635,7.169437460770311,6.991484155339744,-5.530128321094452,47.284039450794104,0.01126894055498455
1.375,-0.40842002370187663,-0.41283364659842287,-2.7825662022151634,7.163973874701797,7.235522663865279,-5.463586068514381,244.0385085255612,-0.00441362289654625
1.3760000000000001,-0.41118451833149655,-0.40066025287269036,-2.7644946296199286,7.158576766840479,6.9899235873897325,-5.397107861317529,-245.59907647551876,0.010524265458806189
1.377,-0.4139308449007486,-0.4061741484184392,-2.7463265692520573,7.153246063319935,7.027678925469303,-5.330703520543878,37.75533807957448,0.007756696482309422
1.3780000000000001,-0.4166589077066479,-0.4320291061574093,-2.7280628058992646,7.147981680477703,7.40546985278173,-5.264382842232074,377.7909273123846,-0.015370198450761438
1.379,-0.41936861183422597,-0.42342176386732544,-2.709704127578117,7.14278352488178,7.210211823722223,-5.198155595922849,-195.25802905952824,-0.004053152033099467
1.3800000000000001,-0.42205986315972666,-0.43629805545294564,-2.691251325500661,7.137651493358649,7.3788935448679585,-5.132031523131353,168.68172114571655,-0.014238192293219001
1.381,-0.4247325683537676,-0.42582534241516823,-2.6727051940409527,7.13258547302278,7.150932428500292,-5.066020335869226,-227.96111636769135,-0.001092774061400638
1.3820000000000001,-0.4273866348844691,-0.4216037559543958,-2.6540665307014826,7.127585341307641,7.030673551166151,-5.000131715139133,-120.25887733412763,0.005782878930073288
1.383,-0.4300219710205486,-0.44070171035200395,-2.6353361360795016,7.122650965998185,7.306207880998501,-4.934375309455952,275.5343298323806,-0.01067973933145535
1.3840000000000001,-0.43263848583438186,-0.453196425389629,-2.616514813833248,7.117782205264819,7.477251763479917,-4.868760733365285,171.04388248139685,-0.02055793955524718
1.385,-0.43523608920502993,-0.4222527091015979,-2.597603370648078,7.112978907698844,6.893220262909422,-4.803297565975306,-584.03150057056,0.01298338010343202
1.3860000000000001,-0.43781469182123245,-0.43404621933455617,-2.5786026162025006,7.108240912349348,7.043386086580689,-4.737995349495705,150.1658236712507,0.0037684724866762715
1.387,-0.44037420518436654,-0.42566266617078036,-2.5595133631341174,7.1035680487615736,6.852076015957852,-4.672863587774856,-191.31007062285806,0.014711539013586185
1.3880000000000001,-0.442914541611372,-0.4561512295672649,-2.5403364270054682,7.09896013701671,7.333869612747372,-4.607911744863635,481.7935967894658,-0.013236687955892895
1.389,-0.4454356142376418,-0.43483007345861213,-2.5210726262697882,7.0944169877731404,6.910137781557033,-4.5431492435694665,-423.73183119038555,0.01060554077902965
1.3900000000000001,-0.4479373370198784,-0.4271979804368847,-2.5017227822366723,7.089938402309109,6.7316768274902525,-4.478585464031681,-178.46095406676056,0.020739356582993747
1.391,-0.45041962473891606,-0.4303483988119669,-2.482287719037652,7.085524172566818,6.736572584075203,-4.414229742290665,4.8957565849511,0.020071225926949158
1.3920000000000001,-0.45288239300250777,-0.4549829976688634,-2.4627682635916845,7.081174081197933,7.118818060620814,-4.350091368885423,382.24547654556835,-0.0021006046663556237
1.393,-0.4553255582480783,-0.45263403036752387,-2.443165245570557,7.076887901610485,7.028649251817324,-4.286179587447592,-90.16880880350014,0.0026915278805544323
1.3940000000000001,-0.4577490377454425,-0.45928910054854616,-2.4234794973642027,7.072665398017175,7.100543010082967,-4.222503593309668,71.89375826563533,-0.0015400628031036485
1.395,-0.46015274959948843,-0.45016835755747886,-2.4037118540459406,7.068506325485062,6.889096601057533,-4.159072532113228,-211.4464090254577,0.009984392042009559
1.3960000000000001,-0.46253661275282604,-0.4521587199027031,-2.3838631533376264,7.064410429986623,6.877033816102692,-4.095895498439361,-12.062784954839572,0.010377892850122908
1.397,-0.4649005469884008,-0.4640307322091202,-2.363934235574729,7.0603774484521775,7.044428204147368,-4.032981534445312,167.39438804469464,0.0008698147792805417
1.3980000000000001,-0.4672444729320721,-0.4808353302643395,-2.3439259436713242,7.056407108823663,7.310751104455045,-3.970339628514452,266.3229003076472,-0.013590857332267376
1.399,-0.46956831205515714,-0.4621573955307619,-2.323839123085014,7.052499130109771,6.9162010492084125,-3.907978713892035,-394.5500552466762,0.007410916524395243
1.4000000000000001,-0.4718719866769389,-0.4765703788399027,-2.303674621781768,7.048653222442379,7.136614180200182,-3.8459076673920123,220.4131309917445,-0.004698392162963789
1.401,-0.4741554199671396,-0.46786694459705697,-2.2834332902006906,7.044869087134357,6.927936295300022,-3.7841353080221296,-208.67788490018302,0.006288475370082666
1.4020000000000001,-0.4764185359483583,-0.47378700044917565,-2.263115981218718,7.041146416738643,6.991788533013622,-3.722670395713834,63.85223771359345,0.002631535499182668
1.403,-0.47866125949847355,-0.4624247509325914,-2.242723550115239,7.037484895108635,6.735870750458808,-3.661521630007769,-255.9177825548422,0.01623650856588213
1.4040000000000001,-0.4808835163530102,-0.4695070202737533,-2.2222568545366497,7.033884197459871,6.820461617402696,-3.6006976487641396,84.59086694387827,0.011376496079256913
1.405,-0.48308523310747103,-0.4875951822497898,-2.201716754460838,7.030343990432993,7.116756705905393,-3.540207026878406,296.29508850273,-0.00450994914231876
1.4060000000000001,-0.48526633721963264,-0.48177615647672906,-2.1811041121616004,7.02686393215796,6.9602410805935175,-3.480058275032505,-156.5156253118583,0.0034901807429035575
1.407,-0.48742675701180566,-0.4697859198676786,-2.1604197921729935,7.0234436723195355,6.690126742175247,-3.420259838424755,-270.11433841830046,0.017640837144127074
1.408,-0.4895664216730593,-0.4949393172473285,-2.1396646612536228,7.020082852224001,7.124496289519805,-3.3608200955344003,434.3695473446062,-0.005372895574269202
1.409,-0.49168526126141016,-0.4873509015904132,-2.1188395883508653,7.0167811048671,6.933017873760523,-3.3017473569012523,-191.4784157592607,0.004334359670996949
1.41,-0.4937832067059752,-0.48187568757677324,-2.0979454445650343,7.013538055003213,6.78421430394523,-3.2430498638866823,-148.80356981530915,0.011907519129201957
1.411,-0.4958601898090887,-0.48329133994149026,-2.0769831031134816,7.010353319215723,6.767426655064083,-3.184735787490567,-16.787648881145042,0.012568849867598448
1.412,-0.49791614324838335,-0.4927300926175512,-2.055953439294643,7.007226505988575,6.90581550087084,-3.1268132271478066,138.38884580677228,0.005186050630832153
1.413,-0.49995100057883535,-0.5131529860100296,-2.034857330452026,7.004157215779017,7.26816881908686,-3.069290209557707,362.3533182159789,-0.013201985431194267
1.414,-0.5019646962347735,-0.5145745406499284,-2.013695655938142,7.001145041091512,7.254170147159463,-3.0121746875053645,-13.998671927398775,-0.012609844415154912
1.415,-0.5039571655318519,-0.50148255069593,-1.9924692970783844,6.998189566552789,6.949076914115065,-2.955474538723024,-305.0932330443633,0.0024746148359218872
1.416,-0.5059283446689867,-0.5020549152860415,-1.9711791371348548,6.995290368988037,6.918221550084203,-2.8991975647514323,-30.855364030865598,0.003873429382945199
1.417,-0.5078781707302569,-0.48240090961117527,-1.9498260612701368,6.99244701749824,6.494434700554081,-2.843351489797641,-423.786849530075,0.025477261119081586
1.418,-0.5098065816867678,-0.5184204362867578,-1.9284109565110215,6.989659073538596,7.164489206985721,-2.787943959643435,670.0545064317139,-0.008613854599989965
1.419,-0.5117135163984801,-0.5003352804204909,-1.9069347117121835,6.986926090998059,6.759622587081343,-2.732982540536888,-404.8666199043325,0.011378235977989107
1.42,-0.5135989146159998,-0.5058944533344925,-1.8853982175198116,6.984247616279944,6.82920309552395,-2.678474718114998,69.58050844261498,0.007704461281507327
1.421,-0.515462716982335,-0.5321779798867892,-1.8638023663351926,6.981623188383619,7.327288113487307,-2.624427896325443,498.08501796330097,-0.016715262904454162
1.422,-0.5173048650346133,-0.5254878572132655,-1.8421480522782525,6.979052338987232,7.147490258548691,-2.570849396386521,-179.79785493863545,-0.008182992178652275
1.423,-0.5191253012057643,-0.5174628794814226,-1.8204361711510555,6.976534592531506,6.942519065889945,-2.517746455726666,-204.97119265872337,0.0016624217243416837
1.424,-0.5209239688261655,-0.5258594442917921,-1.7986676204012608,6.974069466304526,7.0760495985443095,-2.465126226979919,133.53053265437924,-0.004935475465626606
1.425,-0.5227008121252511,-0.5242452618745115,-1.7768432990855414,6.971656470527559,7.003573894768987,-2.412995776966298,-72.4757037753142,-0.0015444497492603671
1.426,-0.524455776233084,-0.5197545109728766,-1.754964107832964,6.9692951084418695,6.872393170049171,-2.361362085689933,-131.1807247198307,0.004701265260207436
1.427,-0.5261888071818923,-0.5342832747680181,-1.733030948808334,6.966984876396502,7.136425393862941,-2.3102320453673997,264.0322238137409,-0.008094467586125777
1.428,-0.5278998519075678,-0.5232359477194882,-1.7110447256755026,6.964725263937048,6.867955832671293,-2.2596124594542744,-268.4695611916779,0.004663904188079587
1.429,-0.5295888582511284,-0.5359517009966538,-1.6890063435606444,6.962515753895336,7.096344964604236,-2.2095100417116598,228.3891319329172,-0.006362842745525312
1.43,-0.531255774960144,-0.5367022948010753,-1.666916709015499,6.960355822480091,7.075171986427996,-2.1599314152451754,-21.172978176241863,-0.005446519840931392
1.431,-0.5329005516901245,-0.5275320765959093,-1.644776729980585,6.958244939368476,6.8458714761025385,-2.110883111615003,-229.30051032543207,0.0053684750942152495
1.432,-0.5345231390058729,-0.5402576011886042,-1.6225873157483834,6.95618256779857,7.077841026332366,-2.062371569905963,231.9695502298529,-0.0057344621827312816
1.433,-0.5361234883827994,-0.5332515842775756,-1.6003493769264938,6.954168164662712,6.893546238412058,-2.0144031358579895,-184.29478792028743,0.0028719041052238602
1.434,-0.5377015522082002,-0.5217077401662766,-1.5780638254007642,6.952201180601714,6.61774016290345,-1.966984060998378,-275.80607550863795,0.015993812041923558
1.435,-0.5392572837824986,-0.5389864264621088,-1.555731574298397,6.950281060099961,6.944516220180306,-1.92012050175272,326.7760572768193,0.0002708573203897786
1.436,-0.5407906373204496,-0.5422513792133833,-1.5333535379510312,6.948407241581297,6.979635555118236,-1.8738185186641942,35.1193349379336,-0.0014607418929336363
1.437,-0.5423015679523074,-0.5349486734411946,-1.5109306318578022,6.946579157505788,6.790226712690339,-1.82808407550894,-189.40884242787538,0.007352894511112917
1.438,-0.5437900317249558,-0.5474457342701867,-1.4884637726483827,6.944796234467252,7.023540544862943,-1.7829230385357775,233.3138321726293,-0.003655702545230972
1.439,-0.5452559856030018,-0.5344278669633469,-1.4659538780460042,6.9430578932916065,6.712287891824253,-1.7383411756455303,-311.25265303865547,0.010828118639654912
1.44,-0.5466993874698323,-0.5595280114263055,-1.4434018668304611,6.941363549135961,7.221490069585649,-1.6943441556458438,509.20217776145296,-0.01282862395647321
1.441,-0.5481201961286334,-0.541934493953913,-1.4208086588010993,6.939712611588491,6.80661598905377,-1.6509375474695887,-414.8740805318327,0.006185702174720323
1.442,-0.5495183713033732,-0.5546391692747258,-1.3981751747397901,6.938104484769047,7.049713281480406,-1.6081268194438891,243.09729242666225,-0.005120797971352577
1.443,-0.5508938736397471,-0.5588811240483879,-1.3755023363738914,6.936538567430463,7.111507917079472,-1.565917338584022,61.7946355990597,-0.007987250408640765
1.444,-0.5522466647060863,-0.5345499840591968,-1.3527910663391975,6.935014253060608,6.555376105736944,-1.5243143698553396,-556.1318113425892,0.0176966806468895
1.445,-0.5535767069942292,-0.5620777879832424,-1.3300422881428797,6.933530929985099,7.120742900406593,-1.4833230755089133,565.366794669585,-0.008501080989013194
1.446,-0.5548839639203557,-0.5373169328047861,-1.3072569261264164,6.932087981470687,6.553357168278603,-1.442948514411846,-567.3857321280525,0.01756703111556958
1.447,-0.5561683998257841,-0.5495854528766031,-1.2844359054285188,6.930684785829314,6.787000736955831,-1.403195641373145,233.64356867720255,0.0065829469491810325
1.448,-0.5574299799777321,-0.5428997840650459,-1.2615801519480494,6.9293207165227875,6.613730107227524,-1.3640693065264387,-173.27062972832638,0.014530195912686233
1.449,-0.5586686705700391,-0.568436186574665,-1.2386905923069362,6.927995142268097,7.145304382750603,-1.325574254690487,531.5742755230195,-0.009767516004625892
1.45,-0.5598844387238522,-0.5478949554907581,-1.2157681538130862,6.926707427143297,6.664537128782246,-1.2877151247998597,-480.7672539684097,0.011989483233094168
1.451,-0.5610772524882754,-0.5465097493689091,-1.1928137644232955,6.925456930694011,6.606969196451197,-1.250496449285876,-57.567932331042954,0.014567503119366405
1.452,-0.5622470808409816,-0.5634112644623304,-1.1698283527061615,6.92424300804049,6.950110708391536,-1.213922653521493,343.1415119403769,-0.0011641836213487603
1.453,-0.5633938936887867,-0.5646840600909927,-1.146812847804996,6.923065009985203,6.951793617818557,-1.177998055286622,1.682909427020352,-0.0012901664022060596
1.454,-0.5645176618681874,-0.5399575288223898,-1.1237681794007415,6.921922283120981,6.38647536759939,-1.142726864221899,-565.318250219229,0.024560133045797607
1.455,-0.5656183571458623,-0.5638438781849331,-1.1006952776748933,6.920814169939669,6.881252710001866,-1.1081131813126532,494.7773424024208,0.001774478960929215
1.456,-0.5666959522191347,-0.570921979970732,-1.077595073272426,6.919740008941268,7.014638326930128,-1.0741609984004086,133.3856169282766,-0.0042260277515972595
1.457,-0.5677504207163995,-0.5740499592946343,-1.0544684972647294,6.918699134743556,7.060679622612968,-1.0408741977121494,46.041295682834615,-0.006299538578234882
1.458,-0.568781737197512,-0.5643229890065671,-1.0313164811125524,6.917690878192167,6.817963881990703,-1.0082565513886976,-242.71574062229115,0.004458748190944964
1.459,-0.569789877154141,-0.5664852392813045,-1.0081399566289584,6.9167145664711285,6.842594275950454,-0.9763117210388472,24.63039395974755,0.003304637872836497
1.46,-0.5707748170100833,-0.5689991779621982,-0.9849398559422914,6.915769523213791,6.8758207753116585,-0.9450432573379075,33.22649936120847,0.0017756390478849827
1.461,-0.5717365341215425,-0.5545219480940828,-0.9617171114591571,6.914855068614196,6.5321498369087205,-0.9144545995942721,-343.6709384028995,0.017214586027459625
1.462,-0.5726750067773699,-0.5759535156081622,-0.9384726558274175,6.913970519538809,6.988304210057745,-0.8845490753870422,456.15437314907456,-0.003278508830792253
1.463,-0.5735902141992691,-0.5688589522702646,-0.915207421899203,6.913115189638627,6.8064203001233095,-0.8553299001823333,-181.88390993441502,0.004731261929004555
1.464,-0.5744821365419631,-0.5598898567921917,-0.891922342693942,6.912288389461645,6.5855438159779816,-0.826800176981557,-220.87648414535224,0.014592279749771425
1.465,-0.5753507548933245,-0.5853904725760509,-0.8686183513614091,6.9114894265656455,7.141520577161567,-0.7989628959998996,555.9767611835235,-0.010039717682726419
1.466,-0.5761960512744694,-0.5658090952296477,-0.8452963811447951,6.910717605631309,6.676571954479602,-0.7718209343368088,-464.94862268201643,0.010386956044821634
1.467,-0.5770180086398132,-0.5586974973042641,-0.8219573653437985,6.9099722285756116,6.499260706016708,-0.7453770556971051,-177.3112484628744,0.018320511335549093
1.468,-0.577816610877091,-0.5913641468819177,-0.7986022372777406,6.909252594665514,7.221912155923781,-0.7196339100978832,722.6514499071529,-0.013547536004826671
1.469,-0.5785918428073398,-0.5895671873821734,-0.7752319302487058,6.908558000631901,7.161633367769165,-0.6945940336127165,-60.27878815460977,-0.01097534457483366
1.47,-0.5793436901848444,-0.5897278085437121,-0.7518473775047089,6.907887740783753,7.147517330102988,-0.6702598481478361,-14.116037666177972,-0.010384118358867697
1.471,-0.5800721396970473,-0.5985347600302455,-0.7284495122028888,6.907241107122571,7.336769680112123,-0.6466336611818946,189.25235000911402,-0.018462620333198225
1.472,-0.58077717896442,-0.5762501026321881,-0.7050392673727336,6.906617389456974,6.803224384480787,-0.6237176655972121,-533.5452956313952,0.00452707633223188
1.473,-0.5814587965402994,-0.6000203485752278,-0.6816175758793347,6.906015875517487,7.338898434561751,-0.6015139394870417,535.6740500809045,-0.018561552034928378
1.474,-0.5821169819106861,-0.5771285533144178,-0.6581853703866741,6.905435851071519,6.791287686391042,-0.5800244459681636,-547.6107481707694,0.004988428596268284
1.475,-0.582751725494007,-0.5682203082128723,-0.6347435833209452,6.9048766000384685,6.574733301283673,-0.5592510330503231,-216.55438510734524,0.01453141728113477
1.476,-0.583363018640841,-0.5995146354509023,-0.6112931468339082,6.904337404604968,7.281462619989659,-0.539195433500339,706.7293187060641,-0.016151616810061373
1.477,-0.5839508536336072,-0.5871156854775927,-0.5878349927662828,6.903817545340236,6.976975567012941,-0.51985926473197,-304.487052976684,-0.0031648318439855827
1.478,-0.5845152236862184,-0.6036950301623252,-0.5643700526111779,6.903316301311534,7.353165817523028,-0.501244028701997,376.1902505101281,-0.019179806476106693
1.479,-0.585056122943696,-0.5772645090572154,-0.5408992574775612,6.902832950199684,6.7240676959600565,-0.48335111184982793,-629.0981215629008,0.007791613886480646
1.48,-0.5855735464817498,-0.5929474148665405,-0.5174235380537694,6.902366768414655,7.073905594656082,-0.46618178502910723,349.83789869606363,-0.007373868384790708
1.481,-0.5860674903063208,-0.5887255854454206,-0.4939438245710606,6.901917031211191,6.9635568907518595,-0.44973720346419555,-110.34870390420978,-0.0026580951390998194
1.482,-0.586537951353088,-0.5859941682978592,-0.47046104676721023,6.90148301280445,6.888897232112658,-0.4340184067412878,-74.65965863920965,0.0005437830552287476
1.483,-0.5869849274869381,-0.5815337766486259,-0.44697613385015167,6.901063986485641,6.775329732608046,-0.4190263188084131,-113.56749950459894,0.005451150838312131
1.484,-0.5874084175013997,-0.5908759431679501,-0.42349001446166373,6.900659224737669,6.981308327249901,-0.40476174797277054,205.97859464187755,-0.003467525666550354
1.485,-0.5878084211180408,-0.5876574877425025,-0.40000361664110556,6.900267999350717,6.896765927403338,-0.3912253869513549,-84.54239984655341,0.00015093337553824627
1.486,-0.58818493898583,-0.5936512647584316,-0.37651786778920077,6.899889581537805,7.027410825709716,-0.3784178129118132,130.64489830639232,-0.0054663257726015515
1.487,-0.5885379726804619,-0.5873914065727209,-0.35303369463187223,6.899523242050249,6.872909246380637,-0.36633948755682155,-154.5015793290623,0.0011465661077410514
1.488,-0.588867524703646,-0.6005934009395242,-0.32955202318412874,6.899168251293047,7.174480305497611,-0.35499075720135664,301.5710591170077,-0.01172587623587822
1.489,-0.5891735984823601,-0.5885373167243906,-0.30607377871400504,6.898823879440175,6.884032185451428,-0.34437185287217176,-290.44812004615073,0.0006362817579695328
1.49,-0.5894561983680666,-0.6087783920300736,-0.2825998857065566,6.898489396549715,7.355501839079333,-0.3344828904596753,471.4696536279574,-0.0193221936620069
1.491,-0.5897153296358946,-0.59461729195684,-0.2591312678279105,6.898164072678887,7.012761113057089,-0.3253238708280648,-342.74072602220576,-0.0049019623209454275
1.492,-0.589950998483784,-0.5707977973965419,-0.23566884788937384,6.897847177998887,6.459004000292855,-0.31689468000006826,-553.7571127642955,0.019153201087242097
1.493,-0.5901632120315956,-0.5893676744120613,-0.21221354781160082,6.897537982909568,6.879015475377856,-0.3091950893194806,420.01147508495427,0.000795537619534275
1.494,-0.5903519783201844,-0.6029518045734124,-0.1887662885888204,6.897235758153907,7.194023059511417,-0.3022247556607738,315.00758413359534,-0.012599826253228023
1.495,-0.5905173063104375,-0.5879459973506745,-0.16532799025312545,6.89693977493228,6.837126157630842,-0.29598322162716073,-356.8969018805346,0.0025713089597629952
1.496,-0.5906592058822764,-0.6003828590853041,-0.14189957183882454,6.8966493050164726,7.125254608934842,-0.29046991580727877,288.1284513040316,-0.009723653203027734
1.497,-0.5907776878336233,-0.6072905759092418,-0.11848195134685871,6.89636362086348,7.286875583612993,-0.28568415299279337,161.62097467813265,-0.016512888075618563
1.498,-0.5908727638793325,-0.598237558616538,-0.09507604570928341,6.896081995729006,7.068949171777567,-0.2816251344741616,-217.9264118354496,-0.007364794737205485
1.499,-0.5909444466500864,-0.5835757525047707,-0.07168277075381774,6.895803703780701,6.724967165873321,-0.27829194830442106,-343.98200590420794,0.007368694145315756
1.5,-0.5909927496912548,-0.5871538307597087,-0.04830304116846203,6.895528020211081,6.806251344806362,-0.2756835696198223,81.28417893304992,0.003838918931546097
1.5010000000000001,-0.591017687461721,-0.5919875952808441,-0.024937770466185262,6.895254221350143,6.9179031094216885,-0.2737988609382569,111.65176461531428,-0.0009699078191231188
1.502,-0.5910192753326707,-0.6002851473840533,-0.0015878709496835036,6.894981584777626,7.112872334931214,-0.2726365725171931,194.9692255095467,-0.009265872051382571
1.5030000000000001,-0.590997529586347,-0.6017833170219883,0.021745746323789155,6.8947093894349285,7.148655903013673,-0.2721953426974011,35.78356808245563,-0.010785787435641249
1.504,-0.5909524674147695,-0.5774552895658113,0.045062171577515894,6.89443691573666,6.583145501065905,-0.27247369826888246,-565.5104019478305,0.013497177848958174
1.5050000000000001,-0.5908841069184192,-0.5884384014179336,0.06836049635033734,6.894163445681789,6.837230128446449,-0.2734700548705504,254.0846273805153,0.00244570550048562
1.506,-0.5907924671048876,-0.6003094912560673,0.09163981353159524,6.893888262964404,7.117646922244451,-0.2751827173854693,280.4167937980331,-0.00951702415117963
1.5070000000000001,-0.5906775678874916,-0.6117865760954596,0.11489921739599848,6.893610653084021,7.394647545324134,-0.2776098803822791,277.0006230796521,-0.02110900820796806
1.508,-0.5905394300838532,-0.6042390519523265,0.13813780363840986,6.893329903455501,7.2164215380393015,-0.2807496285202049,-178.22600728485236,-0.013699621868473271
1.5090000000000001,-0.5903780754144446,-0.5656267240443833,0.16135466940855256,6.893045303518461,6.328253619325646,-0.2845999370402197,-888.1679187135561,0.024751351370061403
1.51,-0.590193526501099,-0.6016827215417435,0.18454891334563484,6.892756144846247,7.163058922326903,-0.28915867221357416,834.8053030013491,-0.011489195040644466
1.5110000000000001,-0.5899858068654861,-0.5907539959340204,0.20771963561289167,6.892461721254394,6.910365803632583,-0.29442359185338773,-252.6931186942917,-0.0007681890685343862
1.512,-0.589754940927554,-0.5876541914995923,0.23086593793204208,6.892161328908612,6.843337549467694,-0.30039234578183027,-67.02825416489705,0.002100749427961705
1.5130000000000001,-0.5895009540039363,-0.5910769669182675,0.2539869236176608,6.891854266432209,6.928581157746775,-0.3070624764029972,85.24360827907196,-0.0015760129143311732
1.514,-0.5892238723063249,-0.5920061673608977,0.27708169761146295,6.891539835013011,6.9564133467414235,-0.31443141919851314,27.83218899465152,-0.002782295054572807
1.5150000000000001,-0.5889237229398084,-0.6026559088303087,0.3001493665165006,6.891217338509707,7.214209874099542,-0.3224965033039595,257.79652735809003,-0.013732185890500253
1.516,-0.5886005339011772,-0.59911121287328,0.3231890386312697,6.890886083557632,7.1373035933610876,-0.3312549520746444,-76.90628073846332,-0.010510678972102784
1.5170000000000001,-0.5882543340771934,-0.571367143894869,0.34619982398372623,6.890545379673973,6.5039974193353105,-0.34070388365936566,-633.3061740257061,0.01688719018232441
1.518,-0.5878851532428282,-0.5954490250029945,0.36918083436521026,6.89019453936235,7.066872064276954,-0.3508403116230241,562.874644941705,-0.0075638717601662145
1.5190000000000001,-0.587493022059464,-0.5790383415829151,0.39213118336427666,6.889832878216797,6.695151971600386,-0.36166114555236106,-371.720092676526,0.008454680476548841
1.52,-0.5870779720730636,-0.6040166676735367,0.41504998640043117,6.889459715025107,7.287709889544235,-0.3731631916901179,592.5579179439144,-0.016938695600473154
1.5210000000000001,-0.5866400357123058,-0.5893815462177261,0.43793636075777054,6.889074371871524,6.952715071783659,-0.3853431535834062,-334.99481776053824,-0.002741510505420271
1.522,-0.5861792462866873,-0.5835682276954416,0.46078942561852565,6.888676174238777,6.828388043132622,-0.39819763274628883,-124.32702865105087,0.002611018591245638
1.5230000000000001,-0.5856956379845908,-0.5753305237065921,0.483608302096506,6.888264451109432,6.650719479503973,-0.41172312934545374,-177.66856362862936,0.010365114277998654
1.524,-0.5851892458713204,-0.596416196416709,0.5063921132704446,6.887838535066549,7.14969544174379,-0.42591604288322316,498.9759622398723,-0.01122695054538857
1.5250000000000001,-0.5846601058871032,-0.5787056765813624,0.5291399842172423,6.8873977623936256,6.750660723614468,-0.44077267292319533,-399.0347181292779,0.00595442930574074
1.526,-0.584108254845058,-0.5802484467522794,0.5518510420451092,6.886941473173833,6.79822965086487,-0.4562892197927937,47.568927250407086,0.00385980809277863
1.5270000000000001,-0.5835337304291314,-0.5909102919437186,0.5745244159266032,6.886469011388493,7.057476855257631,-0.47246178533999483,259.2472043927326,-0.007376561514587213
1.528,-0.5829365711919998,-0.5781648958639616,0.5971592371315644,6.885979725014822,6.776616627890779,-0.48928637367051664,-280.86022736688307,0.004771675328038218
1.5290000000000001,-0.5823168165529399,-0.5912969809999333,0.6197546390599423,6.885472966122887,7.093509321807176,-0.5067588919356325,316.89269391636105,-0.008980164446993436
1.53,-0.5816745067956653,-0.5896352042126705,0.6423097572745173,6.884948090971793,7.069005202342545,-0.5248751510933403,-24.50411946463319,-0.007960697417005155
1.5310000000000001,-0.5810096830661319,-0.5811972460974681,0.6648237295335131,6.884404460105084,6.888707352093465,-0.5436308667094991,-180.29785024906022,-0.00018756303133631876
1.532,-0.5803223873703087,-0.607461640797115,0.6872956958230998,6.883841438445301,7.520146120209373,-0.5630216597829474,631.4387681159775,-0.027139253426806276
1.5330000000000001,-0.5796126625719189,-0.5807086815036379,0.7097247983897863,6.88325839538776,6.908361421512556,-0.5830430575404222,-611.7846986967485,-0.0010960189317189741
1.534,-0.5788805523901462,-0.5888811962361895,0.7321101817727012,6.8826547048934605,7.113176475864262,-0.6036904942998689,204.81505435172878,-0.010000643846043236
1.5350000000000001,-0.5781261013973105,-0.5927542791073105,0.7544509928357596,6.882029745581159,7.220119879696351,-0.624959312301776,106.94340383207692,-0.01462817770999997
1.536,-0.5773493550165107,-0.5815999379505952,0.7767463807997166,6.881382900818563,6.978622390312579,-0.6468447625955775,-241.49748938379818,-0.004250582934084376
1.537,-0.5765503595192366,-0.5689206704715439,0.798995497274105,6.880713558812678,6.708201010936796,-0.6693420058851984,-270.4213793758128,0.00762968904769263
1.538,-0.5757291620229475,-0.5797736437531065,0.821197496289056,6.880021112699228,6.9722705282529525,-0.6924461134500959,264.0695173161267,-0.004044481730158954
1.539,-0.5748858104886205,-0.5622272915545963,0.8433515343270024,6.8793049606312024,6.5951754782289385,-0.7161520680254441,-377.0950500240555,0.01265851893402429
1.54,-0.5740203537182663,-0.5856164940684828,0.8654567703542627,6.878564505866472,7.144003798200177,-0.7404547647302806,548.8283199711768,-0.011596140350216529
1.541,-0.5731328413524138,-0.5862562780385777,0.8875123658525054,6.87779915685447,7.178134568581683,-0.7653490120018702,34.13077038151012,-0.013123436686163881
1.542,-0.5722233238675637,-0.5567117185248561,0.9095174848500911,6.8770083273219615,6.531343300411899,-0.7908295325087522,-646.7912681697121,0.015511605342707546
1.543,-0.5712918525736104,-0.5673038403507188,0.9314712939532932,6.876191436357825,6.786560948890512,-0.8168909641366184,255.21764847864117,0.003988012222891591
1.544,-0.570338479611233,-0.5608883345735499,0.9533729623773939,6.875347908496895,6.66433068425485,-0.8435278609297825,-122.23026463564821,0.009450145037683034
1.545,-0.5693632579492554,-0.5776314332649423,0.9752216619776563,6.874477173802817,7.061675010468404,-0.8707346940779459,397.3443262135981,-0.008268175315686925
1.546,-0.5683662413819752,-0.560322161124122,0.9970165672801701,6.873578667949907,6.694361257148296,-0.8985058529100698,-367.3137533200667,0.00804408025785314
1.547,-0.5673474845264627,-0.5647505808322838,1.0187568555125706,6.872651832304029,6.814619552332233,-0.9268356458784766,120.25829518394985,0.0025969036941788865
1.548,-0.566307042819828,-0.5598212532450819,1.0404417066346292,6.871696114002444,6.727524265631096,-0.955718301584696,-87.09528670112745,0.006485789574746082
1.549,-0.5652449725164593,-0.5649917500488391,1.0620703033687149,6.870710966032654,6.865061578183154,-0.9851479697902121,137.5373125520732,0.00025322246762023826
1.55,-0.5641613306852292,-0.552098386671522,1.083641831230125,6.869695847310191,6.603899929987239,-1.0151187224627378,-261.16164819588505,0.012062944013707258
1.551,-0.563056175206672,-0.5695472599485146,1.1051554785572855,6.868650222755375,7.013769429069549,-1.0456245548162713,409.8694990823544,-0.006491084741842641
1.552,-0.5619295647701301,-0.5715670983935149,1.1266104365418166,6.867573563369021,7.083206895127088,-1.0766593863538176,69.43746605753121,-0.009637533623384794
1.553,-0.5607815588708717,-0.5755573145643604,1.1480058992584674,6.86646534630707,7.197891904412877,-1.1082170619509668,114.68500928580225,-0.014775755693488784
1.554,-0.5596122178071767,-0.5480062369709982,1.1693410636949133,6.865325054954144,6.611577554227521,-1.1402913529261482,-586.3143501852904,0.011605980836178562
1.555,-0.5584216026773953,-0.5658051839618979,1.1906151297814191,6.864152178996031,7.028003795468816,-1.1728759581126624,416.4262412413408,-0.007383581284502665
1.556,-0.5572097753769749,-0.56764198728684,1.211827300420365,6.862946214491051,7.09457974922585,-1.2059645049804502,66.57595375702617,-0.010432211909865074
1.557,-0.5559767985954592,-0.5653738599498777,1.2329767815156332,6.861706663940331,7.069706621291103,-1.2395505507196702,-24.87312793474946,-0.009397061354418408
1.558,-0.5547227358134573,-0.5591733496285194,1.2540627820018575,6.860433036356965,6.958290584565474,-1.2736275833660216,-111.41603672561648,-0.0044506138150620924
1.559,-0.5534476512995838,-0.5661603527905951,1.2750845138735316,6.85912484733405,7.140077789873459,-1.308189022915407,181.7872053080048,-0.012712701491011226
1.56,-0.5521516101073699,-0.5550561509554697,1.2960411922139758,6.8577816191115675,6.921261536217398,-1.343228222482118,-218.81625365603645,-0.002904540848099822
1.561,-0.5508346780721457,-0.5571070283221078,1.3169320352241631,6.856402880642161,6.993578507480014,-1.378738469406393,72.3169712626239,-0.00627235024996212
1.562,-0.5494969218078943,-0.5550096389635443,1.3377562642514003,6.854988167655728,6.9751768991175735,-1.414712986433031,-18.401608362438253,-0.005512717155649894
1.563,-0.5481384087040765,-0.5577333700406664,1.3585131038178653,6.853537022722867,7.062985759479389,-1.451144932860693,87.80886036182513,-0.009594961336589908
1.564,-0.5467592069224275,-0.5463914061919717,1.3792017816490003,6.852048995317154,6.844112617561816,-1.4880274057134102,-218.87314191754862,0.0003678007304558646
1.565,-0.5453593853937257,-0.5499680337083365,1.3998215287017568,6.850523641876239,6.950166750701555,-1.5253534409147562,106.05413313975123,-0.0046086483146107375
1.566,-0.543939013814533,-0.5427904934198872,1.4203715791926947,6.8489605258617745,6.824323407390518,-1.5631160144646827,-125.84334331102299,0.001148520394645805
1.567,-0.542498162643907,-0.5400048452771297,1.4408511706259324,6.847359217818121,6.79408262841771,-1.6013080436536598,-30.24077897281141,0.0024933173667774033
1.568,-0.5410369031000861,-0.5376349500160416,1.461259543820947,6.845719295429878,6.773284471724421,-1.6399223882430647,-20.798156693287222,0.0034019530840445227
1.569,-0.539555307157146,-0.5614482536649136,1.481595942940226,6.844040343578197,7.319838418480806,-1.6789518516810986,546.5539467564457,-0.02189294650776768
1.57,-0.5380534475416292,-0.543410356949415,1.501859615516765,6.842321954395885,6.956677184372435,-1.718389182311597,-363.16123410833103,-0.005356909407785719
1.571,-0.5365313977291478,-0.5444907939853147,1.522049812481416,6.840563727321284,7.010405485505602,-1.7582270746014927,53.72830113317365,-0.007959396256166908
1.572,-0.5349892319409577,-0.5272465700421995,1.5421657881900799,6.8387652691509135,6.676419501447599,-1.7984581703700542,-333.9859840579659,0.007742661898758141
1.573,-0.533427025140507,-0.5492039828888455,1.5622068004507463,6.836926194090899,7.174084191198682,-1.8390750600145722,497.66468975113804,-0.015776957748338573
1.574,-0.5318448530299567,-0.538989580514727,1.5821721105503779,6.835046123807137,6.986067261420224,-1.8800702837618033,-188.01692977843692,-0.007144727484770387
1.575,-0.530242792046675,-0.5331812963278073,1.6020609832816373,6.833124687474226,6.894807271984457,-1.9214363329114192,-91.25998943577713,-0.0029385042811322427
1.576,-0.5286209193597056,-0.5319828079209741,1.6218726869694593,6.831161521823137,6.901544267278821,-1.9631656510883388,6.736995294362692,-0.00336188856126848
1.577,-0.5269793128662081,-0.5170667195994636,1.6416064934974626,6.82915627118763,6.62487117897783,-2.005250635507494,-276.6730883010216,0.00991259326674451
1.578,-0.5253180511878739,-0.5297452449718333,1.6612616783342038,6.827108587549403,6.919309833103943,-2.047683638227049,294.43865412608073,-0.004427193783959414
1.579,-0.5236372136673146,-0.5139904140070257,1.680837520559272,6.825018130581972,6.627432877699621,-2.0904569674309315,-291.87695540435425,0.009646799660288944
1.58,-0.5219368803644254,-0.5365929434296909,1.700333302889221,6.822884567693269,7.129116281463109,-2.1335628887033664,501.6834037634313,-0.01465606306526548
1.581,-0.5202171320527221,-0.5383387119050616,1.7197483117033407,6.82070757406697,7.199358978735833,-2.176993626298973,70.2426972727321,-0.018121579852339385
1.582,-0.5184780502156529,-0.5062854912519156,1.739081837069267,6.8184868327025345,6.571855487625933,-2.2207413644350638,-627.50349110983,0.012192558963737261
1.583,-0.5167197170428844,-0.5123631690507305,1.758333172768425,6.816222034453952,6.727726246702461,-2.264798248582167,155.8707590765452,0.0043565479921538735
1.584,-0.5149422154265632,-0.5100650274737366,1.7775016163213115,6.813912878067197,6.715233553627399,-2.30915638675544,-12.49269307506078,0.004877187952826554
1.585,-0.5131456289575506,-0.5119136298110276,1.7965864690126094,6.811559070216381,6.7866309735135975,-2.3538078508158478,71.39741988620672,0.0012319991465229592
1.586,-0.5113300419216344,-0.5064868267417084,1.8155870359161375,6.80916032553862,6.711855775167473,-2.398744677760689,-74.77519834611586,0.00484321517992601
1.587,-0.5094955392957148,-0.5216539832643554,1.834502625919632,6.806716366667572,7.0541902559895355,-2.443958871048757,342.33448082210003,-0.012158443968640577
1.588,-0.5076422067439654,-0.49815691605944695,1.8533325517493617,6.80422692426568,6.615909008760446,-2.4894424018917505,-438.2812472290405,0.009485290684518479
1.589,-0.5057701306139708,-0.5110915719036339,1.872076129994573,6.801691737055106,6.908503948581484,-2.535187210574108,292.59493982107034,-0.005321441289663015
1.59,-0.5038793979328391,-0.4940226845184985,1.8907326811317655,6.799110551847338,6.604955006309742,-2.5811852077675113,-303.5489422717077,0.009856713414340587
1.591,-0.5019700964032903,-0.5010926690406737,1.909301529548798,6.796483123571484,6.7791103554062575,-2.627428275854271,174.15534909653428,0.0008774273626165445
1.592,-0.5000423143997215,-0.5197794558480049,1.9277820035688225,6.793809215301251,7.1911272451117005,-2.6739082702329497,412.0168897053969,-0.01973714144828346
1.593,-0.4980961409642474,-0.5109672836491922,1.9461734354740459,6.7910885982805915,7.047457480866988,-2.7206170206595104,-143.66976424472873,-0.01287114268494475
1.594,-0.4961316658027181,-0.48485468057424325,1.9644751615293194,6.788321051948032,6.569954701699317,-2.7675463325591565,-477.50277916761684,0.011276985228474893
1.595,-0.49414897928071255,-0.4955171548603273,1.982686522005554,6.785506363959664,6.812233983753039,-2.8146879883683695,242.27928205374832,-0.0013681755796147504
1.596,-0.4921481724195096,-0.49610288960705695,2.0008068612029613,6.782644330210826,6.859790161321614,-2.8620337488378667,47.55617756856979,-0.00395471718754737
1.597,-0.49012933689203547,-0.48770304855674257,2.018835527474118,6.7797347548564275,6.732903416622936,-2.909575354398619,-126.88674469869252,0.0024262883352929167
1.598,-0.4880925650187886,-0.492343511368296,2.0367718732468565,6.776777450329963,6.85904615288589,-2.95730452646481,126.14273626294025,-0.004250946349507425
1.599,-0.48603794976374165,-0.49148324034823176,2.0546152550469774,6.7737722373611815,6.8788418139552725,-3.0052129687812013,19.795661069384757,-0.0054452905844901076
1.6,-0.4839655847302209,-0.48294155325066224,2.072365033520783,6.770718944992431,6.7511742987198895,-3.0532923687500713,-127.66751523536871,0.0010240314795586353
1.601,-0.48187556415676347,-0.4804327396547005,2.0900205734574353,6.767617410593655,6.740210664060195,-3.1015343987768063,-10.963634659696062,0.0014428245020629696
1.602,-0.47976798291295236,-0.4646007965736635,2.107581243811131,6.764467479876063,6.481734555988364,-3.149930717591509,-258.4761080718016,0.015167186339288862
1.603,-0.47764293649522926,-0.4771869609974573,2.1250464177231008,6.7612690069044685,6.752674969169306,-3.1984729715945903,270.94041318097214,0.000455975497771998
1.604,-0.47550052102268586,-0.45670278893097604,2.142415472543425,6.758021854108283,6.4121256171008065,-3.247152796185482,-340.5493520684618,0.01879773209170979
1.605,-0.4733408332328332,-0.4553135061946908,2.1596877898526676,6.754725892291173,6.4242687286373,-3.2959618171100047,12.143111536495171,0.018027327038142412
1.606,-0.47116397047734987,-0.45399766869849606,2.176862755483331,6.751381000639396,6.437890705295562,-3.344891651776649,13.621976658259957,0.01716630177885379
1.607,-0.46897003071780874,-0.4583554260841014,2.1939397595411245,6.747987066728784,6.553690223030815,-3.393933910612823,115.79951773526562,0.010614604633707348
1.608,-0.4667591125213827,-0.46545363004047147,2.210918196426052,6.744543986530409,6.72052161805527,-3.443080198374915,166.83139502443643,0.0013054824809112242
1.609,-0.4645313150565294,-0.4631590497717808,2.227797464853312,6.7410516644149,6.7159229156797196,-3.4923221155089834,-4.598702375550774,0.001372265284748579
1.61,-0.4622867380886554,-0.4637123416037809,2.2445769678740177,6.7375100131554415,6.763567891588297,-3.541651259458156,47.64497590857175,-0.0014256035151254962
1.611,-0.46002548197575965,-0.46733666432448945,2.261256112895726,6.733918953929437,6.867753035040141,-3.591059226004667,104.18514345185585,-0.007311182348729782
1.612,-0.45774764766405684,-0.4584120502403731,2.277834311702784,6.730278416318842,6.742293650285187,-3.6405376105950182,-125.45938475494029,-0.0006644025763162673
1.613,-0.45545333668358035,-0.46186148549505956,2.294310980476486,6.726588338309169,6.842621129798195,-3.6900780096731367,100.32747951301907,-0.006408148811479247
1.614,-0.4531426511437653,-0.4367442795734508,2.310685539815045,6.722848666287172,6.434800382189356,-3.739672021996654,-407.8207476087933,0.016398371570314502
1.615,-0.4508156937290119,-0.44547173498094567,2.3269574147533736,6.719059355037212,6.624514011738736,-3.789311249960292,189.71362954940088,0.005343958748066282
1.616,-0.4484725676942292,-0.4529377897157812,2.3431260347826783,6.715220367736279,6.794670631415993,-3.8389873009325726,170.15661967723844,-0.00446522202155196
1.617,-0.44611337686035935,-0.46526931978425357,2.3591908338698615,6.711331675947738,7.055946578599821,-3.88869178854101,261.2759471838565,-0.019155942923894238
1.618,-0.44373822560988263,-0.44427147020711216,2.375151250476736,6.707393259613714,6.716740295555445,-3.9384163340239198,-339.2062830443383,-0.0005332445972295374
1.619,-0.4413472188823036,-0.4455097514341554,2.391006727579046,6.703405107046201,6.776273797976818,-3.988152567512948,59.533502421379566,-0.004162532551851781
1.62,-0.4389404621696183,-0.4497987284658807,2.406756712685298,6.699367214916842,6.889853872354834,-4.037892129359122,113.58007437800372,-0.010858266296262386
1.621,-0.43651806151176287,-0.44788230966544074,2.4224006578554,6.695279588245412,6.893669400206962,-4.087626671430478,3.815527852128107,-0.011364248153677895
1.622,-0.4340801234920438,-0.45658114080169365,2.437938019719107,6.691142240387004,7.0867314706836355,-4.137347858407914,193.06207047665208,-0.022501017309649863
1.623,-0.4316267552325495,-0.4259367575662543,2.453368259494274,6.686955193017898,6.590637044904868,-4.187047369105912,-496.0944257788218,0.005689997666295195
1.624,-0.42915806438954457,-0.42981509234012294,2.468690843004912,6.682718476120165,6.693858681010784,-4.236716897732862,103.2216361059044,-0.0006570279505783759
1.625,-0.4266741591488455,-0.4008637812263532,2.4839052406990567,6.678432127964952,6.256821044902955,-4.286348155212671,-437.0376361078778,0.025810377922492304
1.6260000000000001,-0.4241751482211791,-0.42448494206179305,2.4990109276664336,6.674096195094515,6.679285823941976,-4.335932870437098,422.4647790389742,-0.00030979384061396764
1.627,-0.42166114083752315,-0.4231434765919751,2.514007383655933,6.669710732302934,6.694429829433942,-4.385462791581141,15.14400549196793,-0.00148233575445196
1.6280000000000001,-0.4191322467444303,-0.40469040790667077,2.5288940930928874,6.665275802615584,6.430428289357854,-4.434929687350042,-264.0015400760587,0.014441838837759489
1.629,-0.41658857619933415,-0.4152481751990164,2.5436705450961514,6.660791477267319,6.638782361826834,-4.484325348265372,208.35407246900303,0.0013404010003177525
1.6300000000000001,-0.41403023996583915,-0.4123569091004928,2.558336233494986,6.6562578356794,6.62896208026976,-4.533641587918247,-9.82028155707294,0.0016733308653463965
1.631,-0.4114573493089934,-0.4151731072216613,2.5728906568457433,6.651674965435154,6.712305103167231,-4.582870244246529,83.34302289747993,-0.003715757912667876
1.6320000000000001,-0.40887001599054507,-0.41492265850431553,2.5873333184483536,6.647042962254385,6.7454650766619935,-4.632003180768507,33.15997349475881,-0.0060526425137704554
1.633,-0.40626835226418245,-0.391274379515205,2.601663726362615,6.642361929966539,6.406313878481907,-4.681032287846776,-339.15119818012414,0.014993972748977442
1.6340000000000001,-0.4036524708707582,-0.393647785791209,2.6158813934242806,6.637631980482615,6.480177483900648,-4.72994948392369,73.86360541873289,0.010004685079549184
1.635,-0.40102248503349724,-0.38386102050874205,2.62998583726095,6.632853233765858,6.366971017387954,-4.778746716756821,-113.20646651270664,0.017161464524755195
1.6360000000000001,-0.3983785084531895,-0.40187669724660396,2.643976580307757,6.628025817801202,6.683284623350347,-4.82741596465619,316.3136059623578,-0.0034981887934144723
1.637,-0.39572065530336664,-0.3954194169853383,2.6578531498228575,6.623149868563506,6.618445586672321,-4.8759492376957425,-64.83903667803318,0.00030123831802838635
1.6380000000000001,-0.39304904022546394,-0.40185678922673357,2.6716150779027177,6.618225529984568,6.756426264989315,-4.924338578938148,137.9806783169789,-0.008807749001269606
1.639,-0.39036377832396674,-0.38069219738490734,2.6852619014971983,6.613252953918918,6.466051154462291,-4.972576065649825,-290.375110527056,0.00967158093905938
1.6400000000000001,-0.3876649851615423,-0.4015960982527249,2.6987931624244386,6.608232300108439,6.825270534685852,-5.020653810479558,359.2193802235204,-0.013931113091182596
1.641,-0.38495277675415673,-0.37930741981636457,2.712208407385536,6.603163736145746,6.5179984933428585,-5.068563962693062,-307.27204134302707,0.005645356937792153
1.6420000000000001,-0.3822272695661777,-0.3712675532414276,2.725507187979024,6.598047437436427,6.435039284288708,-5.116298709318734,-82.95920905414138,0.010959716324750136
1.643,-0.3794885805054625,-0.36537652088922157,2.7386890607151453,6.592883587160069,6.385393300547451,-5.1638502763582395,-49.645983741262754,0.014112059616240935
1.6440000000000001,-0.3767368269184326,-0.38613474726170705,2.751753587029924,6.587672376230124,6.729190783902922,-5.2112109299446985,343.7974833554331,-0.009397920343274472
1.645,-0.37397212658513357,-0.36307515829749376,2.7647003332990296,6.582414003252616,6.42387695105614,-5.258372977507975,-305.31383284681533,0.010896968287639789
1.6460000000000001,-0.37119459771428215,-0.3783306421816602,2.777528870851438,6.577108674483673,6.682686703658703,-5.30532876894263,258.8097526025338,-0.007136044467378037
1.647,-0.36840435893829926,-0.37597546954273364,2.7902387759828877,6.571756603785936,6.6830024817068665,-5.3520706977376875,0.31577804816333027,-0.007571110604434366
1.6480000000000001,-0.3656015293083301,-0.37883205392549235,2.8028296299691315,6.566358012583811,6.760774352676818,-5.398591202125047,77.77187096994282,-0.013230524617162247
1.649,-0.36278622828925117,-0.35123046716328826,2.815301019078979,6.560913129817591,6.3980447922007535,-5.444882766219905,-362.7295604761045,0.011555761125962901
1.6500000000000001,-0.35995857575466406,-0.3434739344785116,2.827652534587137,6.5554221918964695,6.326529631104632,-5.490937921121208,-71.5151610961131,0.016484641276152442
1.651,-0.35711869198187723,-0.3630626624484634,2.839883772786838,6.549885442650419,6.634383798224924,-5.536749246050299,307.8541671203256,-0.00594397046658616
1.6520000000000001,-0.35426669764687496,-0.36186143692073364,2.85199433500227,6.544303133280994,6.6516608698016135,-5.582309369425609,17.27707157668752,-0.007594739273858699
1.653,-0.3514027138192742,-0.354792682784598,2.863983827600788,6.538675522311006,6.5859308028334365,-5.627610969987984,-65.7300669681843,-0.0033899689653238184
1.6540000000000001,-0.34852686195726923,-0.3234533620034933,2.875851862004929,6.533002875533146,6.200418997044421,-5.672646777859391,-385.5118057889721,0.025073499953775932
1.655,-0.345639263902565,-0.33559554539801056,2.887598054704211,6.527285465957513,6.392227220205639,-5.717409575633603,191.8082231612386,0.01004371850455442
1.6560000000000001,-0.3427400418752983,-0.34816549635455096,2.899222027266726,6.521523573758071,6.595515535011932,-5.761892199442009,203.28831480627088,-0.005425454479252704
1.657,-0.33982931846894776,-0.35777173206839713,2.9107234063505274,6.5157174862180725,6.762786186487801,-5.806087539998117,167.2706514758875,-0.01794241359944935
1.6580000000000001,-0.33690721664523293,-0.34363355802280254,2.9221018237148035,6.509867497674417,6.600224704473966,-5.849988543655371,-162.56148201381706,-0.006726341377569622
1.659,-0.33397385972900206,-0.32210173313890783,2.9333569162308453,6.503973909460983,6.35022496553443,-5.893588213433887,-249.99973893956363,0.011872126590094246
1.6600000000000001,-0.3310293714031093,-0.31235279857280374,2.9444883258928045,6.4980370298509325,6.260847263144454,-5.936879610050738,-89.37770238996622,0.018676572830305573
1.661,-0.32807387570328106,-0.330738177694741,2.9554956998282393,6.492057173997996,6.52670489923702,-5.9798558529360335,265.85763609259504,-0.0026643019914599332
1.6620000000000001,-0.3251074970129726,-0.33202156666840354,2.9663786903084537,6.4860346638767705,6.575718498107121,-6.022510121225899,49.013598870096,-0.0069140696554309735
1.663,-0.322130360058214,-0.32722960877487467,2.9771369547586235,6.479969828222005,6.545331243647463,-6.064835654765233,-30.3872544596613,-0.005099248716660672
1.6640000000000001,-0.31914258990244626,-0.33799949447026684,2.9877701557677128,6.473863002466915,6.718464676609557,-6.1068257550900285,173.13343296207435,-0.01885690456782058
1.665,-0.31614431194134807,-0.30706190954471735,2.9982779610981805,6.46771452868052,6.355986467950383,-6.148473786395492,-362.4782086592137,0.009082402396630723
1.666,-0.3131356518976526,-0.32399357913414484,3.0086600436954747,6.461524755504031,6.59807868395409,-6.189773176489055,242.09221600373357,-0.010857927236492274
1.667,-0.3101167358159553,-0.2994852291506888,3.018916081697316,6.455294038086276,6.327364475467265,-6.2307174177549385,-270.71420848679475,0.010631506665266466
1.668,-0.3070876900575125,-0.32416352577589885,3.0290457584427704,6.449022738018209,6.661794473821319,-6.271300068067198,334.42999835409057,-0.01707583571838631
1.669,-0.3040486412950314,-0.3167494992467801,3.0390487624811082,6.442711223266464,6.598348350988225,-6.311514751744518,-63.44612283308671,-0.012700857951748664
1.67,-0.30099971650745094,-0.29811545985940097,3.048924787580454,6.436359868106029,6.402250477191617,-6.351355160434835,-196.09787379662907,0.0028842566480499865
1.671,-0.29794104297471474,-0.30557669935520554,3.058673532736222,6.429969053051996,6.52093234294462,-6.390815054032828,118.68186575298982,-0.007635656380490808
1.672,-0.2948727482725354,-0.28706001982213836,3.0682947021793403,6.423539164790428,6.3337951935877115,-6.429888261568095,-187.13714935692957,0.007812728450397028
1.673,-0.2917949602671511,-0.2917122423492986,3.0777880053842623,6.417070596108349,6.416117853569874,-6.468568682079123,82.3226599821535,8.271791785250015e-05
1.674,-0.2887078071100744,-0.30045520193736797,3.087153157076767,6.410563745822876,6.54718138561177,-6.506850285473043,131.06353204191046,-0.011747394827293589
1.675,-0.28561141723283284,-0.27939149330751184,3.096389877241543,6.404019018709482,6.334650008304881,-6.544727113394266,-212.5313773068653,0.006219923925320987
1.676,-0.28250591934170327,-0.2740864986817473,3.1054978911295636,6.397436825429439,6.304935227342634,-6.582193280042503,-29.714780962250384,0.008419420659955962
1.677,-0.279391442412438,-0.2985214811434751,3.1144769292652477,6.390817582456419,6.609044338468612,-6.619242973020079,304.10911112594414,-0.019130038731037063
1.678,-0.2762681156849846,-0.2580056254299201,3.123326727453404,6.384161712002285,6.1915629159777446,-6.655870454133961,-417.4814224909136,0.018262490255064465
1.679,-0.2731360686581986,-0.2681650971058722,3.1320470267859672,6.377469641942081,6.324355523067339,-6.692070060204003,132.79260708957997,0.0049709715523264045
1.68,-0.2699954310845501,-0.2623928767890125,3.140637573648518,6.370741805738233,6.290847140646168,-6.727836203848092,-33.50838242117518,0.007602554295537559
1.681,-0.2668463329648235,-0.28544717016446025,3.149098119726588,6.363978642363977,6.566761933455182,-6.763163374256642,275.91479280898335,-0.018600837199636754
1.682,-0.26368890454281174,-0.2708861264149231,3.157428422011756,6.357180596226014,6.433126315902465,-6.798046137962643,-133.63561755273207,-0.007197221872111374
1.683,-0.2605232763000042,-0.264016035843041,3.1656282428075246,6.350348117086433,6.386512117985847,-6.832479139580627,-46.61419791661292,-0.003492759543036802
1.684,-0.2573495789502692,-0.24657861291991734,3.1736973497349865,6.343481659983882,6.236341312008271,-6.86645710255096,-150.170805977592,0.010770966030351894
1.685,-0.2541679434345309,-0.26876360715583414,3.1816355157382765,6.336581685154026,6.487241848947993,-6.899974829856603,250.9005369396936,-0.014595663721303243
1.686,-0.2509785009154411,-0.2598167237057823,3.189442519089809,6.329648657949286,6.4187617502593985,-6.933027204739872,-68.48009868860183,-0.008838222790341185
1.687,-0.2477813827720458,-0.26807880165460835,3.1971181433953015,6.322683048757906,6.529365005516423,-6.965609191380118,110.60325525701225,-0.020297418882562517
1.688,-0.24457672059444724,-0.24698727732182668,3.2046621775985846,6.315685332922303,6.339075168285802,-6.9977158356024916,-190.28983723064172,-0.0024105567273794387
1.689,-0.24136464617846104,-0.23790497104519048,3.2120744159861974,6.308655990656785,6.275926069484647,-7.0293422655183235,-63.14909880114875,0.0034596751332705527
1.69,-0.23814529152026928,-0.25500750855561194,3.2193546581917682,6.301595506964595,6.465739849688038,-7.060483692190367,189.8137802034126,-0.01686221703534268
1.691,-0.2349187888110691,-0.24083137705900048,3.2265027092001826,6.294504371554309,6.350029084917397,-7.0911354102856095,-115.71076477062851,-0.005912588247931386
1.692,-0.23168527043171755,-0.22658130293127612,3.2335183793515356,6.287383078755637,6.241213509611243,-7.12129279867213,-108.8155753061657,0.005103967500441428
1.693,-0.22844486894737268,-0.21259066573670615,3.240401484344871,6.280232127434582,6.142210309318265,-7.150951321055032,-99.00320029296729,0.01585420321066653
1.694,-0.22519771710213096,-0.21855716611508055,3.247151845241707,6.273052020908021,6.214884975837593,-7.18010652656087,72.67466651933586,0.006640550987050409
1.695,-0.2219439478136616,-0.22498140037223294,3.2537692884693437,6.265843266857693,6.292639529860889,-7.208754050328281,77.75455402328753,-0.00303745255857133
1.696,-0.21868369416783764,-0.2304628064176492,3.2602536458239624,6.258606377243622,6.363037590082233,-7.236889614071096,70.39806022135207,-0.01177911224981157
1.697,-0.21541708941336413,-0.2247810320397642,3.2666047544735073,6.2513418682169934,6.332706688590328,-7.264509026628119,-30.330901491901923,-0.009363942626400093
1.698,-0.2121442669564038,-0.2187865153072037,3.272822456960352,6.244050260032477,6.300550770091724,-7.291608184516463,-32.15591849860731,-0.006642248350799899
1.699,-0.20886536035520004,-0.2073947860014647,3.278906601203755,6.236732076960033,6.224648888159652,-7.318183072444029,-75.90188193206376,0.0014705743537353386
1.7,-0.20558050331469793,-0.20607658605962978,3.2848570405020996,6.229387847196211,6.2334189090438175,-7.344229763821986,8.770020884166641,-0.0004960827449318485
1.701,-0.20228982968116302,-0.18561884598954267,3.2906736335349196,6.222018102774944,6.0943682081828685,-7.369744421266589,-139.05070086093338,0.016670983691620345
1.702,-0.1989934734367983,-0.19612159831076034,3.2963562443647123,6.2146233794778745,6.192224881835367,-7.394723297069916,97.85667365250917,0.0028718751260379495
1.703,-0.19569156869435975,-0.20641000807663867,3.3019047424385364,6.2072042167442,6.2922782599246,-7.419162733674156,100.05337808922157,-0.01071843938227892
1.704,-0.19238424969177034,-0.17694076888788857,3.3073190025893973,6.19976115758008,6.087175346206971,-7.443059164120136,-205.10291371765138,0.015443480803881785
1.705,-0.18907165078673294,-0.17958102712576862,3.3125989050374174,6.192294748467601,6.123232313507805,-7.466409112478978,36.05696730083037,0.009490623660964323
1.706,-0.18575390645134215,-0.1847430653963705,3.317744335390795,6.1848055392733166,6.177412938112866,-7.489209194284641,54.18062460506665,0.0010108410549716578
1.707,-0.1824311512666956,-0.18964205066766077,3.322755184646548,6.177294083156397,6.2302540335338925,-7.5114561169193905,52.84109542102064,-0.00721089940096517
1.708,-0.17910351991750456,-0.19781120927462448,3.327631349191046,6.169760936476366,6.308946117982733,-7.533146680031244,78.69208444884879,-0.01870768935711991
1.709,-0.17577114718670422,-0.18599318213971044,3.332372730800326,6.1622066587004785,6.2352016136780914,-7.5542777758874635,-73.74450430463294,-0.01022203495300621
1.71,-0.17243416795006403,-0.16331720495869162,3.3369792366401994,6.154631812310729,6.094209445909701,-7.574846389749368,-140.9921677684056,0.009116962991372414
1.711,-0.16909271717079788,-0.1771208370351048,3.3414507792661436,6.147036962710524,6.201900986439739,-7.5948496002054,107.69154053002555,-0.008028119864306925
1.712,-0.1657469298941749,-0.17894420037513467,3.3457872766229815,6.139422678131007,6.229215985216911,-7.614284579516628,27.314998777174704,-0.013197270480959792
1.713,-0.16239694124213053,-0.16044132175423892,3.3499886520443476,6.131789529537089,6.119327203775451,-7.633148593917838,-109.88878144144745,0.001955619487891606
1.714,-0.1590428864078786,-0.15660454033623755,3.3540548342519436,6.124138090533163,6.108945657216513,-7.651439003926619,-10.381546558939448,0.0024383460716410404
1.715,-0.155684900650524,-0.14962100260248634,3.3579857573545797,6.116468937268541,6.079924874038377,-7.6691532646213645,-29.020783178132476,0.006063898048037681
1.716,-0.152323119289677,-0.14576763568524906,3.3617813608470057,6.108782648342623,6.070209686862668,-7.686288925918383,-9.715187175709698,0.006555483604427949
1.717,-0.14895767770006849,-0.13486757853107048,3.3654415896085292,6.10107980470981,6.022140221432144,-7.702843632812595,-48.06946543051888,0.014090099168998007
1.718,-0.14558871130616707,-0.15398186432978458,3.368966393901422,6.093360989584173,6.142992105058728,-7.71881512563688,120.8518836265977,-0.00839315302361751
1.719,-0.14221635557679796,-0.13242986994440992,3.372355729369116,6.085626788343912,6.032571321689656,-7.734201240261029,-110.42078336905988,0.009786485632388032
1.72,-0.13884074601976376,-0.14871383537928212,3.3756095570341884,6.0778777884356,6.133918430201364,-7.748999908312015,101.34710851171886,-0.009873089359518373
1.721,-0.13546201817646764,-0.12852228772135652,3.3787278432961334,6.0701145792782265,6.033952744971645,-7.763209157373829,-99.96568522970809,0.006939730455111131
1.722,-0.13208030761653872,-0.1302896767815049,3.381710559928926,6.062337752167081,6.053064118216872,-7.776827111145579,19.111373245229373,0.0017906308350337946
1.723,-0.12869574993246036,-0.1262631552648521,3.3845576840783735,6.054547900177463,6.042305412457786,-7.789851989618235,-10.75870575908468,0.002432594667608254
1.724,-0.1253084807342011,-0.115630481147112,3.387269198259258,6.046745618068245,6.000717589382116,-7.802282109217629,-41.587823075674244,0.009677999587089097
1.725,-0.12191863564384882,-0.12209247052602132,3.389845090352269,6.03893150218532,6.039768792875479,-7.814115882925243,39.05120349335796,-0.00017383488217249897
1.726,-0.11852635029024809,-0.1074036515159653,3.3922853536007236,6.031106150364911,5.981502478875357,-7.825351820408777,-58.26631400012803,0.01112269877428279
1.727,-0.11513176030364101,-0.10637824907064036,3.3945899866070817,6.0232701618368045,5.984996026348525,-7.835988528106519,3.4935474731674887,0.008753511233000645
1.728,-0.11173500131031176,-0.11038007634762008,3.396758993329249,6.01542413712748,6.009483636780163,-7.846024709324162,24.48761043164097,0.0013549249626916783
1.729,-0.1083362089272351,-0.11400378831287303,3.39879238307667,6.007568677963177,6.032442638958521,-7.855459164303191,22.959002178355544,-0.005667579385637932
1.73,-0.10493551875672888,-0.11247026647225689,3.400690170506219,5.999704387172919,6.032039140572151,-7.864290790258188,-0.40349838636992713,-0.007534747715528005
1.731,-0.10153306638111101,-0.1068082598140553,3.4024523756178726,5.991831868591484,6.0135260643410176,-7.872518581434562,-18.51307623113178,-0.005275193432944291
1.732,-0.09812898735736082,-0.10015262427971511,3.4040790237501843,5.983951726962358,5.991872084303408,-7.880141629126314,-21.65398003761226,-0.00202363692235428
1.733,-0.09472341721178527,-0.0949720482557372,3.405570145575546,5.976064567840689,5.976995551469515,-7.88715912166893,-14.87653283389101,-0.00024863104395192454
1.734,-0.09131649143469003,-0.06150812618501329,3.4069257770952417,5.968170997496235,5.878249978862442,-7.893570344454481,-98.74557260708383,0.029808365249676744
1.735,-0.08790834547505573,-0.08152426118615463,3.4081459596342984,5.960271622816342,5.9389202725196135,-7.899374679892546,60.67029365716468,0.006384084288901101
1.736,-0.08449911473521961,-0.07680721364908741,3.409230739836127,5.9523670512089675,5.927875582043367,-7.9045716073746775,-11.044690476248116,0.007691901086132196
1.737,-0.08108893456556265,-0.08969497154991364,3.4101801696569574,5.944457890505738,5.97347003899287,-7.909160703229112,45.59445694949838,-0.008606036984350982
1.738,-0.07767794025920259,-0.08478230742058367,3.4109943063600694,5.936544748865106,5.959327294570856,-7.913141640631949,-14.14274442201591,-0.0071043671613810755
1.739,-0.07426626704669277,-0.07745704304904906,3.4116732125098164,5.928628234675555,5.938184283656595,-7.916514189551194,-21.143010914258596,-0.003190776002356294
1.74,-0.07085405009072733,-0.06893244258358135,3.4122169559654454,5.920708956458938,5.915406713353119,-7.919278216617087,-22.777570303478555,0.0019216075071459815
1.741,-0.06744142448085262,-0.07780072825621713,3.4126256098747114,5.912787522773906,5.94248728598438,-7.921433685032397,27.08057263125826,-0.010359303775364504
1.742,-0.06402852522818533,-0.047909159749772195,3.412899252667287,5.904864542119473,5.869247815387646,-7.922980654432976,-73.23947059674215,0.016119365478413136
1.743,-0.060615487260137366,-0.06624782583806245,3.4130379680479694,5.896940622838736,5.911045020493795,-7.923919280736769,41.79720510614414,-0.005632338577925086
1.744,-0.057202445415147685,-0.04641944253875679,3.4130418449896833,5.8890163730227405,5.866960667084518,-7.924249815995488,-44.0843534092816,0.010783002876390899
1.745,-0.053789534437421405,-0.07714850049450189,3.41291097772628,5.8810924004145235,5.941466292696563,-7.923972608216978,74.50562561203677,-0.023358966057080488
1.746,-0.05037688897167627,-0.050446640404929625,3.412645465745136,5.873169312313357,5.873308129990508,-7.923088101166265,-68.15816270606274,-6.975143325335987e-05
1.747,-0.04696464355789672,-0.044186805624932476,3.4122454137795466,5.865247715479179,5.860249669777729,-7.921596834178146,-13.058460212777549,0.002777837932964244
1.748,-0.0435529326260958,-0.04163908340503491,3.4117109318009193,5.857328216037256,5.854109843182528,-7.919499441922717,-6.139826595201968,0.0019138492210608968
1.749,-0.04014189049108503,-0.034124680627154874,3.4110421350107663,5.8494114193830775,5.840590410227275,-7.9167966541788815,-13.519432955251084,0.006017209863930157
1.75,-0.036731651347252536,-0.033932874083526535,3.410239143832494,5.841497930087489,5.837594022532959,-7.913489295588327,-2.996387694316535,0.002798777263726004
1.7510000000000001,-0.03332234926334954,-0.03169889130542235,3.409302083902996,5.833588351802103,5.831504695716752,-7.909578285386409,-6.089326816206538,0.0016234579579271922
1.752,-0.029914118177285495,-0.04883936127811929,3.4082310860640406,5.825683287164978,5.855103171342234,-7.905064637125037,23.598475625485385,-0.018925243100833797
1.7530000000000001,-0.02650709189093203,-0.03364207677538647,3.4070262863534646,5.8177833377065955,5.82625468385197,-7.899949458382238,-28.84848749026091,-0.00713498488445444
1.754,-0.023101404064935865,-0.0465271297519035,3.4056878259961643,5.8098891037561335,5.842085706175165,-7.89423395046196,15.831022323196965,-0.023425725686967637
1.7550000000000001,-0.019697188213540974,-0.013412016598602073,3.4042158513948895,5.802001184348078,5.797893513537341,-7.887919408055666,-44.192192637819645,0.006285171614938902
1.756,-0.016294577699420134,-0.013220113644805015,3.402610514120839,5.794120177129149,5.792329004654473,-7.881007218928815,-5.564508882868582,0.0030744640546151183
1.7570000000000001,-0.012893705728516076,-0.014846996138394016,3.400871970904059,5.786246678265597,5.78731626006423,-7.873498863552264,-5.012744590242029,-0.0019532904098779396
1.758,-0.009494705344892431,-0.017708466205728593,3.399000383623644,5.778381282350841,5.782791817990887,-7.865395914755879,-4.524442073343736,-0.00821376086083616
1.7590000000000001,-0.006097709425594688,-0.0119143546891964,3.3969959192977432,5.770524582313512,5.772592655023574,-7.8567000373288565,-10.19916296731146,-0.005816645263601711
1.76,-0.002702850675521319,0.015752054758151446,3.3948587500733685,5.762677169325861,5.767430801659643,-7.847412987651126,-5.161853363932281,0.018454905433672765
1.7610000000000001,0.0006897383776946885,0.018001735112925958,3.3925890532160077,5.754839632712585,5.761226978703105,-7.837536613275908,-6.203822956537069,0.01731199673523127
1.762,0.004079925388793733,0.00349734790798303,3.390187011099044,5.747012559860077,5.746925424107612,-7.827072852507833,-14.301554595494336,-0.0005825774808107033
1.7630000000000001,0.007467578199986715,0.02034786393556049,3.3876528111929813,5.7391965361261,5.746268519095266,-7.816023733977495,-0.6569050123460916,0.012880285735573775
1.764,0.010852564846041189,-0.005026984771537011,3.384986646054474,5.73139214474991,5.729566118157667,-7.804391376189379,-16.702400937600956,-0.0158795496175782
1.7650000000000001,0.014234753559356354,-0.0051165103206594325,3.3821887133151654,5.7235999667628485,5.720116992626718,-7.792177987061777,-9.449125530948175,-0.019351263880015786
1.766,0.017614012775026687,0.012783945769820365,3.3792592156703334,5.715820580899393,5.712922387820415,-7.779385863455168,-7.194604806303754,-0.004830067005206322
1.7670000000000001,0.02099021113589403,0.01224065525692347,3.376198360867343,5.70805456350871,5.702315283489303,-7.7660173906837215,-10.607104331110818,-0.00874955587897056
1.768,0.02436321749758794,0.018771583580066736,3.3730063616939097,5.700302488466694,5.695541509408598,-7.7520750420152496,-6.773774080705088,-0.0055916339175212035
1.7690000000000001,0.027732900933554107,0.02961429866455,3.3696834359661683,5.692564927088539,5.694694647396263,-7.737561378155178,-0.8468620123353194,0.0018813977309958935
1.77,0.031099130740070664,0.06134827109205433,3.366229806516557,5.684842448041816,5.740042246004454,-7.722479046723407,45.34759860819604,0.03024914035198367
1.7710000000000001,0.03446177644125217,0.027853485633614047,3.3626457011815063,5.677135617260105,5.669007062919514,-7.7068307817107495,-71.03518308493233,-0.006608290807638124
1.772,0.03782070779404112,0.038316835534797845,3.3589313527889435,5.669444997857173,5.670190625691365,-7.690619402931809,1.1835627718516288,0.000496127740756728
1.7730000000000001,0.041175794793186726,0.043938653879896684,3.355086999145606,5.661771150041722,5.666413007143527,-7.673847815451218,-3.777618547837779,0.0027628590867099572
1.774,0.04452690767621089,0.04418386973941491,3.351112883024167,5.65411463103271,5.65351394397079,-7.656519009011653,-12.899063172738678,-0.0003430379367959762
1.7750000000000001,0.04787391692836107,0.057182977688377754,3.347009252150178,5.646475994975264,5.665780566439769,-7.638636057446746,12.266622468977543,0.009309060760016682
1.776,0.05121669328754989,0.06897135005987785,3.342776359188819,5.638855792857202,5.680977240338587,-7.620202118062025,15.196673898819743,0.017754656772327966
1.7770000000000001,0.05455510774928135,0.04211929738523245,3.3384144617314666,5.631254572426159,5.607523610625439,-7.601220431042499,-73.45362971313985,-0.0124358103640489
1.778,0.05788903157156343,0.059506352167982716,3.333923822282078,5.623672878107355,5.62742068217401,-7.5816943188042885,19.89707154857309,0.0016173205964192872
1.7790000000000001,0.061218336279806815,0.05856857814235142,3.3293047082433866,5.616111250921988,5.609845900679511,-7.561627185366682,-17.574781494496236,-0.002649758137455396
1.78,0.06454289367170973,0.06810569030030988,3.324557391902918,5.608570228406291,5.617898977060321,-7.541022515697549,8.05307638081043,0.0035627966286001563
1.7810000000000001,0.06786257582212855,0.05254554690298756,3.3196821504188208,5.601050344531243,5.564645426397037,-7.519883875047206,-53.25355066327767,-0.015317028919140994
1.782,0.07117725508793407,0.053597827678823394,3.3146792658055144,5.593552129622966,5.55025467826853,-7.498214908276957,-14.390748128508854,-0.017579427409110678
1.7830000000000001,0.07448680411285323,0.051320722501126154,3.309549024919157,5.586076110283795,5.528546829157412,-7.476019339171636,-21.70784911111602,-0.02316608161172708
1.784,0.07779109583229617,0.08304438907075182,3.3042917194429324,5.578622809314062,5.5953007819742995,-7.453300969732624,66.75395281689525,0.0052532932384556485
1.7850000000000001,0.08109000347816832,0.08300998388523805,3.2989076458721542,5.571192745634578,5.577411953685884,-7.430063679484178,-17.88882828841376,0.0019199804070697303
1.786,0.08438340058366751,0.08511980759943233,3.293397105499194,5.5637864342098435,5.566250348412451,-7.406311424734469,-11.161605273433914,0.0007364070157648134
1.7870000000000001,0.08767116098806574,0.06400503273283852,3.287760404398227,5.556404385971981,5.485548753915119,-7.382048237862371,-80.70159449732269,-0.023666128255227226
1.788,0.09095315884147553,0.08721740525056892,3.2819978534098024,5.549047107745426,5.535908664220125,-7.357278226555408,50.35991030501141,-0.003735753590906605
1.7890000000000001,0.09422926860960076,0.08667714974642314,3.2761097681252362,5.541715102172358,5.5147468665986565,-7.332005573068123,-21.161797621466267,-0.007552118863177621
1.79,0.0974993650784716,0.08336223264624372,3.2700964688708254,5.534408867638908,5.483938388178969,-7.306234533449363,-30.80847841969076,-0.014137132432227873
1.7910000000000001,0.10076332335916348,0.09160796692469944,3.263958280691888,5.527128898202131,5.492363656285423,-7.279969436777556,8.425268106452444,-0.009155356434464045
1.792,0.10402101889250011,0.11099803075321635,3.2576955333366278,5.519875683517766,5.549488256243993,-7.253214684364906,57.124599958577065,0.006977011860716233
1.793,0.10727232745373994,0.11271379868870836,3.2513085612398234,5.512649708768805,5.536278492690672,-7.225974748960695,-13.209763553323162,0.005441471234968426
1.794,0.11051712515724628,0.11029039975195881,3.2447977035063453,5.505451454594845,5.504463256988464,-7.198254173959917,-31.81523570220434,-0.00022672540528747203
1.795,0.11375528846114077,0.11889914047229351,3.2381633038945,5.498281397022279,5.521904096820128,-7.170057572566613,17.440839831666256,0.005143852011152731
1.796,0.11698669417193998,0.11095207120304572,3.231405710799201,5.491140007395301,5.463988241898979,-7.1413896269776345,-57.91585492114289,-0.006034622968894258
1.797,0.12021121944917494,0.12092303658641748,3.224525277234968,5.484027752307746,5.487415859111319,-7.112255087554864,23.427617212343236,0.0007118171372425358
1.798,0.1234287418099937,0.12383152174188054,3.21752236081876,5.476945093535783,5.4789109503987135,-7.082658771962791,-8.504908712604944,0.0004027799318868339
1.799,0.12663913913374633,0.13218315282704673,3.2103973237526313,5.4698924879714586,5.498216561559609,-7.052605564324743,19.305611160897477,0.005544013693300395
1.8,0.12984228966655256,0.1291425827651699,3.203150532806226,5.4628703875571025,5.459293376391622,-7.022100414356025,-38.92318516798285,-0.0006997069013826559
1.801,0.13303807202585166,0.13160654529611657,3.1957823592990997,5.455879239220608,5.448401122010406,-6.9911483364943905,-10.89225438121697,-0.0014315267297350994
1.802,0.13622636520493453,0.13487922421566598,3.188293179082875,5.4489194848116,5.441710381269787,-6.959754409008312,-6.690740740618179,-0.0013471409892685455
1.803,0.13940704857745775,0.1329577392412458,3.180683372523233,5.441991561038485,5.407318362289935,-6.927923773115019,-34.39201897985568,-0.006449309336211961
1.804,0.14258000190193948,0.1649157841601881,3.172953324481735,5.435095899406414,5.570667922470361,-6.895661632071004,163.3495601804075,0.02233578225824861
1.805,0.14574510532623697,0.15088716472467475,3.1651034242974827,5.428232926156132,5.45834115618786,-6.862973250282067,-112.3267662825133,0.005142059398437785
1.806,0.1489022393920056,0.1531913764520304,3.157134065768614,5.421403062203772,5.44697956805841,-6.829863952360071,-11.361588129448712,0.004289137060024812
1.807,0.15205128503913923,0.17496750241540854,3.1490456471336348,5.41460672308155,5.562533017466074,-6.79633912222144,115.55344940767694,0.022916217376269296
1.808,0.1551921236101918,0.16922220659693107,3.140838571052587,5.407844318879409,5.497688511599469,-6.762404202141248,-64.84450586659814,0.01403008298673926
1.809,0.15832463685477985,0.14275943367460978,3.13251324458806,5.401116254187596,5.308609740472841,-6.728064691812641,-189.07877112664858,-0.015565203180170073
1.81,0.16144870693396587,0.1684020503868961,3.124070079186037,5.39442292804019,5.439696098396299,-6.693326147406253,131.08635792344313,0.006953343452930209
1.811,0.16456421642462246,0.1729439039355681,3.115509490656584,5.3877647338595835,5.443591412533385,-6.658194180606536,3.8953141370865323,0.008379687510945642
1.812,0.16767104832377683,0.1865201540138846,3.1068318991543795,5.381142059401935,5.512924716638466,-6.622674457648969,69.33330410507322,0.01884910569010777
1.813,0.17076908605293592,0.18392597339783318,3.098037729159085,5.3745552867035835,5.466671915649781,-6.586772698351062,-46.25280098869021,0.013156887344897256
1.814,0.17385821346239147,0.18156456328302292,3.0891274094555614,5.368004792028451,5.422070726778858,-6.55049467513269,-44.60118887091758,0.007706349820631456
1.815,0.1769383148355054,0.1651661515988196,3.080101373113927,5.361490945816418,5.2819950402596785,-6.513846212032881,-140.0756865191951,-0.011772163236685822
1.816,0.18000927489297486,0.17130249191052654,3.0709600574694598,5.3550141126327,5.294635913271428,-6.476833183717723,12.640873011747907,-0.0087067829824483
1.817,0.1830709787970772,0.18575948819676047,3.0617039041023486,5.3485746511182235,5.368148133025084,-6.439461514476719,73.51221975366428,0.00268850939968327
1.818,0.1861233121558945,0.1911723435036641,3.0523333588172874,5.342172913940995,5.379775664408793,-6.401737177228917,11.627531383708009,0.0050490313477695925
1.819,0.18916616102751743,0.17895107424861872,3.0428488716229185,5.3358092477484975,5.261582923736572,-6.363666192497064,-118.19274067223398,-0.010215086778898715
1.82,0.19219941192422857,0.18835381402965343,3.033250896711125,5.3294839931210936,5.300596555531182,-6.3252546274039645,39.0136317946049,-0.0038455978945751298
1.821,0.19522295181666474,0.19122036673256426,3.0235398924361707,5.323197484526449,5.29266542386408,-6.286508594644857,-7.931131667102227,-0.004002585084100479
1.822,0.19823666813795843,0.1988422007824393,3.0137163212936917,5.316950050274996,5.321696228890785,-6.247434251452688,29.030805026701273,0.0006055326444808779
1.823,0.20124044878785796,0.20460394544838667,3.0037806498995394,5.310742012476422,5.3376871431122135,-6.20803779857404,15.990914221430492,0.003363496660528702
1.824,0.20423418213682643,0.20136525820911907,2.9937333489684743,5.304573686997206,5.2816044736966425,-6.168325479215753,-56.082669415564666,-0.002868923927707355
1.825,0.20721775703011913,0.19484940791465521,2.9835748932927144,5.298445383419191,5.200284132531004,-6.128303578015526,-81.32034116564765,-0.01236834911546391
1.826,0.21019106279183947,0.22261776889091342,2.973305761720336,5.292357404999211,5.398522531679744,-6.087978419979656,198.23839914871758,0.012426706099073957
1.827,0.213153989228973,0.22911446468570107,2.962926437133532,5.2863100486297805,5.425645467941654,-6.047356369430545,27.12293626191308,0.015960475456728077
1.828,0.21610642663539972,0.21504694835965651,2.9524374064267223,5.280303604800827,5.271286780916631,-6.006443828953323,-154.3586870250056,-0.0010594782757432151
1.829,0.21904826579588424,0.2292956520016125,2.941839160484526,5.274338357562506,5.365027256240955,-5.9652472383211474,93.7404753243346,0.010247386205728277
1.83,0.22197939799004382,0.22642107642173204,2.9311321941595865,5.268414584489074,5.30772819383229,-5.923773073432059,-57.299062408658926,0.0044416784316882296
1.831,0.22489971499629408,0.23149647149550545,2.92031700625026,5.262532556643834,5.321962073773893,-5.882027845239612,14.233879941604647,0.006596756499211388
1.832,0.22780910909577223,0.23262388505104392,2.90939409947816,5.256692538545167,5.300452029493425,-5.840018098667521,-21.510044280465024,0.0048147759552716815
1.833,0.2307074730762378,0.22307439227263223,2.898363980465566,5.250894788133634,5.182523031687405,-5.797750411533187,-117.92899780603305,-0.007633080803605552
1.834,0.23359470023595047,0.23933387511124252,2.8872271597126904,5.245139556740172,5.298716108056854,-5.755231393461457,116.19307636943553,0.00573917487529205
1.835,0.23647068438752528,0.246576427744672,2.875984151574812,5.239427089055369,5.335785026638307,-5.712467684802824,37.06891858145731,0.010105743357146717
1.836,0.23933531986176454,0.23037274920527093,2.864635474239271,5.233757623099835,5.150659664595935,-5.669465955534747,-185.12536204235158,-0.008962570656493623
1.837,0.24218850151146687,0.2618513687758192,2.853181649702328,5.228131390195669,5.423764104088659,-5.62623290416564,273.10443949275407,0.01966286726435234
1.838,0.24503012471521277,0.26592794399379355,2.8416232037458933,5.222548614939025,5.433322097738166,-5.58277525664419,9.557993649506532,0.020897819278580757
1.839,0.2478600853811269,0.266090762285485,2.829960665914116,5.2170095151737685,5.401959424199818,-5.539099765256239,-31.36267353835177,0.018230676904358145
1.84,0.25067827995061676,0.2705706996271391,2.8181945694898483,5.21151430196625,5.416188252367813,-5.495213207518113,14.228828167993164,0.019892419676522322
1.841,0.2534846054020877,0.2609090415393159,2.806325451470973,5.20606317958117,5.281448852030351,-5.451122385080609,-134.7394003374764,0.007424436137228168
1.842,0.25627895925463434,0.2528958377926885,2.7943538525466036,5.200656345458561,5.1666535807484,-5.4068341226090055,-114.7952712819387,-0.003383121461945867
1.843,0.2590612395717075,0.25306186673399567,2.7822803170731563,5.195293990191881,5.134646900549095,-5.362355266679941,-32.006680199308384,-0.005999372837711858
1.844,0.2618313449647578,0.25370142451427685,2.7701053930502906,5.189976297507205,5.107244528003294,-5.3176926846756345,-27.402372545797736,-0.008129920450480945
1.845,0.26458917459685455,0.26574856050578344,2.757829632096726,5.1847034442435485,5.196840414518624,-5.272853263656785,89.59588651533954,0.0011593859089289082
1.846,0.26733462818628045,0.2670061610471236,2.7454535894259315,5.179475600334289,5.176011104874112,-5.227843909259455,-20.829309644509465,-0.000328467139156832
1.847,0.27006760601010216,0.276770343414216,2.73297782382169,5.1742929287897175,5.246643271449231,-5.182671544571527,70.63216657512662,0.006702737404113866
1.848,0.2727880089077157,0.2525892478505361,2.720402897613539,5.169155585680695,4.959683700480528,-5.137343109022474,-286.95957096867085,-0.020198761057179583
1.849,0.2754957382843678,0.2986167701911964,2.7077293766520896,5.16406372012344,5.426083431093856,-5.091865557255382,466.39973061337946,0.023121031906828612
1.85,0.278190696114652,0.3009545115281668,2.694957830284222,5.159017474265422,5.419250411356654,-5.046245858017606,-6.833019737200753,0.022763815413514795
1.851,0.28087278494598017,0.28059896040180865,2.6820888313281617,5.1540169832723945,5.150982183653832,-5.000490993027462,-268.2682277028523,-0.0002738245441715215
1.852,0.2835419079020286,0.2903033117449381,2.6691229560484357,5.149062375316522,5.225650491125602,-4.954607955872881,74.6683074717623,0.006761403842909526
1.853,0.2861979686861593,0.2909540798898009,2.6560607841307093,5.144153771565647,5.198337886392545,-4.908603750874541,-27.312604733060642,0.004756111203641536
1.854,0.2888408715848158,0.29157557164035147,2.642902898656507,5.139291286173679,5.170622639054922,-4.862485391968541,-27.715247337619882,0.00273470005553566
1.855,0.29147052147089364,0.2893820899939996,2.6296498860778152,5.134475026272088,5.110529966934812,-4.816259901590847,-60.09267212011644,-0.002088431476894031
1.856,0.29408682380708523,0.29285899817775096,2.616302336191573,5.129705091962537,5.11547969313957,-4.769934309551083,4.949726204757866,-0.0012278256293342508
1.857,0.29668968464919926,0.28844433605339,2.6028608421140436,5.124981576310623,5.029747118865057,-4.723515651913424,-85.73257427452286,-0.008245348595809285
1.858,0.29927901064945434,0.30106051753203134,2.5893260002550775,5.120304565340742,5.14141582683397,-4.677010969881046,111.66870796890021,0.0017815068825769826
1.859,0.3018547090597466,0.3016140686328471,2.575698410292261,5.115674138032071,5.11280763017924,-4.630427308670804,-28.608196654733174,-0.00024064042689945006
1.86,0.30441668773489156,0.30761870729303087,2.561978675144954,5.111090366315668,5.149774267050006,-4.583771716403007,36.966636870762265,0.00320201955813933
1.861,0.30696485513583976,0.29841354636522827,2.5481674009482194,5.106553315072696,5.004367820426902,-4.537051242972545,-145.40644662312022,-0.008551308770611499
1.862,0.3094991203328664,0.309894188393864,2.5342651970266417,5.102063042133748,5.106893276141621,-4.490272938947548,102.5254557147078,0.0003950680609976074
1.863,0.31201939300873444,0.31249782546376575,2.520272675868041,5.097619598279303,5.103517462779147,-4.443443854444951,-3.375813362474761,0.00047843245503131877
1.864,0.3145255834618315,0.32056768242263867,2.5061904530970764,5.09322302724128,5.16896822136301,-4.396571038022934,65.45075858385619,0.006042098960807136
1.865,0.31701760260928025,0.30638508999395486,2.4920191474487483,5.08887336570571,4.958035237779182,-4.349661535570704,-210.93298358385152,-0.010632512615325405
1.866,0.31949536199002204,0.3236901960083092,2.4777593807417926,5.084570643316516,5.137828147063935,-4.302722389193825,179.7929092847331,0.004194834018287107
1.867,0.321958773767874,0.3317912491987358,2.463411777851976,5.080314882680401,5.207198142580626,-4.255760636114658,69.36999551669896,0.00983247543086179
1.868,0.3244077507345593,0.33037932884720406,2.4489769666852848,5.076106099372838,5.153288620387904,-4.208783307563024,-53.90952219271679,0.0059715781126447745
1.869,0.3268422063127103,0.3231559985394043,2.4344555781510158,5.071944301945157,5.024648596363612,-4.16179742768108,-128.64002402430592,-0.0036862077733060532
1.87,0.3292620545588451,0.324349234376035,2.4198482461347672,5.0678294919327405,5.004445417318554,-4.114810012416648,-20.20317904505516,-0.004912820182810059
1.871,0.33166721016631645,0.3293046936710666,2.4051556074713303,5.063761663864313,5.032937763677264,-4.067828068427204,28.492346358712812,-0.002362516495249894
1.872,0.3340575884682339,0.34134952425357545,2.3903783019174822,5.059740805272316,5.1569569079249575,-4.0208585919971895,124.01914424767956,0.007291935785341568
1.873,0.3364331054403586,0.3519621377853839,2.3755169721246863,5.055766896704381,5.266781249555805,-3.9739085679348918,109.82434163085985,0.015529032345025274
1.874,0.3387936777039703,0.33721292309893547,2.3605722636116937,5.051839911735891,5.03074658240754,-3.926984968489755,-236.03466714823918,-0.0015807546050348052
1.875,0.3411392225287073,0.3347119766988442,2.3455448247370523,5.0479598169836155,4.962215421869224,-3.880094752275909,-68.53116053832365,-0.006427245829863103
1.8760000000000001,0.34346965783537886,0.3472274240556605,2.3304353066715224,5.044126572120432,5.0953592575169875,-3.8332448631832605,133.14383564774897,0.003757766220281608
1.877,0.34578490219874924,0.3478282623005536,2.3152443633704016,5.040340129891124,5.068316539472504,-3.786442229308129,-27.042718044486193,0.0020433601018043403
1.8780000000000001,0.348084874850295,0.33900456749147595,2.299972651545758,5.0366004361292465,4.91344784167306,-3.7396937618776604,-154.8686977994271,-0.009080307358819055
1.879,0.35036949568093356,0.3429953713117933,2.2846208306385756,5.032907429775065,4.931981669167186,-3.6930063541813496,18.533827494128285,-0.0073741243691402515
1.8800000000000001,0.3526386852437244,0.3516229372075411,2.2691895627908085,5.029261042894552,5.0151405532940885,-3.6463868805132194,83.15888412689311,-0.0010157480361832377
1.881,0.35489236475654173,0.36160881158108393,2.2536795128173517,5.025661200699439,5.120653025263611,-3.599842195113112,105.5124719695338,0.00671644682454221
1.8820000000000001,0.35713045610471966,0.34519885522749794,2.2380913481779228,5.022107821568339,4.856694968580538,-3.5533791310999874,-263.9580566830435,-0.011931600877221754
1.883,0.35935288184366854,0.34917097434590993,2.2224257389488615,5.018600817068898,4.876199709929383,-3.5070044994407468,19.504741348847094,-0.010181907497758583
1.8840000000000001,0.3615595652014634,0.3665501426819017,2.2066833577948435,5.015140091981005,5.086866216387094,-3.4607250878933016,210.66650645768755,0.004990577480438337
1.885,0.3637504300814039,0.3515031502091285,2.1908648799405137,5.011725544321033,4.838811836396191,-3.414547659971845,-248.05437999092985,-0.012247279872275403
1.8860000000000001,0.3659254010645459,0.3670140203779505,2.174970983142037,5.008357065367121,5.0241068223489265,-3.368478953912124,185.29498595271457,0.0010886193134045897
1.887,0.3680844034122045,0.3716065391545448,2.1590023476585696,5.005034539685479,5.0564609406303465,-3.322525681642041,32.354118281423546,0.003522135742340256
1.8880000000000001,0.37022736306842813,0.369117272209185,2.142959656223651,5.001757845157716,4.98555709242373,-3.2766945277629134,-70.9038482066085,-0.0011100908592431046
1.889,0.3723542066624446,0.36217290134267,2.1268435940165187,4.998526853009189,4.850908270528946,-3.2309921485271786,-134.6488218947985,-0.01018130531977463
1.8900000000000001,0.374464861511078,0.37386692090265994,2.110654848633348,4.995341427838363,4.986508961710557,-3.185425170825873,135.6006911815956,-0.0005979406084180442
1.891,0.3765592556211364,0.37323732227490597,2.0943941100584125,4.992201427647168,4.943035514548586,-3.1400001911947584,-43.47344716197589,-0.003321933346230422
1.8920000000000001,0.37863731769177156,0.3819980384638563,2.0780620706351742,4.989106703872369,5.039565708584314,-3.094723774799135,96.53019403571757,0.003360720772084781
1.893,0.38069897711680883,0.37231058039994885,2.0616594250373,4.986057101417913,4.861373542206149,-3.0496024544559575,-178.19216637818522,-0.008388396716860001
1.8940000000000001,0.3827441639870484,0.39365914048147704,2.045186870239605,4.983052458688281,5.150330879919229,-3.0046427296319678,288.95733771304816,0.01091497649442865
1.895,0.38477280909253736,0.36802085723697964,2.028645105488926,4.980092607622796,4.731166118567227,-2.9598510654853527,-419.16476135204834,-0.016751951855557747
1.8960000000000001,0.38678484392481227,0.3850221350631219,2.012034832274927,4.977177373730926,4.950322752565446,-2.9152338918692067,219.15663399819465,-0.0017627088616903991
1.897,0.3887802006791131,0.38885758885027877,1.9953567543008346,4.974306576128538,4.975494481050246,-2.8707976023882864,25.171728484802642,7.73881711656507e-05
1.8980000000000001,0.3907588122565672,0.4003748959547648,1.978611577454108,4.9714800275751205,5.1216481894765895,-2.826548553417574,146.153708426327,0.009616083698197551
1.899,0.39272061226634425,0.3866363479284562,1.9618000097770427,4.968697534511947,4.875097882614145,-2.7824930631732414,-246.55030686247198,-0.006084264337888072
1.9000000000000001,0.39466553502778157,0.40012432782919344,1.944922761437309,4.965958897101198,5.051599293828382,-2.7386374107489786,176.50141121421714,0.005458792801411858
1.901,0.39659351557248,0.3909259266175692,1.927980544698429,4.963263909266001,4.8751611782894395,-2.6949878351976153,-176.43811553896148,-0.005667588954910839
1.9020000000000001,0.3985044896463702,0.4058864306634203,1.9109740738901895,4.960612358731418,5.077823115947568,-2.6515505345825474,202.6619376581062,0.007381941017050074
1.903,0.4003983937117492,0.41777126598265313,1.8939040653789956,4.958004027066344,5.238576292072145,-2.6083316650744592,160.75317612459455,0.017372872270903974
1.9040000000000001,0.40227516494928733,0.39826488158174533,1.876771237538164,4.955438689726316,4.892068083141471,-2.565337340027618,-346.5082089306358,-0.004010283367542021
1.905,0.4041347412600055,0.4085642479099124,1.8595763107181575,4.95291611609724,5.023974416987373,-2.5225736290757084,131.9063338459164,0.004429506649906933
1.9060000000000001,0.4059770612672222,0.3967029959035732,1.8423200072167634,4.950436069540006,4.803495280877744,-2.480046557234772,-220.47913610960387,-0.009274065363649019
1.907,0.40780206431847144,0.4175341521213308,1.8250030512492144,4.9479983074359835,5.106548459270483,-2.4377621040221342,303.0531783927724,0.009732087802859403
1.9080000000000001,0.4096096904873897,0.4217173513977831,1.8076261689182562,4.945602581233424,5.144286125324596,-2.395726202559345,37.737666054108885,0.012107660910393378
1.909,0.41139988057557386,0.4117529280322293,1.7901900881841606,4.943248636494701,4.948985087552035,-2.3539447387230794,-195.3010377725823,0.00035304745665541655
1.9100000000000001,0.41317257611440855,0.4018241440468032,1.7726955388346863,4.940936212944442,4.758369555477842,-2.3124235502587354,-190.61553207417245,-0.01134843206760535
1.911,0.41492771936686357,0.4189517025868114,1.7551432524549893,4.938665044518505,5.004900291300586,-2.271168425937553,246.53073582277113,0.004023983219947845
1.9120000000000001,0.4166652533292611,0.4281561819304896,1.7375339623974821,4.936434859413785,5.12805881097806,-2.2301851047199506,123.1585196774607,0.011490928601228547
1.913,0.41838512173301273,0.42928118664202464,1.7198684037516458,4.934245380138886,5.116561195750371,-2.1894792748984315,-11.497615227689929,0.010896064909011911
1.9140000000000001,0.42008726904632654,0.4282190781490886,1.7021473133137939,4.932096323565602,5.068262622222463,-2.149056573284014,-48.298573527903265,0.008131809102762047
1.915,0.42177164047588334,0.40346672026553426,1.6843714295567893,4.929987400981215,4.631808445606698,-2.1089225843873294,-436.4541766158131,-0.018304920210349098
1.9160000000000001,0.42343818196848304,0.41664009511663036,1.6665414925997177,4.9279183181416,4.815189175336896,-2.069082839614822,183.38072973017807,-0.006798086851852688
1.917,0.4250868402126606,0.43930586963360824,1.6486582441775162,4.925888775325155,5.168499943705169,-2.0295428164454066,353.31076836831147,0.014219029420947661
1.9180000000000001,0.42671756264027116,0.4144571426272138,1.6307224276105596,4.9238984673874775,4.720324943664258,-1.9903079376772936,-448.1750000408611,-0.012260420013057403
1.919,0.42833029742804535,0.43964385399779127,1.612734787774206,4.921947083816856,5.1157836402056445,-1.9513835706215232,395.4586965414304,0.011313556569745926
1.92,0.4299249934991137,0.4487493646063585,1.5946960710683011,4.920034308790517,5.246530538005234,-1.9127750263390197,130.746897799604,0.01882437110724481
1.921,0.4315016005245003,0.43912047441136215,1.5766070253866447,4.918159821231631,5.049093147385207,-1.8744875588856402,-197.43739062000475,0.007618873886861832
1.922,0.43306006892458676,0.44426240009435336,1.558468400086419,4.916323294867072,5.110321360963899,-1.836526364558999,61.2282135786982,0.011202331169766573
1.923,0.43460034987054436,0.43127328599632786,1.540280945957582,4.914524398285915,4.8576593521037,-1.7988965811577273,-252.66200886017046,-0.003327063874216488
1.924,0.4361223952857366,0.4238681686985988,1.5220454151922225,4.912762794998665,4.704740763375637,-1.7616032872496135,-152.91858872808015,-0.012254226587137798
1.925,0.43762615784709047,0.4365986354405157,1.503762561353885,4.911038143497198,4.893306697195561,-1.724651501467278,188.56593381990305,-0.001027522406574794
1.926,0.4391115909864373,0.4371228434982985,1.4854331393468594,4.909350097315424,4.874952373799803,-1.6880461817736503,-18.35432339575973,-0.0019887474881388327
1.927,0.44057864889182274,0.4401034198622996,1.4670579053854402,4.907698305090634,4.899436939208257,-1.6517922247896166,24.484565408450823,-0.0004752290295231479
1.928,0.4420272865087859,0.4489951473533743,1.4486376169631554,4.906082410625542,5.02863368974352,-1.6158944650923601,129.1967505352778,0.0069678608445883986
1.929,0.44345745954160787,0.4420111189686238,1.4301730328219664,4.904502052950999,4.879222262779525,-1.5803576745430092,-149.41142696397873,-0.001446340572984102
1.93,0.4448691244545293,0.4467874871570176,1.41166491292144,4.9029568663893786,4.936721193367255,-1.545186561620504,57.49893058773659,0.001918362702488322
1.931,0.4462622384729372,0.45050339500923287,1.3931140184078943,4.901446480618615,4.976521075905498,-1.510385770763456,39.79988253823839,0.004241156536295616
1.932,0.44763675958452076,0.44758370206476006,1.3745211115835188,4.899970520736877,4.899032944296755,-1.475959881737765,-77.48813160875177,-5.305751976070278e-05
1.933,0.4489926465403962,0.46742682766422217,1.3558869558754711,4.898528607327888,5.231991797661765,-1.4419134089891372,332.95885336497304,0.018434181123825923
1.934,0.4503298588562012,0.45475407009573443,1.337212315804951,4.897120356526861,4.976161724723369,-1.4082508010275774,-255.8300729384244,0.0044242112395332656
1.935,0.45164835681315746,0.45249443948408363,1.318497956956251,4.895745380087037,4.910845471193161,-1.3749764398234277,-65.31625353020034,0.0008460826709261592
1.936,0.45294810145910325,0.45087163785523177,1.29974464594579,4.894403285446835,4.8573577491496716,-1.342094640202518,-53.487722043495395,-0.002076463603871498
1.937,0.45422905460949436,0.4479766949509228,1.2809531503911247,4.893093675797581,4.781746480087842,-1.3096096492537512,-75.61126906182068,-0.006252359658571578
1.938,0.4554911788483743,0.4689339155267749,1.2621242388799447,4.891816150151816,5.137111411732201,-1.2775256457651096,355.3649316443979,0.013442736678400541
1.939,0.45673443752931336,0.45823454855741663,1.2432586809390516,4.890570303412165,4.917663454460347,-1.24584673965078,-219.44795727182984,0.001500111028103242
1.94,0.4579587947763167,0.4471707645003911,1.2243572470033206,4.889355726440763,4.696610937284311,-1.2145769714022592,-221.05251717605992,-0.010788030275925576
1.941,0.4591642154847013,0.4535402525274208,1.2054207083846507,4.888172006129216,4.786850329170447,-1.1837203115465655,90.2393918861254,-0.005623962957280538
1.942,0.46035066532194224,0.45898469133261455,1.1864498372408991,4.887018725469101,4.8622304602807995,-1.153280660115108,75.3801311103611,-0.0013659739893276868
1.943,0.46151811072848703,0.45706347210099996,1.167445406544807,4.885895463622967,4.80512362787705,-1.1232618461338717,-57.1068324037432,-0.004454638627487055
1.944,0.46266651891853994,0.47351027188727635,1.1484081900529124,4.884801795995866,5.085187726945863,-1.0936676271011692,280.06409906884386,0.010843752968736416
1.945,0.4637958578808144,0.4521793150587956,1.129338962274455,4.8837372943073465,4.673702937466042,-1.0645016885195702,-411.48478947977475,-0.01161654282201879
1.946,0.4649060963792547,0.46982562046856613,1.110238498440273,4.88270152666395,4.973470999202067,-1.0357676433967455,299.7680617360576,0.004919524089311452
1.947,0.46599720395372635,0.4674321787403203,1.091107574471693,4.881694057632177,4.908133694065168,-1.0074690317729562,-65.33730513689108,0.0014349747865939322
1.948,0.46706915092067575,0.4552917668386133,1.0719469669494146,4.880714448311895,4.666287446963765,-0.9796093202814049,-241.84624710142975,-0.01177738408206246
1.949,0.4681219083737581,0.4685963602275458,1.0527574530823909,4.879762256410203,4.888534907953311,-0.9521919016926006,222.24746098952065,0.00047445185378770154
1.95,0.46915544818443483,0.46821131056911397,1.0335398106767053,4.878837036315728,4.861367773038767,-0.9252200944747102,-27.167134914546914,-0.00094413761532086
1.951,0.4701697430025393,0.47518360943867194,1.014294818104447,4.877938339173331,4.971499730260552,-0.898697142397431,110.13195722177305,0.005013866436132654
1.952,0.47116476625681186,0.4666633663842577,0.9950232542725863,4.877065712959232,4.793735864550627,-0.8726262140985597,-177.76386570994433,-0.0045013998725541415
1.953,0.4721404921554037,0.47517281849252585,0.9757258985918497,4.8762187025565344,4.9329208254121895,-0.8470104026976344,139.1849608615465,0.0030323263371221133
1.954,0.47309689568634933,0.4564430546490394,0.9564035309455975,4.875396849831112,4.569825793232324,-0.821852725422012,-363.0950321799054,-0.016653841037309942
1.955,0.474033952618008,0.46319717549916584,0.9370569316587047,4.874599693707885,4.674117139534428,-0.7971561232276159,104.29134630209256,-0.010836777118842164
1.956,0.47495163949947444,0.48280122661219366,0.9176868814664457,4.873826770247446,5.022225442365971,-0.7729234604392232,348.10830283158117,0.007849587112719216
1.957,0.47584993366095785,0.48626645778012456,0.8982941614833847,4.873077612723035,5.07090215911343,-0.7491575244102933,48.67671674745365,0.010416524119166739
1.958,0.47672881321413013,0.4766000111205735,0.8788795531722733,4.872351751697842,4.869927959475761,-0.7258610251934527,-200.97419963769164,-0.00012880209355664221
1.959,0.47758825705244307,0.47159776123115926,0.8594438383129556,4.8716487151026255,4.759409701073324,-0.7030365952163109,-110.51825840242475,-0.00599049582128378
1.96,0.47842824485141433,0.4892548712456255,0.839987798971283,4.870968028313659,5.077770657129198,-0.6806867889661561,318.36095605590975,0.010826626394211168
1.961,0.47924875706888237,0.4583307945943075,0.8205122174680392,4.870309214230945,4.483178839839538,-0.6588140827146205,-594.5918172895937,-0.02091796247457491
1.962,0.48004977494523027,0.4720539968660784,0.8010178763478769,4.869671793356726,4.719400937962858,-0.637420874218364,236.22209812334586,-0.007995778079151862
1.963,0.48083128050357854,0.48755288456148976,0.7815055583482678,4.8690552838742605,4.997539667880184,-0.6165094824659434,278.13872991729477,0.006721604057911234
1.964,0.481593256549947,0.48811911476972225,0.7619760463684658,4.8684592017268615,4.993372970431591,-0.5960821473989242,-4.16669744859323,0.006525858219775246
1.965,0.4823356866733855,0.4720128690604757,0.7424301234384867,4.867883060697162,4.673420940815886,-0.5761410296996061,-319.9520296156694,-0.010322817612909832
1.966,0.4830585552460736,0.4641850392972358,0.7228685726881033,4.867326372486629,4.51443240803876,-0.5566882105325632,-158.98853277714295,-0.018873515948837783
1.967,0.48376184742338946,0.4982816970502705,0.7032921773158596,4.866788646795286,5.14825248446898,-0.5377256913430273,633.8200764301486,0.014519849626881026
1.968,0.48444554914394755,0.4859753468880879,0.6837017205581024,4.866269391401635,4.895573188381681,-0.5192553936517186,-252.67929608732706,0.001529797744140346
1.969,0.4851096471296056,0.4761473114990669,0.6640979856580347,4.865768112242788,4.6957127066361535,-0.5012791588470122,-199.8604817455048,-0.008962335630538689
1.97,0.4857541288854404,0.48630003240689246,0.6444817558347891,4.86528431349475,4.875758881015888,-0.48379874803750056,180.0461743797544,0.0005459035214520603
1.971,0.48637898269969293,0.49539676854214915,0.6248538142525244,4.864817497652898,5.03957746692582,-0.46681584185215286,163.81858590991382,0.009017785842456232
1.972,0.4869841976436825,0.46106661828202233,0.6052149439895466,4.864367165612591,4.3793514684534065,-0.45033204030708873,-660.2259984724864,-0.025917579361660163
1.973,0.48756976357168996,0.4986729775607004,0.5855659280074537,4.863932816749925,5.080086316072557,-0.43434886266613404,700.7348476190722,0.011103213989010432
1.974,0.48813567112081024,0.4955362201157552,0.5659075491203075,4.86351394900262,5.007209704704482,-0.4188677473049296,-72.87661136808325,0.007400548994944977
1.975,0.4886819117107741,0.46787145334485797,0.5462405899638326,4.863110058951024,4.470175170852279,-0.403890051595468,-537.0345338521425,-0.020810458365916103
1.976,0.4892084775437387,0.49691725775901185,0.5265658329646443,4.862720641899201,5.012774683606962,-0.38941705182349295,542.5995127547429,0.0077087802152731345
1.977,0.4897153616040482,0.4719146791325494,0.5068840603095054,4.862345191956123,4.524455909678654,-0.37544994307747714,-488.3187739282539,-0.01780068247149881
1.978,0.49020255765796283,0.5015963886842866,0.48719605391461523,4.8619832021169405,5.08504395210975,-0.36198983918289684,560.5880424311578,0.011393831026323768
1.979,0.49067006025335774,0.4946554673655922,0.46750259539492983,4.8616341643442915,4.939148524608789,-0.3490377726489413,-145.89542750094486,0.003985407112234444
1.98,0.4911178647193913,0.5136419871057277,0.4478044660335161,4.861297569649692,5.308022194408806,-0.33659469459923486,368.87366980005766,0.022524122386336446
1.981,0.49154596716614224,0.4854389423802654,0.42810244675094017,4.8609729081749355,4.743199490148373,-0.3246614747567378,-564.8227042603694,-0.006107024785876799
1.982,0.4919543644842169,0.4920014504737342,0.40839731807469176,4.860659669273531,4.861574197342057,-0.3132389014046666,118.37470719369729,4.708598951732447e-05
1.983,0.49234305434432557,0.5028159325496828,0.3886898601086453,4.8603573415921515,5.06608290637627,-0.3023276813793885,204.50870903418948,0.010472878205357264
1.984,0.4927120351968281,0.4863127644784183,0.36898085250255913,4.860065413152069,4.736398387009255,-0.2919284400828559,-329.6845193670509,-0.006399270718409815
1.985,0.4930613062712497,0.4860117273210653,0.3492710744216141,4.859783371430589,4.723542313042053,-0.282041721479942,-12.856073967200903,-0.007049578950184433
1.986,0.4933908675757657,0.4896726609953515,0.3295613045159926,4.859510703442447,4.787359290490122,-0.27266798814196136,63.81697744807627,-0.003718206580414206
1.987,0.4937007198966562,0.4929720860868586,0.3098523208904991,4.859246895821169,4.84505592134173,-0.26380762127775625,57.696630851601796,-0.0007286338097975754
1.988,0.4939908647977304,0.4831693857866978,0.29014490107422364,4.858991434900377,4.650262741413299,-0.2554609207923164,-194.7931799284525,-0.010821479011032595
1.989,0.4942613046197207,0.49910321214692177,0.2704398219902492,4.858743806795024,4.9536850413539355,-0.24762810535250424,303.4222999406022,0.004841907527201107
1.99,0.4945120424796461,0.499944845206594,0.25073785992540415,4.858503497482561,4.965148285808867,-0.24030931246343812,11.463244454933117,0.00543280272694789
1.991,0.49474308227014613,0.4954581368799007,0.23103979050006115,4.858269992884001,4.872246299138718,-0.23350459855997485,-92.90198667013908,0.0007150546097545809
1.992,0.4949544286587841,0.5119545446823903,0.21134638863798333,4.858042778944884,5.195930054964773,-0.22721393911684373,323.68375582609065,0.017000116023606234
1.993,0.49514608708732033,0.49186949519372136,0.19165842853621912,4.857821341716128,4.793983807658609,-0.22143722875611616,-401.9462473061187,-0.0032765918935989836
1.994,0.4953180637709554,0.508383747577971,0.171976683635047,4.8576051674347385,5.11646614856789,-0.21617428138931416,322.4823409093167,0.013065683807015612
1.995,0.4954703656975434,0.49000393233110795,0.15230192658797095,4.857393742604393,4.751058040812269,-0.21142483034530812,-365.40810775558083,-0.00546643336643541
1.996,0.49560300062677515,0.5031608575955859,0.13263492923176806,4.857186554075854,5.006188255688586,-0.20718852853907066,255.13021487634515,0.007557856968810805
1.997,0.49571597708933174,0.47636769826424646,0.11297646255658939,4.85698308912723,4.485725168208201,-0.2034649486244433,-520.4630874803269,-0.019348278825085292
1.998,0.49580930438600784,0.4977893602012744,0.09332729667611506,4.856782835544041,4.895617376222169,-0.2002535831886476,409.89220801401314,0.001980055815266537
1.999,0.4958829925868056,0.49412941220542744,0.07368820079776499,4.856585281699114,4.822316705909612,-0.19755384492725625,-73.30067031254806,-0.001753580381378204
2.0,0.4959370525299986,0.4909867501563949,0.054059943192966156,4.856389916632241,4.759952605748658,-0.19536506687245492,-62.3641001609616,-0.004950302373603659
